entity,month,n_transfers,tier,token,volume_usd
Binance,2023-02-01 00:00:00.000 UTC,68265,2,USDC,25229471699.360023
Binance,2023-02-01 00:00:00.000 UTC,438930,2,USDT,23686692648.775696
Binance,2023-03-01 00:00:00.000 UTC,89268,2,USDC,45415830529.11683
Binance,2023-03-01 00:00:00.000 UTC,439963,2,USDT,46268271690.36923
Binance,2023-04-01 00:00:00.000 UTC,344565,2,USDT,21589717339.06053
Binance,2023-04-01 00:00:00.000 UTC,64191,2,USDC,12205910299.788733
Binance,2023-05-01 00:00:00.000 UTC,60439,2,USDC,8245459379.005831
Binance,2023-05-01 00:00:00.000 UTC,305932,2,USDT,20694072741.94688
Binance,2023-06-01 00:00:00.000 UTC,98173,2,USDC,12825588814.517197
Binance,2023-06-01 00:00:00.000 UTC,347782,2,USDT,31468172133.838158
Binance,2023-07-01 00:00:00.000 UTC,77837,2,USDC,9674743194.64706
Binance,2023-07-01 00:00:00.000 UTC,316560,2,USDT,18680744963.323578
Binance,2023-08-01 00:00:00.000 UTC,66338,2,USDC,12269735143.033056
Binance,2023-08-01 00:00:00.000 UTC,331724,2,USDT,26926291411.41497
Binance,2023-09-01 00:00:00.000 UTC,59830,2,USDC,10200023371.683989
Binance,2023-09-01 00:00:00.000 UTC,322580,2,USDT,17045741065.842413
Binance,2023-10-01 00:00:00.000 UTC,70590,2,USDC,15005620496.172855
Binance,2023-10-01 00:00:00.000 UTC,362998,2,USDT,20469951177.57581
Binance,2023-11-01 00:00:00.000 UTC,312454,2,USDT,26863096757.706448
Binance,2023-11-01 00:00:00.000 UTC,75138,2,USDC,18821397127.160107
Binance,2023-12-01 00:00:00.000 UTC,83726,2,USDC,21729357178.62216
Binance,2023-12-01 00:00:00.000 UTC,285947,2,USDT,34515455655.85531
Binance,2024-01-01 00:00:00.000 UTC,288837,2,USDT,34143585952.96245
Binance,2024-01-01 00:00:00.000 UTC,83015,2,USDC,28658525614.9402
Binance,2024-02-01 00:00:00.000 UTC,84273,2,USDC,23039230212.88925
Binance,2024-02-01 00:00:00.000 UTC,281111,2,USDT,39543140832.2339
Binance,2024-03-01 00:00:00.000 UTC,310104,2,USDT,59523691057.36199
Binance,2024-03-01 00:00:00.000 UTC,100431,2,USDC,42402103832.95095
Binance,2024-04-01 00:00:00.000 UTC,88478,2,USDC,42411474803.836
Binance,2024-04-01 00:00:00.000 UTC,274466,2,USDT,49892519289.89641
Binance,2024-05-01 00:00:00.000 UTC,257979,2,USDT,39989819629.555016
Binance,2024-05-01 00:00:00.000 UTC,79223,2,USDC,28255269599.838596
Binance,2024-06-01 00:00:00.000 UTC,69210,2,USDC,26716434002.52069
Binance,2024-06-01 00:00:00.000 UTC,255245,2,USDT,37398880877.58625
Binance,2024-07-01 00:00:00.000 UTC,228679,2,USDT,41112074728.39584
Binance,2024-07-01 00:00:00.000 UTC,96265,2,USDC,35309209761.95664
Binance,2024-08-01 00:00:00.000 UTC,102005,2,USDC,32716058549.42001
Binance,2024-08-01 00:00:00.000 UTC,232222,2,USDT,48044919972.50834
Binance,2024-09-01 00:00:00.000 UTC,96287,2,USDC,26224192323.696342
Binance,2024-09-01 00:00:00.000 UTC,214979,2,USDT,35968349093.25738
Binance,2024-10-01 00:00:00.000 UTC,222378,2,USDT,52946164315.86254
Binance,2024-10-01 00:00:00.000 UTC,106509,2,USDC,35876692061.33627
Binance,2024-11-01 00:00:00.000 UTC,265689,2,USDT,110269795916.37737
Binance,2024-11-01 00:00:00.000 UTC,135893,2,USDC,55144544252.47096
Binance,2024-12-01 00:00:00.000 UTC,282054,2,USDT,93529320674.41318
Binance,2024-12-01 00:00:00.000 UTC,160358,2,USDC,59442902055.80893
Binance,2025-01-01 00:00:00.000 UTC,172577,2,USDC,61869092362.760254
Binance,2025-01-01 00:00:00.000 UTC,244665,2,USDT,67445188750.2651
Binance,2025-02-01 00:00:00.000 UTC,226738,2,USDT,63293591451.53463
Binance,2025-02-01 00:00:00.000 UTC,167126,2,USDC,64993086904.58447
Binance,2025-03-01 00:00:00.000 UTC,241929,2,USDT,53117075813.96453
Binance,2025-03-01 00:00:00.000 UTC,191970,2,USDC,55116151472.7567
Binance,2025-04-01 00:00:00.000 UTC,245179,2,USDT,52478568519.68012
Binance,2025-04-01 00:00:00.000 UTC,261733,2,USDC,53417908122.20589
Binance,2025-05-01 00:00:00.000 UTC,254635,2,USDT,49397100336.80168
Binance,2025-05-01 00:00:00.000 UTC,283223,2,USDC,62645396329.50559
Binance,2025-06-01 00:00:00.000 UTC,278343,2,USDC,50285526773.96073
Binance,2025-06-01 00:00:00.000 UTC,248699,2,USDT,42551006586.16159
Binance,2025-07-01 00:00:00.000 UTC,319970,2,USDC,78396217614.66957
Binance,2025-07-01 00:00:00.000 UTC,298745,2,USDT,70788380908.22852
Binance,2025-08-01 00:00:00.000 UTC,55233,2,USDC,15527911873.196602
Binance,2025-08-01 00:00:00.000 UTC,329761,2,USDT,91286368940.8472
Binance,2025-09-01 00:00:00.000 UTC,354195,2,USDT,108157309397.97913
Binance,2025-09-01 00:00:00.000 UTC,8,2,USDC,20315.844202
Binance,2025-10-01 00:00:00.000 UTC,377139,2,USDT,100761863465.73866
Binance,2025-10-01 00:00:00.000 UTC,217,2,USDC,1078.346511
Binance,2025-11-01 00:00:00.000 UTC,102,2,USDC,10511.144153
Binance,2025-11-01 00:00:00.000 UTC,370107,2,USDT,73424090843.15356
Binance,2025-12-01 00:00:00.000 UTC,3,2,USDC,1381.749939
Binance,2025-12-01 00:00:00.000 UTC,386703,2,USDT,53005205865.42644
Binance,2026-01-01 00:00:00.000 UTC,480669,2,USDT,68633383432.03352
Binance,2026-01-01 00:00:00.000 UTC,10,2,USDC,2588.541096
Tether,2023-02-01 00:00:00.000 UTC,20,2,USDT,5074623786.511197
Tether,2023-03-01 00:00:00.000 UTC,187,2,USDT,15004948157.19
Tether,2023-04-01 00:00:00.000 UTC,21,2,USDT,2774737682.507197
Tether,2023-05-01 00:00:00.000 UTC,21,2,USDT,812002497.5
Tether,2023-06-01 00:00:00.000 UTC,53,2,USDT,8547189554.690403
Tether,2023-07-01 00:00:00.000 UTC,30,2,USDT,813253947.747961
Tether,2023-08-01 00:00:00.000 UTC,18,2,USDT,784895339.454556
Tether,2023-09-01 00:00:00.000 UTC,34,2,USDT,415761278.503086
Tether,2023-10-01 00:00:00.000 UTC,35,2,USDT,705753317.738998
Tether,2023-11-01 00:00:00.000 UTC,86,2,USDT,6048696023.03626
Tether,2023-12-01 00:00:00.000 UTC,58,2,USDT,3169797414.796059
Tether,2024-01-01 00:00:00.000 UTC,112,2,USDT,7001473477.09849
Tether,2024-02-01 00:00:00.000 UTC,53,2,USDT,3389676601.36
Tether,2024-03-01 00:00:00.000 UTC,111,2,USDT,12545171729.865412
Tether,2024-04-01 00:00:00.000 UTC,114,2,USDT,7558535892.76057
Tether,2024-05-01 00:00:00.000 UTC,90,2,USDT,4439407635.092111
Tether,2024-06-01 00:00:00.000 UTC,62,2,USDT,1211206081.314573
Tether,2024-07-01 00:00:00.000 UTC,82,2,USDT,2160556188.379008
Tether,2024-08-01 00:00:00.000 UTC,150,2,USDT,8231354355.256742
Tether,2024-09-01 00:00:00.000 UTC,85,2,USDT,3274390455.990197
Tether,2024-10-01 00:00:00.000 UTC,77,2,USDT,1161262367.087797
Tether,2024-11-01 00:00:00.000 UTC,257,2,USDT,48875663491.20764
Tether,2024-12-01 00:00:00.000 UTC,147,2,USDT,20620136040.37519
Tether,2025-01-01 00:00:00.000 UTC,101,2,USDT,3886035023.831083
Tether,2025-02-01 00:00:00.000 UTC,214,2,USDT,11146582999.946848
Tether,2025-03-01 00:00:00.000 UTC,225,2,USDT,8453136575.473974
Tether,2025-04-01 00:00:00.000 UTC,220,2,USDT,19015248902.04391
Tether,2025-05-01 00:00:00.000 UTC,195,2,USDT,9723552594.732727
Tether,2025-06-01 00:00:00.000 UTC,214,2,USDT,11946960405.33934
Tether,2025-07-01 00:00:00.000 UTC,217,2,USDT,23341707673.45388
Tether,2025-08-01 00:00:00.000 UTC,235,2,USDT,26617697811.94302
Tether,2025-09-01 00:00:00.000 UTC,291,2,USDT,36095723149.709045
Tether,2025-10-01 00:00:00.000 UTC,364,2,USDT,29123823491.10076
Tether,2025-11-01 00:00:00.000 UTC,303,2,USDT,9269528399.71288
Tether,2025-12-01 00:00:00.000 UTC,324,2,USDT,8487391953.708074
Tether,2026-01-01 00:00:00.000 UTC,218,2,USDT,15306028770.00312
Bybit,2023-02-01 00:00:00.000 UTC,61162,2,USDT,857604650.90004
Bybit,2023-02-01 00:00:00.000 UTC,11369,2,USDC,269884075.358536
Bybit,2023-03-01 00:00:00.000 UTC,68438,2,USDT,1523970101.803893
Bybit,2023-03-01 00:00:00.000 UTC,16537,2,USDC,984278055.331794
Bybit,2023-04-01 00:00:00.000 UTC,65497,2,USDT,1128482774.270715
Bybit,2023-04-01 00:00:00.000 UTC,15526,2,USDC,610097144.62654
Bybit,2023-05-01 00:00:00.000 UTC,46847,2,USDT,1042662048.315037
Robinhood,2023-05-01 00:00:00.000 UTC,2,2,USDC,40.0
Bybit,2023-05-01 00:00:00.000 UTC,17165,2,USDC,768370543.177857
Bybit,2023-06-01 00:00:00.000 UTC,57705,2,USDT,1035198712.085588
Bybit,2023-06-01 00:00:00.000 UTC,7830,2,USDC,1156597415.282574
Bybit,2023-07-01 00:00:00.000 UTC,43657,2,USDT,1085531990.535601
Bybit,2023-07-01 00:00:00.000 UTC,8372,2,USDC,1095409697.897389
Bybit,2023-08-01 00:00:00.000 UTC,10916,2,USDC,1120340393.525322
Bybit,2023-08-01 00:00:00.000 UTC,67265,2,USDT,1107379552.919343
Bybit,2023-09-01 00:00:00.000 UTC,50884,2,USDT,903574282.528471
Bybit,2023-09-01 00:00:00.000 UTC,6870,2,USDC,733397683.877599
Bybit,2023-10-01 00:00:00.000 UTC,18876,2,USDC,1291407349.669582
Bybit,2023-10-01 00:00:00.000 UTC,108867,2,USDT,1186099721.117274
Bybit,2023-11-01 00:00:00.000 UTC,16108,2,USDC,1596763942.901222
Bybit,2023-11-01 00:00:00.000 UTC,88001,2,USDT,1762596281.13322
Bybit,2023-12-01 00:00:00.000 UTC,29511,2,USDC,1774425589.906786
Bybit,2023-12-01 00:00:00.000 UTC,105098,2,USDT,2239137961.239243
Bybit,2024-01-01 00:00:00.000 UTC,27391,2,USDC,1973882602.782662
Bybit,2024-01-01 00:00:00.000 UTC,107763,2,USDT,2199276957.575619
Bybit,2024-02-01 00:00:00.000 UTC,21415,2,USDC,2373236223.550383
Bybit,2024-02-01 00:00:00.000 UTC,79470,2,USDT,2500620940.909357
Bybit,2024-03-01 00:00:00.000 UTC,20286,2,USDC,3408378261.05402
Bybit,2024-03-01 00:00:00.000 UTC,112101,2,USDT,4261531867.174351
Bybit,2024-04-01 00:00:00.000 UTC,95884,2,USDT,4286750021.950795
Bybit,2024-04-01 00:00:00.000 UTC,30948,2,USDC,3218863112.693654
Bybit,2024-05-01 00:00:00.000 UTC,38881,2,USDC,2731563855.314698
Bybit,2024-05-01 00:00:00.000 UTC,75038,2,USDT,3949943506.926933
Bybit,2024-06-01 00:00:00.000 UTC,89707,2,USDT,4319986252.303772
Bybit,2024-06-01 00:00:00.000 UTC,27610,2,USDC,2946772804.852776
Bybit,2024-07-01 00:00:00.000 UTC,80859,2,USDT,4372022591.892986
Bybit,2024-07-01 00:00:00.000 UTC,28362,2,USDC,3286423905.227957
Bybit,2024-08-01 00:00:00.000 UTC,82219,2,USDT,4758536405.085065
Bybit,2024-08-01 00:00:00.000 UTC,25162,2,USDC,3569168404.123567
Bybit,2024-09-01 00:00:00.000 UTC,78519,2,USDT,3596748238.151432
Bybit,2024-09-01 00:00:00.000 UTC,22594,2,USDC,2627283369.850583
Robinhood,2024-09-01 00:00:00.000 UTC,1,2,USDT,10.0
Bybit,2024-10-01 00:00:00.000 UTC,25409,2,USDC,2870186382.443239
Bybit,2024-10-01 00:00:00.000 UTC,128993,2,USDT,5241840607.736038
Bybit,2024-11-01 00:00:00.000 UTC,102498,2,USDT,8624766686.797592
Bybit,2024-11-01 00:00:00.000 UTC,32351,2,USDC,4001298770.986206
Bybit,2024-12-01 00:00:00.000 UTC,178763,2,USDT,10914941103.408636
Bybit,2024-12-01 00:00:00.000 UTC,40199,2,USDC,3543801067.678386
Bybit,2025-01-01 00:00:00.000 UTC,41014,2,USDC,3754086186.813643
Bybit,2025-01-01 00:00:00.000 UTC,142474,2,USDT,7658250302.659546
Bybit,2025-02-01 00:00:00.000 UTC,39475,2,USDC,3863137482.113899
Bybit,2025-02-01 00:00:00.000 UTC,134173,2,USDT,12621753426.29479
Bybit,2025-03-01 00:00:00.000 UTC,42944,2,USDC,2541337566.032423
Bybit,2025-03-01 00:00:00.000 UTC,129037,2,USDT,4680593564.664096
Bybit,2025-04-01 00:00:00.000 UTC,125639,2,USDT,4820728648.921096
Bybit,2025-04-01 00:00:00.000 UTC,50626,2,USDC,2731773934.874154
Bybit,2025-05-01 00:00:00.000 UTC,56340,2,USDC,4071824833.29241
Bybit,2025-05-01 00:00:00.000 UTC,131659,2,USDT,4055647887.183881
Bybit,2025-06-01 00:00:00.000 UTC,55748,2,USDC,2823333541.085235
Bybit,2025-06-01 00:00:00.000 UTC,126759,2,USDT,3944028458.565863
Bybit,2025-07-01 00:00:00.000 UTC,17272,2,USDC,2362554019.372259
Bybit,2025-07-01 00:00:00.000 UTC,45225,2,USDT,3898428710.798625
Bybit,2025-08-01 00:00:00.000 UTC,679,2,USDT,1920611488.190826
Bybit,2025-08-01 00:00:00.000 UTC,527,2,USDC,3585077187.91978
Bybit,2025-09-01 00:00:00.000 UTC,313,2,USDC,2185613758.378274
Bybit,2025-09-01 00:00:00.000 UTC,664,2,USDT,1332741006.215108
Bybit,2025-10-01 00:00:00.000 UTC,663,2,USDT,1902952434.633118
Bybit,2025-10-01 00:00:00.000 UTC,353,2,USDC,1824795954.026734
Bybit,2025-11-01 00:00:00.000 UTC,310,2,USDC,585555967.375574
Bybit,2025-11-01 00:00:00.000 UTC,502,2,USDT,1398599474.851498
Bybit,2025-12-01 00:00:00.000 UTC,1651,2,USDC,878427880.630371
Bybit,2025-12-01 00:00:00.000 UTC,470,2,USDT,4849849520.552448
Bybit,2026-01-01 00:00:00.000 UTC,2384,2,USDC,785424936.146416
Bybit,2026-01-01 00:00:00.000 UTC,278,2,USDT,459408381.688807
Circle,2023-02-01 00:00:00.000 UTC,21,1,USDT,473214.458724
BitGo,2023-02-01 00:00:00.000 UTC,3561,1,USDC,343831804.98284
Coinbase,2023-02-01 00:00:00.000 UTC,178358,1,USDT,5380252698.676892
Gemini,2023-02-01 00:00:00.000 UTC,2,1,USDT,0.0
Circle,2023-02-01 00:00:00.000 UTC,24028,1,USDC,66413040632.14584
Coinbase,2023-02-01 00:00:00.000 UTC,86606,1,USDC,37537996970.563965
BitGo,2023-03-01 00:00:00.000 UTC,4570,1,USDC,823508538.634542
Coinbase,2023-03-01 00:00:00.000 UTC,231782,1,USDT,11647029429.225224
Coinbase,2023-03-01 00:00:00.000 UTC,117343,1,USDC,56412362519.31514
Circle,2023-03-01 00:00:00.000 UTC,26482,1,USDC,53977364369.04234
Circle,2023-03-01 00:00:00.000 UTC,30,1,USDT,7383998.121222
Coinbase,2023-04-01 00:00:00.000 UTC,165412,1,USDT,6213312226.296123
Circle,2023-04-01 00:00:00.000 UTC,19477,1,USDC,16241082495.60168
Circle,2023-04-01 00:00:00.000 UTC,29,1,USDT,846500.059982
BitGo,2023-04-01 00:00:00.000 UTC,3504,1,USDC,196546025.328078
Coinbase,2023-04-01 00:00:00.000 UTC,107147,1,USDC,13976577252.602776
Circle,2023-05-01 00:00:00.000 UTC,30,1,USDT,495752.59401
Coinbase,2023-05-01 00:00:00.000 UTC,169153,1,USDT,3855862392.125507
Coinbase,2023-05-01 00:00:00.000 UTC,97284,1,USDC,14367197446.570868
BitGo,2023-05-01 00:00:00.000 UTC,3358,1,USDC,191837495.031398
Circle,2023-05-01 00:00:00.000 UTC,20342,1,USDC,19645759874.26028
Coinbase,2023-06-01 00:00:00.000 UTC,179655,1,USDT,4695363533.737308
Circle,2023-06-01 00:00:00.000 UTC,21597,1,USDC,19161377917.72825
Coinbase,2023-06-01 00:00:00.000 UTC,93278,1,USDC,16342301817.82578
Circle,2023-06-01 00:00:00.000 UTC,28,1,USDT,548025.394843
BitGo,2023-06-01 00:00:00.000 UTC,2979,1,USDC,193521957.255024
BitGo,2023-07-01 00:00:00.000 UTC,3073,1,USDC,303750968.340458
Coinbase,2023-07-01 00:00:00.000 UTC,117229,1,USDC,18490634533.58472
Circle,2023-07-01 00:00:00.000 UTC,18,1,USDT,1835502.64593
Circle,2023-07-01 00:00:00.000 UTC,20487,1,USDC,22302814280.310555
Coinbase,2023-07-01 00:00:00.000 UTC,185703,1,USDT,3599044076.054916
Circle,2023-08-01 00:00:00.000 UTC,32,1,USDT,510780.505741
Circle,2023-08-01 00:00:00.000 UTC,24249,1,USDC,24731817812.16795
Coinbase,2023-08-01 00:00:00.000 UTC,97826,1,USDC,18190672759.715847
Coinbase,2023-08-01 00:00:00.000 UTC,196856,1,USDT,5322524966.655012
BitGo,2023-08-01 00:00:00.000 UTC,2354,1,USDC,323056828.211819
Coinbase,2023-09-01 00:00:00.000 UTC,203673,1,USDT,3339808390.419411
Circle,2023-09-01 00:00:00.000 UTC,21863,1,USDC,17002711073.193268
Circle,2023-09-01 00:00:00.000 UTC,23,1,USDT,1360167.449925
BitGo,2023-09-01 00:00:00.000 UTC,1665,1,USDC,236270997.35991
Coinbase,2023-09-01 00:00:00.000 UTC,96539,1,USDC,12218439471.00851
Circle,2023-10-01 00:00:00.000 UTC,67,1,USDT,691020.684298
Coinbase,2023-10-01 00:00:00.000 UTC,125735,1,USDC,13751105452.19638
Circle,2023-10-01 00:00:00.000 UTC,32632,1,USDC,20475646830.82679
Coinbase,2023-10-01 00:00:00.000 UTC,224097,1,USDT,5041605864.580731
Coinbase,2023-11-01 00:00:00.000 UTC,267021,1,USDT,9965063988.830511
Circle,2023-11-01 00:00:00.000 UTC,33169,1,USDC,24982677416.11612
Circle,2023-11-01 00:00:00.000 UTC,51,1,USDT,1828642.784434
Coinbase,2023-11-01 00:00:00.000 UTC,139268,1,USDC,17695858572.636642
Circle,2023-12-01 00:00:00.000 UTC,41,1,USDT,1630715.483016
Coinbase,2023-12-01 00:00:00.000 UTC,149877,1,USDC,16970238080.166248
Circle,2023-12-01 00:00:00.000 UTC,29526,1,USDC,25958326567.765705
Coinbase,2023-12-01 00:00:00.000 UTC,297087,1,USDT,9565454017.896269
Circle,2024-01-01 00:00:00.000 UTC,45,1,USDT,503393.695201
Coinbase,2024-01-01 00:00:00.000 UTC,295600,1,USDT,11748097637.507404
Coinbase,2024-01-01 00:00:00.000 UTC,140502,1,USDC,23304094437.9274
Circle,2024-01-01 00:00:00.000 UTC,30130,1,USDC,34391473224.19478
Circle,2024-02-01 00:00:00.000 UTC,26336,1,USDC,24035150201.79008
Coinbase,2024-02-01 00:00:00.000 UTC,137117,1,USDC,24808355339.337383
Circle,2024-02-01 00:00:00.000 UTC,49,1,USDT,1112202.214325
Coinbase,2024-02-01 00:00:00.000 UTC,264127,1,USDT,11031383802.49792
Coinbase,2024-03-01 00:00:00.000 UTC,178358,1,USDC,46343794041.620094
Coinbase,2024-03-01 00:00:00.000 UTC,314610,1,USDT,16984000100.34278
Circle,2024-03-01 00:00:00.000 UTC,79,1,USDT,3907209.913653
Circle,2024-03-01 00:00:00.000 UTC,39365,1,USDC,43595654414.9057
Coinbase,2024-04-01 00:00:00.000 UTC,287606,1,USDT,12931506744.995687
Coinbase,2024-04-01 00:00:00.000 UTC,162387,1,USDC,48158898850.10655
Circle,2024-04-01 00:00:00.000 UTC,45,1,USDT,2722364.863373
Circle,2024-04-01 00:00:00.000 UTC,33786,1,USDC,48542619303.06074
Circle,2024-05-01 00:00:00.000 UTC,60,1,USDT,442569.693568
Circle,2024-05-01 00:00:00.000 UTC,31942,1,USDC,33280770545.71091
Gemini,2024-05-01 00:00:00.000 UTC,1,1,USDC,21.337626
Coinbase,2024-05-01 00:00:00.000 UTC,299003,1,USDT,7937491575.827888
Coinbase,2024-05-01 00:00:00.000 UTC,166234,1,USDC,27870138963.345425
Circle,2024-06-01 00:00:00.000 UTC,26601,1,USDC,30739167351.9956
Coinbase,2024-06-01 00:00:00.000 UTC,163380,1,USDC,28209481188.46145
Coinbase,2024-06-01 00:00:00.000 UTC,295282,1,USDT,5718298651.534214
Circle,2024-06-01 00:00:00.000 UTC,36,1,USDT,317455.003655
Circle,2024-07-01 00:00:00.000 UTC,30918,1,USDC,36566657917.84529
Coinbase,2024-07-01 00:00:00.000 UTC,269162,1,USDT,8333011683.556617
Circle,2024-07-01 00:00:00.000 UTC,47,1,USDT,327420.347086
Coinbase,2024-07-01 00:00:00.000 UTC,166302,1,USDC,31031524084.060905
Coinbase,2024-08-01 00:00:00.000 UTC,190354,1,USDC,30749847806.88566
Circle,2024-08-01 00:00:00.000 UTC,38,1,USDT,152956.937188
Circle,2024-08-01 00:00:00.000 UTC,31780,1,USDC,34649747053.7976
Coinbase,2024-08-01 00:00:00.000 UTC,291911,1,USDT,13024973918.738115
Coinbase,2024-09-01 00:00:00.000 UTC,298071,1,USDT,7916767632.098247
Coinbase,2024-09-01 00:00:00.000 UTC,195835,1,USDC,28095704534.193504
Circle,2024-09-01 00:00:00.000 UTC,28,1,USDT,80999.588604
Circle,2024-09-01 00:00:00.000 UTC,22885,1,USDC,28223315305.416134
Coinbase,2024-10-01 00:00:00.000 UTC,188434,1,USDC,37260248774.93623
Circle,2024-10-01 00:00:00.000 UTC,20164,1,USDC,27537733701.921474
Circle,2024-10-01 00:00:00.000 UTC,17,1,USDT,65503.757232
Coinbase,2024-10-01 00:00:00.000 UTC,317834,1,USDT,12626279154.17442
Coinbase,2024-11-01 00:00:00.000 UTC,390726,1,USDT,36837888646.26797
Circle,2024-11-01 00:00:00.000 UTC,21302,1,USDC,37381818098.06285
Coinbase,2024-11-01 00:00:00.000 UTC,243236,1,USDC,63916295599.02764
Circle,2024-11-01 00:00:00.000 UTC,13,1,USDT,435164.731568
Circle,2024-12-01 00:00:00.000 UTC,22741,1,USDC,40921055003.6619
Coinbase,2024-12-01 00:00:00.000 UTC,263043,1,USDC,60771228284.25676
Circle,2024-12-01 00:00:00.000 UTC,15,1,USDT,619186.15
Coinbase,2024-12-01 00:00:00.000 UTC,379348,1,USDT,27647242501.03324
Coinbase,2025-01-01 00:00:00.000 UTC,288415,1,USDC,69136892101.51456
Circle,2025-01-01 00:00:00.000 UTC,20786,1,USDC,49128154716.94772
Circle,2025-01-01 00:00:00.000 UTC,17,1,USDT,536553.921938
Coinbase,2025-01-01 00:00:00.000 UTC,330019,1,USDT,14980038968.087597
Circle,2025-02-01 00:00:00.000 UTC,18705,1,USDC,36731030270.25265
Coinbase,2025-02-01 00:00:00.000 UTC,288517,1,USDC,68186129894.08463
Coinbase,2025-02-01 00:00:00.000 UTC,296673,1,USDT,19703984014.71465
Circle,2025-02-01 00:00:00.000 UTC,17,1,USDT,266851.564603
Circle,2025-03-01 00:00:00.000 UTC,19829,1,USDC,38895046074.93555
Coinbase,2025-03-01 00:00:00.000 UTC,325887,1,USDC,66040304867.43742
Circle,2025-03-01 00:00:00.000 UTC,29,1,USDT,1566762.475994
Coinbase,2025-03-01 00:00:00.000 UTC,329870,1,USDT,12802336522.789991
Coinbase,2025-04-01 00:00:00.000 UTC,317557,1,USDC,63209130295.98275
Coinbase,2025-04-01 00:00:00.000 UTC,316368,1,USDT,16831737367.946136
Circle,2025-04-01 00:00:00.000 UTC,15843,1,USDC,39083516165.55273
Circle,2025-04-01 00:00:00.000 UTC,20,1,USDT,636969.438599
Coinbase,2025-05-01 00:00:00.000 UTC,337881,1,USDT,5651990339.867505
Circle,2025-05-01 00:00:00.000 UTC,16,1,USDT,397364.21622
Coinbase,2025-05-01 00:00:00.000 UTC,343509,1,USDC,62928246021.324265
Circle,2025-05-01 00:00:00.000 UTC,16580,1,USDC,45449321310.85297
Coinbase,2025-06-01 00:00:00.000 UTC,315847,1,USDT,3226303131.931035
Circle,2025-06-01 00:00:00.000 UTC,10,1,USDT,34691.802903
Circle,2025-06-01 00:00:00.000 UTC,14973,1,USDC,37579941805.42634
Coinbase,2025-06-01 00:00:00.000 UTC,335238,1,USDC,46577174160.74188
Coinbase,2025-07-01 00:00:00.000 UTC,395489,1,USDC,79633720182.19981
Circle,2025-07-01 00:00:00.000 UTC,22400,1,USDC,77187136591.23198
Circle,2025-07-01 00:00:00.000 UTC,9,1,USDT,683699.228724
Coinbase,2025-07-01 00:00:00.000 UTC,363484,1,USDT,12956631162.421127
Coinbase,2025-08-01 00:00:00.000 UTC,410356,1,USDC,98727585030.09038
Circle,2025-08-01 00:00:00.000 UTC,13,1,USDT,531885.669312
Coinbase,2025-08-01 00:00:00.000 UTC,380445,1,USDT,6467566274.583872
Circle,2025-08-01 00:00:00.000 UTC,26705,1,USDC,91368964196.17989
Coinbase,2025-09-01 00:00:00.000 UTC,356944,1,USDT,4048019949.467309
Coinbase,2025-09-01 00:00:00.000 UTC,380428,1,USDC,80295595317.64874
Circle,2025-09-01 00:00:00.000 UTC,13,1,USDT,362850.136043
Circle,2025-09-01 00:00:00.000 UTC,21510,1,USDC,77083346151.15193
Coinbase,2025-10-01 00:00:00.000 UTC,383223,1,USDT,4706434210.885382
Circle,2025-10-01 00:00:00.000 UTC,22050,1,USDC,76759311791.89696
Coinbase,2025-10-01 00:00:00.000 UTC,403197,1,USDC,76322926070.43874
Circle,2025-10-01 00:00:00.000 UTC,16,1,USDT,447214.651765
Circle,2025-11-01 00:00:00.000 UTC,21,1,USDT,882504.568465
Coinbase,2025-11-01 00:00:00.000 UTC,353050,1,USDT,3565746185.557321
Circle,2025-11-01 00:00:00.000 UTC,18063,1,USDC,63516136828.67228
BitGo,2025-11-01 00:00:00.000 UTC,1,1,USDC,0.0001
Gemini,2025-11-01 00:00:00.000 UTC,1,1,USDC,0.0001
Coinbase,2025-11-01 00:00:00.000 UTC,384566,1,USDC,66131828765.27739
Circle,2025-12-01 00:00:00.000 UTC,22459,1,USDC,52606567699.73734
Circle,2025-12-01 00:00:00.000 UTC,9,1,USDT,53108.9
Coinbase,2025-12-01 00:00:00.000 UTC,398699,1,USDC,42267843746.69171
Coinbase,2025-12-01 00:00:00.000 UTC,349568,1,USDT,3536507884.551969
Circle,2026-01-01 00:00:00.000 UTC,21983,1,USDC,48946926442.92516
Circle,2026-01-01 00:00:00.000 UTC,6,1,USDT,33320.193
Coinbase,2026-01-01 00:00:00.000 UTC,361935,1,USDT,3064939255.558435
Coinbase,2026-01-01 00:00:00.000 UTC,394009,1,USDC,40929441469.529305
Uniswap V3,2023-02-01 00:00:00.000 UTC,11007,3,USDC,186893018.831806
1inch,2023-02-01 00:00:00.000 UTC,28225,3,USDC,2191008556.506852
Curve 3pool,2023-02-01 00:00:00.000 UTC,7976,3,USDT,2682615521.295961
1inch,2023-02-01 00:00:00.000 UTC,18785,3,USDT,1346130873.88285
Uniswap V3,2023-02-01 00:00:00.000 UTC,1956,3,USDT,13288176.804468
Curve 3pool,2023-02-01 00:00:00.000 UTC,9591,3,USDC,2719859830.955092
Tornado Cash,2023-02-01 00:00:00.000 UTC,14,3,USDT,8600.0
Compound V3,2023-02-01 00:00:00.000 UTC,1299,3,USDC,319356852.633739
Tornado Cash,2023-03-01 00:00:00.000 UTC,10,3,USDT,4600.0
Uniswap V3,2023-03-01 00:00:00.000 UTC,2690,3,USDT,25963803.441826
Curve 3pool,2023-03-01 00:00:00.000 UTC,38374,3,USDC,11121241658.01369
1inch,2023-03-01 00:00:00.000 UTC,32201,3,USDT,2564522295.888618
Curve 3pool,2023-03-01 00:00:00.000 UTC,39738,3,USDT,10582071879.116352
Compound V3,2023-03-01 00:00:00.000 UTC,1853,3,USDC,436280917.880805
Uniswap V3,2023-03-01 00:00:00.000 UTC,14196,3,USDC,484014793.149
1inch,2023-03-01 00:00:00.000 UTC,34501,3,USDC,5382630535.63194
Curve 3pool,2023-04-01 00:00:00.000 UTC,5429,3,USDT,1484246948.660991
Uniswap V3,2023-04-01 00:00:00.000 UTC,1396,3,USDT,10487555.98289
Uniswap V3,2023-04-01 00:00:00.000 UTC,7486,3,USDC,188075193.289148
Curve 3pool,2023-04-01 00:00:00.000 UTC,5921,3,USDC,1267256809.897757
1inch,2023-04-01 00:00:00.000 UTC,17738,3,USDC,1921793980.339818
1inch,2023-04-01 00:00:00.000 UTC,19515,3,USDT,841357655.034558
Compound V3,2023-04-01 00:00:00.000 UTC,1226,3,USDC,365694816.005931
Tornado Cash,2023-04-01 00:00:00.000 UTC,6,3,USDT,4200.0
Uniswap V3,2023-05-01 00:00:00.000 UTC,903,3,USDT,12300244.7197
Uniswap V3,2023-05-01 00:00:00.000 UTC,3458,3,USDC,116338542.624162
Tornado Cash,2023-05-01 00:00:00.000 UTC,4,3,USDT,2200.0
1inch,2023-05-01 00:00:00.000 UTC,10114,3,USDC,934830543.176238
Curve 3pool,2023-05-01 00:00:00.000 UTC,4629,3,USDC,1344680191.261993
Curve 3pool,2023-05-01 00:00:00.000 UTC,4300,3,USDT,1456073762.571412
Compound V3,2023-05-01 00:00:00.000 UTC,726,3,USDC,240165764.436543
1inch,2023-05-01 00:00:00.000 UTC,11643,3,USDT,476086433.032152
Uniswap Universal Router,2023-06-01 00:00:00.000 UTC,25468,3,USDC,946228264.385526
Curve 3pool,2023-06-01 00:00:00.000 UTC,7318,3,USDT,2611765275.651669
Uniswap V3,2023-06-01 00:00:00.000 UTC,1618,3,USDT,13111588.095516
1inch,2023-06-01 00:00:00.000 UTC,15949,3,USDT,1140862308.155466
Uniswap V3,2023-06-01 00:00:00.000 UTC,3612,3,USDC,128841089.884152
Uniswap Universal Router,2023-06-01 00:00:00.000 UTC,10509,3,USDT,217459223.37587
Aave V3,2023-06-01 00:00:00.000 UTC,1,3,USDT,0.01
1inch,2023-06-01 00:00:00.000 UTC,13355,3,USDC,1684997175.908806
Compound V3,2023-06-01 00:00:00.000 UTC,1468,3,USDC,470063769.537294
Tornado Cash,2023-06-01 00:00:00.000 UTC,22,3,USDT,7600.0
Curve 3pool,2023-06-01 00:00:00.000 UTC,7442,3,USDC,2437719300.119477
Curve 3pool,2023-07-01 00:00:00.000 UTC,4741,3,USDT,1302644833.527414
Curve 3pool,2023-07-01 00:00:00.000 UTC,5224,3,USDC,1191268300.832985
Uniswap Universal Router,2023-07-01 00:00:00.000 UTC,34831,3,USDC,765242922.824956
Compound V3,2023-07-01 00:00:00.000 UTC,1665,3,USDC,765526011.464471
Uniswap V3,2023-07-01 00:00:00.000 UTC,1011,3,USDT,9465416.586138
Uniswap Universal Router,2023-07-01 00:00:00.000 UTC,13978,3,USDT,181883630.017104
Uniswap V3,2023-07-01 00:00:00.000 UTC,3300,3,USDC,94732116.681162
Tornado Cash,2023-07-01 00:00:00.000 UTC,20,3,USDT,12800.0
1inch,2023-07-01 00:00:00.000 UTC,11973,3,USDC,862827505.501934
1inch,2023-07-01 00:00:00.000 UTC,18028,3,USDT,668514332.82273
1inch,2023-08-01 00:00:00.000 UTC,14305,3,USDC,1717462808.919598
Uniswap Universal Router,2023-08-01 00:00:00.000 UTC,11547,3,USDT,144709967.242502
Curve 3pool,2023-08-01 00:00:00.000 UTC,6333,3,USDT,2429372604.588276
Uniswap Universal Router,2023-08-01 00:00:00.000 UTC,34197,3,USDC,776989630.97097
1inch,2023-08-01 00:00:00.000 UTC,21831,3,USDT,1058318878.120016
Curve 3pool,2023-08-01 00:00:00.000 UTC,6052,3,USDC,1919522983.638202
Uniswap V3,2023-08-01 00:00:00.000 UTC,2044,3,USDT,8817156.656518
Tornado Cash,2023-08-01 00:00:00.000 UTC,14,3,USDT,10400.0
Compound V3,2023-08-01 00:00:00.000 UTC,1619,3,USDC,570477613.908675
Uniswap V3,2023-08-01 00:00:00.000 UTC,5996,3,USDC,122200644.414214
Uniswap Universal Router,2023-09-01 00:00:00.000 UTC,34757,3,USDC,811678751.0203
Uniswap V3,2023-09-01 00:00:00.000 UTC,1214,3,USDT,3809536.089104
Curve 3pool,2023-09-01 00:00:00.000 UTC,5304,3,USDC,1005180773.381691
1inch,2023-09-01 00:00:00.000 UTC,12955,3,USDC,1127502704.929232
Uniswap V3,2023-09-01 00:00:00.000 UTC,3570,3,USDC,113507699.132522
Tornado Cash,2023-09-01 00:00:00.000 UTC,16,3,USDT,8800.0
Uniswap Universal Router,2023-09-01 00:00:00.000 UTC,12568,3,USDT,63188017.04351
Curve 3pool,2023-09-01 00:00:00.000 UTC,5098,3,USDT,1175142960.775518
1inch,2023-09-01 00:00:00.000 UTC,20980,3,USDT,713507144.679122
Compound V3,2023-09-01 00:00:00.000 UTC,1346,3,USDC,191309894.199015
Compound V3,2023-10-01 00:00:00.000 UTC,2287,3,USDC,480318738.664898
Uniswap Universal Router,2023-10-01 00:00:00.000 UTC,52035,3,USDC,735922145.786208
1inch,2023-10-01 00:00:00.000 UTC,30679,3,USDT,860944416.81405
Uniswap Universal Router,2023-10-01 00:00:00.000 UTC,36010,3,USDT,201886207.169164
Curve 3pool,2023-10-01 00:00:00.000 UTC,5839,3,USDT,1239180755.385684
1inch,2023-10-01 00:00:00.000 UTC,17513,3,USDC,1963919278.856628
Curve 3pool,2023-10-01 00:00:00.000 UTC,5569,3,USDC,1000581370.056116
Uniswap V3,2023-10-01 00:00:00.000 UTC,4856,3,USDC,146559598.738312
Uniswap V3,2023-10-01 00:00:00.000 UTC,1055,3,USDT,6393600.305406
Tornado Cash,2023-10-01 00:00:00.000 UTC,6,3,USDT,600.0
Curve 3pool,2023-11-01 00:00:00.000 UTC,6787,3,USDT,1166716464.219018
Curve 3pool,2023-11-01 00:00:00.000 UTC,4554,3,USDC,1230310900.015377
Uniswap Universal Router,2023-11-01 00:00:00.000 UTC,54812,3,USDT,299461295.674508
1inch,2023-11-01 00:00:00.000 UTC,26158,3,USDT,1135559247.972456
Uniswap V3,2023-11-01 00:00:00.000 UTC,2306,3,USDT,17705193.436094
1inch,2023-11-01 00:00:00.000 UTC,17200,3,USDC,2936049881.855052
Uniswap Universal Router,2023-11-01 00:00:00.000 UTC,55684,3,USDC,643119304.004548
Tornado Cash,2023-11-01 00:00:00.000 UTC,4,3,USDT,400.0
Compound V3,2023-11-01 00:00:00.000 UTC,2680,3,USDC,551801913.906259
Uniswap V3,2023-11-01 00:00:00.000 UTC,6399,3,USDC,212123017.08406
1inch,2023-12-01 00:00:00.000 UTC,18376,3,USDC,2137043321.75081
1inch,2023-12-01 00:00:00.000 UTC,27957,3,USDT,1211712965.990462
Uniswap V3,2023-12-01 00:00:00.000 UTC,3416,3,USDT,30390559.3123
Uniswap V3,2023-12-01 00:00:00.000 UTC,5350,3,USDC,279222857.092586
Compound V3,2023-12-01 00:00:00.000 UTC,2672,3,USDC,487132140.051088
Curve 3pool,2023-12-01 00:00:00.000 UTC,4523,3,USDC,1505278426.002668
Uniswap Universal Router,2023-12-01 00:00:00.000 UTC,66858,3,USDT,297787378.304898
Curve 3pool,2023-12-01 00:00:00.000 UTC,5709,3,USDT,1566768643.55568
Uniswap Universal Router,2023-12-01 00:00:00.000 UTC,81247,3,USDC,761436490.513094
Compound V3,2024-01-01 00:00:00.000 UTC,2922,3,USDC,724741647.192704
Uniswap V3,2024-01-01 00:00:00.000 UTC,3466,3,USDT,31043284.511152
1inch,2024-01-01 00:00:00.000 UTC,29070,3,USDT,1344590159.715774
Curve 3pool,2024-01-01 00:00:00.000 UTC,7810,3,USDT,2064660389.806832
1inch,2024-01-01 00:00:00.000 UTC,20761,3,USDC,2320790672.996154
Uniswap Universal Router,2024-01-01 00:00:00.000 UTC,70141,3,USDT,366692474.50951
Uniswap Universal Router,2024-01-01 00:00:00.000 UTC,112107,3,USDC,739377345.056716
Uniswap V3,2024-01-01 00:00:00.000 UTC,5718,3,USDC,221187815.874724
Curve 3pool,2024-01-01 00:00:00.000 UTC,6404,3,USDC,2083713946.51573
Curve 3pool,2024-02-01 00:00:00.000 UTC,4902,3,USDC,1729767948.764284
Uniswap Universal Router,2024-02-01 00:00:00.000 UTC,92016,3,USDC,864001120.18939
1inch,2024-02-01 00:00:00.000 UTC,18210,3,USDC,1897534816.683524
Uniswap V3,2024-02-01 00:00:00.000 UTC,3105,3,USDT,41372103.492082
1inch,2024-02-01 00:00:00.000 UTC,24537,3,USDT,1307231509.359868
Uniswap Universal Router,2024-02-01 00:00:00.000 UTC,64178,3,USDT,475053039.300468
Compound V3,2024-02-01 00:00:00.000 UTC,2756,3,USDC,664855755.202429
Uniswap V3,2024-02-01 00:00:00.000 UTC,4282,3,USDC,224321562.214976
Curve 3pool,2024-02-01 00:00:00.000 UTC,6902,3,USDT,1556543312.282038
Uniswap V3,2024-03-01 00:00:00.000 UTC,5086,3,USDT,57498684.290442
1inch,2024-03-01 00:00:00.000 UTC,18575,3,USDC,1142618202.380814
1inch,2024-03-01 00:00:00.000 UTC,24331,3,USDT,1133186764.492516
Compound V3,2024-03-01 00:00:00.000 UTC,3292,3,USDC,1089474830.733133
Curve 3pool,2024-03-01 00:00:00.000 UTC,6496,3,USDC,2988414556.853175
Curve 3pool,2024-03-01 00:00:00.000 UTC,8309,3,USDT,3078441329.422344
Uniswap Universal Router,2024-03-01 00:00:00.000 UTC,107271,3,USDC,1374648868.611018
Uniswap V3,2024-03-01 00:00:00.000 UTC,7518,3,USDC,404414384.091892
Uniswap Universal Router,2024-03-01 00:00:00.000 UTC,85181,3,USDT,727642388.927882
Uniswap Universal Router,2024-04-01 00:00:00.000 UTC,175362,3,USDT,709151734.636332
1inch,2024-04-01 00:00:00.000 UTC,36660,3,USDC,604263441.640356
Compound V3,2024-04-01 00:00:00.000 UTC,2929,3,USDC,740220796.088759
1inch,2024-04-01 00:00:00.000 UTC,29265,3,USDT,920124641.130968
Curve 3pool,2024-04-01 00:00:00.000 UTC,8464,3,USDT,2501129078.097031
Uniswap Universal Router,2024-04-01 00:00:00.000 UTC,169059,3,USDC,1022496017.656256
Uniswap V3,2024-04-01 00:00:00.000 UTC,8562,3,USDT,79279869.891982
Curve 3pool,2024-04-01 00:00:00.000 UTC,7374,3,USDC,2293752113.420773
Uniswap V3,2024-04-01 00:00:00.000 UTC,7681,3,USDC,230711781.293082
Uniswap V3,2024-05-01 00:00:00.000 UTC,8917,3,USDC,351108284.813054
1inch,2024-05-01 00:00:00.000 UTC,32088,3,USDT,1127358468.097308
Curve 3pool,2024-05-01 00:00:00.000 UTC,8397,3,USDT,2162106875.550323
1inch,2024-05-01 00:00:00.000 UTC,46139,3,USDC,437578222.06748
Uniswap Universal Router,2024-05-01 00:00:00.000 UTC,197023,3,USDC,723233922.953574
Compound V3,2024-05-01 00:00:00.000 UTC,2717,3,USDC,490306340.715189
Uniswap Universal Router,2024-05-01 00:00:00.000 UTC,207216,3,USDT,604005753.531994
Uniswap V3,2024-05-01 00:00:00.000 UTC,9967,3,USDT,50505791.84557
Curve 3pool,2024-05-01 00:00:00.000 UTC,7040,3,USDC,2208349900.471042
Compound V3,2024-06-01 00:00:00.000 UTC,2762,3,USDC,372260124.828871
1inch,2024-06-01 00:00:00.000 UTC,24221,3,USDT,642412118.59881
1inch,2024-06-01 00:00:00.000 UTC,32029,3,USDC,557895460.099422
Curve 3pool,2024-06-01 00:00:00.000 UTC,7115,3,USDT,1740610096.974566
Curve 3pool,2024-06-01 00:00:00.000 UTC,5898,3,USDC,1367596297.225387
Uniswap V3,2024-06-01 00:00:00.000 UTC,8032,3,USDC,164802562.589806
Uniswap Universal Router,2024-06-01 00:00:00.000 UTC,172614,3,USDT,439778510.477968
Uniswap Universal Router,2024-06-01 00:00:00.000 UTC,164374,3,USDC,548243572.821574
Uniswap V3,2024-06-01 00:00:00.000 UTC,10630,3,USDT,40165530.71665
Uniswap V3,2024-07-01 00:00:00.000 UTC,7976,3,USDC,197059863.422082
1inch,2024-07-01 00:00:00.000 UTC,50196,3,USDC,505837626.7007
1inch,2024-07-01 00:00:00.000 UTC,33631,3,USDT,322868157.356226
Tornado Cash,2024-07-01 00:00:00.000 UTC,1,3,USDT,15.017097
Uniswap Universal Router,2024-07-01 00:00:00.000 UTC,158826,3,USDC,535603418.02918
Curve 3pool,2024-07-01 00:00:00.000 UTC,6728,3,USDC,1047160486.102467
Compound V3,2024-07-01 00:00:00.000 UTC,3321,3,USDC,619949583.982598
Uniswap V3,2024-07-01 00:00:00.000 UTC,8848,3,USDT,50854037.8857
Uniswap Universal Router,2024-07-01 00:00:00.000 UTC,178285,3,USDT,426642653.327692
Curve 3pool,2024-07-01 00:00:00.000 UTC,7641,3,USDT,1465762328.55709
1inch,2024-08-01 00:00:00.000 UTC,40696,3,USDT,443484891.414076
Compound V3,2024-08-01 00:00:00.000 UTC,3375,3,USDC,438620914.359191
Curve 3pool,2024-08-01 00:00:00.000 UTC,10619,3,USDT,1634848500.140561
Uniswap V3,2024-08-01 00:00:00.000 UTC,11229,3,USDC,237061353.000692
Uniswap Universal Router,2024-08-01 00:00:00.000 UTC,175308,3,USDT,403756484.55464
Uniswap V3,2024-08-01 00:00:00.000 UTC,9126,3,USDT,51649139.332206
Uniswap Universal Router,2024-08-01 00:00:00.000 UTC,178339,3,USDC,567878198.03304
1inch,2024-08-01 00:00:00.000 UTC,51823,3,USDC,449312549.860718
Curve 3pool,2024-08-01 00:00:00.000 UTC,9633,3,USDC,1662434728.58303
Aave V3,2024-08-01 00:00:00.000 UTC,1,3,USDT,4.0
Uniswap Universal Router,2024-09-01 00:00:00.000 UTC,155154,3,USDC,380244040.010532
Uniswap V3,2024-09-01 00:00:00.000 UTC,7668,3,USDC,92115275.355112
Uniswap V3,2024-09-01 00:00:00.000 UTC,6205,3,USDT,11687059.000062
1inch,2024-09-01 00:00:00.000 UTC,41111,3,USDC,240769275.251382
Curve 3pool,2024-09-01 00:00:00.000 UTC,6526,3,USDT,1116781415.049316
Uniswap Universal Router,2024-09-01 00:00:00.000 UTC,140217,3,USDT,281939472.10394
1inch,2024-09-01 00:00:00.000 UTC,31792,3,USDT,291906607.243624
Compound V3,2024-09-01 00:00:00.000 UTC,2066,3,USDC,283500229.548254
Curve 3pool,2024-09-01 00:00:00.000 UTC,6162,3,USDC,1091050675.395469
Uniswap V3,2024-10-01 00:00:00.000 UTC,4174,3,USDC,35324803.89967
1inch,2024-10-01 00:00:00.000 UTC,37199,3,USDC,377924697.62332
Curve 3pool,2024-10-01 00:00:00.000 UTC,7487,3,USDT,1798228868.215016
Curve 3pool,2024-10-01 00:00:00.000 UTC,6521,3,USDC,1802939598.321828
Uniswap V3,2024-10-01 00:00:00.000 UTC,3490,3,USDT,14910940.49647
Uniswap Universal Router,2024-10-01 00:00:00.000 UTC,153904,3,USDC,472944970.04563
Uniswap Universal Router,2024-10-01 00:00:00.000 UTC,150825,3,USDT,363619456.932
Compound V3,2024-10-01 00:00:00.000 UTC,2202,3,USDC,406414830.409552
1inch,2024-10-01 00:00:00.000 UTC,26097,3,USDT,402577790.293608
Uniswap Universal Router,2024-11-01 00:00:00.000 UTC,160693,3,USDT,628604918.028952
Curve 3pool,2024-11-01 00:00:00.000 UTC,7766,3,USDC,2371128113.845483
Uniswap V3,2024-11-01 00:00:00.000 UTC,5866,3,USDC,72901265.225522
Uniswap V3,2024-11-01 00:00:00.000 UTC,5023,3,USDT,28640244.75418
Curve 3pool,2024-11-01 00:00:00.000 UTC,9488,3,USDT,2474962307.322345
Compound V3,2024-11-01 00:00:00.000 UTC,3651,3,USDC,528298753.223599
1inch,2024-11-01 00:00:00.000 UTC,33577,3,USDT,923567007.597776
Uniswap Universal Router,2024-11-01 00:00:00.000 UTC,163139,3,USDC,825761052.870644
1inch,2024-11-01 00:00:00.000 UTC,39460,3,USDC,1961057240.508416
Curve 3pool,2024-12-01 00:00:00.000 UTC,12054,3,USDC,2412939744.331055
Uniswap V3,2024-12-01 00:00:00.000 UTC,6620,3,USDC,92266202.987886
1inch,2024-12-01 00:00:00.000 UTC,33051,3,USDT,656853219.823658
Curve 3pool,2024-12-01 00:00:00.000 UTC,14523,3,USDT,3193676815.776112
Uniswap V3,2024-12-01 00:00:00.000 UTC,5178,3,USDT,23183636.632996
Compound V3,2024-12-01 00:00:00.000 UTC,3877,3,USDC,671478506.534625
1inch,2024-12-01 00:00:00.000 UTC,36065,3,USDC,1107997436.301718
Uniswap Universal Router,2024-12-01 00:00:00.000 UTC,173570,3,USDT,644682206.0409
Uniswap Universal Router,2024-12-01 00:00:00.000 UTC,184860,3,USDC,826024876.440796
Uniswap Universal Router,2025-01-01 00:00:00.000 UTC,146791,3,USDT,454046875.846806
Uniswap V3,2025-01-01 00:00:00.000 UTC,7752,3,USDC,75097904.094688
Uniswap Universal Router,2025-01-01 00:00:00.000 UTC,186053,3,USDC,694209297.144614
Aave V3,2025-01-01 00:00:00.000 UTC,1,3,USDC,9.0
Uniswap V3,2025-01-01 00:00:00.000 UTC,5007,3,USDT,17156112.810482
Curve 3pool,2025-01-01 00:00:00.000 UTC,14451,3,USDT,3136777264.86499
Curve 3pool,2025-01-01 00:00:00.000 UTC,12187,3,USDC,2477765554.416833
1inch,2025-01-01 00:00:00.000 UTC,47186,3,USDC,530690215.252832
1inch,2025-01-01 00:00:00.000 UTC,32156,3,USDT,250123757.9199
Compound V3,2025-01-01 00:00:00.000 UTC,4761,3,USDC,639645033.538895
Uniswap V3,2025-02-01 00:00:00.000 UTC,9008,3,USDC,73437080.965286
1inch,2025-02-01 00:00:00.000 UTC,48524,3,USDC,243102651.936738
Curve 3pool,2025-02-01 00:00:00.000 UTC,11780,3,USDC,1444226842.641031
Uniswap Universal Router,2025-02-01 00:00:00.000 UTC,30499,3,USDC,65145053.335778
1inch,2025-02-01 00:00:00.000 UTC,39225,3,USDT,280947979.94536
Compound V3,2025-02-01 00:00:00.000 UTC,4481,3,USDC,637001606.579091
Curve 3pool,2025-02-01 00:00:00.000 UTC,15313,3,USDT,2116013627.079487
Uniswap V3,2025-02-01 00:00:00.000 UTC,7626,3,USDT,22202153.4984
Uniswap Universal Router,2025-02-01 00:00:00.000 UTC,9905,3,USDT,42368025.824122
Tornado Cash,2025-03-01 00:00:00.000 UTC,12,3,USDT,1200.0
Compound V3,2025-03-01 00:00:00.000 UTC,4153,3,USDC,531212347.267951
1inch,2025-03-01 00:00:00.000 UTC,48561,3,USDC,260818286.311708
Curve 3pool,2025-03-01 00:00:00.000 UTC,10623,3,USDT,1125696203.181142
Uniswap Universal Router,2025-03-01 00:00:00.000 UTC,8511,3,USDT,28193782.207054
Curve 3pool,2025-03-01 00:00:00.000 UTC,8663,3,USDC,787474454.134383
Tornado Cash,2025-03-01 00:00:00.000 UTC,4,3,USDC,400.0
Aave V3,2025-03-01 00:00:00.000 UTC,4,3,USDC,2.011006
1inch,2025-03-01 00:00:00.000 UTC,42257,3,USDT,263200806.438884
Uniswap V3,2025-03-01 00:00:00.000 UTC,5202,3,USDT,12450824.611462
Uniswap Universal Router,2025-03-01 00:00:00.000 UTC,38543,3,USDC,37076698.003118
Uniswap V3,2025-03-01 00:00:00.000 UTC,7903,3,USDC,38374746.595102
Uniswap Universal Router,2025-04-01 00:00:00.000 UTC,6193,3,USDT,10888798.758994
1inch,2025-04-01 00:00:00.000 UTC,47327,3,USDC,219856066.634884
Curve 3pool,2025-04-01 00:00:00.000 UTC,14782,3,USDT,869155174.888095
Uniswap V3,2025-04-01 00:00:00.000 UTC,3407,3,USDT,7111341.75343
Tornado Cash,2025-04-01 00:00:00.000 UTC,142,3,USDT,82600.0
Uniswap V3,2025-04-01 00:00:00.000 UTC,12409,3,USDC,48418179.99807
Uniswap Universal Router,2025-04-01 00:00:00.000 UTC,35880,3,USDC,29002149.030724
Tornado Cash,2025-04-01 00:00:00.000 UTC,24,3,USDC,2400.0
Compound V3,2025-04-01 00:00:00.000 UTC,3696,3,USDC,654582018.552742
Curve 3pool,2025-04-01 00:00:00.000 UTC,12901,3,USDC,641948990.322446
1inch,2025-04-01 00:00:00.000 UTC,50743,3,USDT,356512641.3311
Compound V3,2025-05-01 00:00:00.000 UTC,3647,3,USDC,614754670.717813
1inch,2025-05-01 00:00:00.000 UTC,53886,3,USDT,340685635.870366
Uniswap Universal Router,2025-05-01 00:00:00.000 UTC,5199,3,USDT,14471836.264206
Uniswap V3,2025-05-01 00:00:00.000 UTC,2854,3,USDT,13841434.034532
Uniswap Universal Router,2025-05-01 00:00:00.000 UTC,29012,3,USDC,32044544.047328
Curve 3pool,2025-05-01 00:00:00.000 UTC,15516,3,USDT,1302694823.698645
Tornado Cash,2025-05-01 00:00:00.000 UTC,290,3,USDT,176600.0
Aave V3,2025-05-01 00:00:00.000 UTC,1,3,USDC,3.0
Uniswap V3,2025-05-01 00:00:00.000 UTC,6654,3,USDC,62975135.420562
1inch,2025-05-01 00:00:00.000 UTC,53402,3,USDC,197046848.23615
Tornado Cash,2025-05-01 00:00:00.000 UTC,22,3,USDC,5800.0
Curve 3pool,2025-05-01 00:00:00.000 UTC,13624,3,USDC,936444564.207584
Uniswap V3,2025-06-01 00:00:00.000 UTC,2901,3,USDT,9968975.651376
1inch,2025-06-01 00:00:00.000 UTC,31593,3,USDT,232730074.80066
Uniswap Universal Router,2025-06-01 00:00:00.000 UTC,5642,3,USDT,10714611.920232
Curve 3pool,2025-06-01 00:00:00.000 UTC,10798,3,USDC,826838253.713893
1inch,2025-06-01 00:00:00.000 UTC,42235,3,USDC,212376813.573134
Uniswap V3,2025-06-01 00:00:00.000 UTC,6904,3,USDC,48123995.560598
Curve 3pool,2025-06-01 00:00:00.000 UTC,12160,3,USDT,1119929314.241017
Tornado Cash,2025-06-01 00:00:00.000 UTC,96,3,USDC,87000.0
Tornado Cash,2025-06-01 00:00:00.000 UTC,397,3,USDT,365400.001
Uniswap Universal Router,2025-06-01 00:00:00.000 UTC,27671,3,USDC,20670811.61372
Compound V3,2025-06-01 00:00:00.000 UTC,3172,3,USDC,364404252.31165
Uniswap V3,2025-07-01 00:00:00.000 UTC,3395,3,USDT,12580782.73574
Uniswap V3,2025-07-01 00:00:00.000 UTC,12926,3,USDC,33802078.371616
1inch,2025-07-01 00:00:00.000 UTC,58999,3,USDC,254145104.481398
Tornado Cash,2025-07-01 00:00:00.000 UTC,211,3,USDC,195600.001
Uniswap Universal Router,2025-07-01 00:00:00.000 UTC,8298,3,USDT,27166854.788138
1inch,2025-07-01 00:00:00.000 UTC,46940,3,USDT,525577149.59611
Uniswap Universal Router,2025-07-01 00:00:00.000 UTC,31850,3,USDC,33149691.79604
Tornado Cash,2025-07-01 00:00:00.000 UTC,82,3,USDT,29800.0
Compound V3,2025-07-01 00:00:00.000 UTC,5524,3,USDC,675079261.538916
Curve 3pool,2025-07-01 00:00:00.000 UTC,7030,3,USDC,278509227.681435
Curve 3pool,2025-07-01 00:00:00.000 UTC,7708,3,USDT,550806350.755918
Curve 3pool,2025-08-01 00:00:00.000 UTC,9475,3,USDT,691853880.421115
Uniswap V3,2025-08-01 00:00:00.000 UTC,12273,3,USDC,68071011.150002
Curve 3pool,2025-08-01 00:00:00.000 UTC,8668,3,USDC,339091311.555494
Uniswap V3,2025-08-01 00:00:00.000 UTC,3966,3,USDT,36563302.164264
Uniswap Universal Router,2025-08-01 00:00:00.000 UTC,40056,3,USDC,54631169.36537
1inch,2025-08-01 00:00:00.000 UTC,72478,3,USDC,285983512.209782
1inch,2025-08-01 00:00:00.000 UTC,62969,3,USDT,508147493.513762
Uniswap Universal Router,2025-08-01 00:00:00.000 UTC,9320,3,USDT,43751334.741946
Tornado Cash,2025-08-01 00:00:00.000 UTC,118,3,USDT,51400.0
Compound V3,2025-08-01 00:00:00.000 UTC,5113,3,USDC,528233962.929256
Tornado Cash,2025-08-01 00:00:00.000 UTC,188,3,USDC,159200.0
Uniswap V3,2025-09-01 00:00:00.000 UTC,5651,3,USDT,61665632.447324
Tornado Cash,2025-09-01 00:00:00.000 UTC,52,3,USDC,5200.0
Compound V3,2025-09-01 00:00:00.000 UTC,3687,3,USDC,427060895.837402
Uniswap Universal Router,2025-09-01 00:00:00.000 UTC,5803,3,USDT,29367548.231046
1inch,2025-09-01 00:00:00.000 UTC,49412,3,USDT,428508289.205348
Curve 3pool,2025-09-01 00:00:00.000 UTC,7958,3,USDC,325848376.55844
Uniswap Universal Router,2025-09-01 00:00:00.000 UTC,30456,3,USDC,29541803.31639
Tornado Cash,2025-09-01 00:00:00.000 UTC,164,3,USDT,110000.0
Curve 3pool,2025-09-01 00:00:00.000 UTC,8222,3,USDT,511630460.790766
1inch,2025-09-01 00:00:00.000 UTC,61078,3,USDC,176675573.522416
Uniswap V3,2025-09-01 00:00:00.000 UTC,10655,3,USDC,173190993.98813
Uniswap Universal Router,2025-10-01 00:00:00.000 UTC,31075,3,USDC,14000945.715766
Uniswap Universal Router,2025-10-01 00:00:00.000 UTC,5346,3,USDT,17467146.719872
1inch,2025-10-01 00:00:00.000 UTC,65165,3,USDC,295406150.725752
Aave V3,2025-10-01 00:00:00.000 UTC,2,3,USDC,1.785403
Uniswap V3,2025-10-01 00:00:00.000 UTC,6854,3,USDT,28167442.761352
Tornado Cash,2025-10-01 00:00:00.000 UTC,132,3,USDT,65400.0
Curve 3pool,2025-10-01 00:00:00.000 UTC,8667,3,USDC,395263121.419136
Compound V3,2025-10-01 00:00:00.000 UTC,5180,3,USDC,935822692.918487
Uniswap V3,2025-10-01 00:00:00.000 UTC,9702,3,USDC,87603702.594576
Aave V3,2025-10-01 00:00:00.000 UTC,1,3,USDT,138.445271
Tornado Cash,2025-10-01 00:00:00.000 UTC,102,3,USDC,57000.0
1inch,2025-10-01 00:00:00.000 UTC,46458,3,USDT,305482532.963632
Curve 3pool,2025-10-01 00:00:00.000 UTC,9224,3,USDT,612898401.395619
Uniswap V3,2025-11-01 00:00:00.000 UTC,4944,3,USDT,21264795.021048
Compound V3,2025-11-01 00:00:00.000 UTC,4701,3,USDC,814943739.927872
Aave V3,2025-11-01 00:00:00.000 UTC,1,3,USDT,0.42203
Uniswap V3,2025-11-01 00:00:00.000 UTC,9534,3,USDC,65593018.00672
1inch,2025-11-01 00:00:00.000 UTC,21867,3,USDT,136864835.592964
Tornado Cash,2025-11-01 00:00:00.000 UTC,118,3,USDT,46000.0
Uniswap Universal Router,2025-11-01 00:00:00.000 UTC,3030,3,USDT,2232370.936976
Uniswap Universal Router,2025-11-01 00:00:00.000 UTC,25794,3,USDC,5263060.110582
Curve 3pool,2025-11-01 00:00:00.000 UTC,11034,3,USDC,451833745.373946
Curve 3pool,2025-11-01 00:00:00.000 UTC,12072,3,USDT,807798473.140952
Tornado Cash,2025-11-01 00:00:00.000 UTC,76,3,USDC,32800.0
1inch,2025-11-01 00:00:00.000 UTC,51470,3,USDC,153278451.27987
Uniswap V3,2025-12-01 00:00:00.000 UTC,7897,3,USDC,55479270.779968
Compound V3,2025-12-01 00:00:00.000 UTC,2934,3,USDC,352547921.580305
Tornado Cash,2025-12-01 00:00:00.000 UTC,74,3,USDT,38000.0
Curve 3pool,2025-12-01 00:00:00.000 UTC,12040,3,USDT,335510458.644142
Curve 3pool,2025-12-01 00:00:00.000 UTC,11653,3,USDC,226202181.868503
Uniswap Universal Router,2025-12-01 00:00:00.000 UTC,3352,3,USDT,2892323.766414
1inch,2025-12-01 00:00:00.000 UTC,15489,3,USDT,56991183.832938
Uniswap V3,2025-12-01 00:00:00.000 UTC,7728,3,USDT,52955045.504752
1inch,2025-12-01 00:00:00.000 UTC,45948,3,USDC,82087452.763028
Tornado Cash,2025-12-01 00:00:00.000 UTC,18,3,USDC,1800.0
Uniswap Universal Router,2025-12-01 00:00:00.000 UTC,27635,3,USDC,5186277.344458
Compound V3,2026-01-01 00:00:00.000 UTC,3466,3,USDC,374515536.242679
Uniswap Universal Router,2026-01-01 00:00:00.000 UTC,30636,3,USDC,5389252.520868
Uniswap V3,2026-01-01 00:00:00.000 UTC,7016,3,USDC,39827652.703426
Curve 3pool,2026-01-01 00:00:00.000 UTC,19211,3,USDT,669208777.57072
1inch,2026-01-01 00:00:00.000 UTC,15090,3,USDT,41469619.036602
Tornado Cash,2026-01-01 00:00:00.000 UTC,274,3,USDT,166000.0
Uniswap Universal Router,2026-01-01 00:00:00.000 UTC,3233,3,USDT,3114606.555322
Tornado Cash,2026-01-01 00:00:00.000 UTC,109,3,USDC,45000.001
Curve 3pool,2026-01-01 00:00:00.000 UTC,16167,3,USDC,1011566087.129807
1inch,2026-01-01 00:00:00.000 UTC,59108,3,USDC,85972112.35591
Uniswap V3,2026-01-01 00:00:00.000 UTC,4906,3,USDT,27720637.18835
Kraken,2023-02-01 00:00:00 UTC,53392,2,USDT,8081029121.705585
Kraken,2023-02-01 00:00:00 UTC,35594,2,USDC,5387352747.803723
Kraken,2023-03-01 00:00:00 UTC,53392,2,USDT,8081029121.705585
Kraken,2023-03-01 00:00:00 UTC,35594,2,USDC,5387352747.803723
Kraken,2023-04-01 00:00:00 UTC,53392,2,USDT,8081029121.705585
Kraken,2023-04-01 00:00:00 UTC,35594,2,USDC,5387352747.803723
Kraken,2023-05-01 00:00:00 UTC,53392,2,USDT,8081029121.705585
Kraken,2023-05-01 00:00:00 UTC,35594,2,USDC,5387352747.803723
Kraken,2023-06-01 00:00:00 UTC,53392,2,USDT,8081029121.705585
Kraken,2023-06-01 00:00:00 UTC,35594,2,USDC,5387352747.803723
Kraken,2023-07-01 00:00:00 UTC,53392,2,USDT,8081029121.705585
Kraken,2023-07-01 00:00:00 UTC,35594,2,USDC,5387352747.803723
Kraken,2023-08-01 00:00:00 UTC,53392,2,USDT,8081029121.705585
Kraken,2023-08-01 00:00:00 UTC,35594,2,USDC,5387352747.803723
Kraken,2023-09-01 00:00:00 UTC,53392,2,USDT,8081029121.705585
Kraken,2023-09-01 00:00:00 UTC,35594,2,USDC,5387352747.803723
Kraken,2023-10-01 00:00:00 UTC,53392,2,USDT,8081029121.705585
Kraken,2023-10-01 00:00:00 UTC,35594,2,USDC,5387352747.803723
Kraken,2023-11-01 00:00:00 UTC,53392,2,USDT,8081029121.705585
Kraken,2023-11-01 00:00:00 UTC,35594,2,USDC,5387352747.803723
Kraken,2023-12-01 00:00:00 UTC,53392,2,USDT,8081029121.705585
Kraken,2023-12-01 00:00:00 UTC,35594,2,USDC,5387352747.803723
Kraken,2024-01-01 00:00:00 UTC,53392,2,USDT,8081029121.705585
Kraken,2024-01-01 00:00:00 UTC,35594,2,USDC,5387352747.803723
Kraken,2024-02-01 00:00:00 UTC,53392,2,USDT,8081029121.705585
Kraken,2024-02-01 00:00:00 UTC,35594,2,USDC,5387352747.803723
Kraken,2024-03-01 00:00:00 UTC,53392,2,USDT,8081029121.705585
Kraken,2024-03-01 00:00:00 UTC,35594,2,USDC,5387352747.803723
Kraken,2024-04-01 00:00:00 UTC,53392,2,USDT,8081029121.705585
Kraken,2024-04-01 00:00:00 UTC,35594,2,USDC,5387352747.803723
Kraken,2024-05-01 00:00:00 UTC,53392,2,USDT,8081029121.705585
Kraken,2024-05-01 00:00:00 UTC,35594,2,USDC,5387352747.803723
Kraken,2024-06-01 00:00:00 UTC,53392,2,USDT,8081029121.705585
Kraken,2024-06-01 00:00:00 UTC,35594,2,USDC,5387352747.803723
Kraken,2024-07-01 00:00:00 UTC,53392,2,USDT,8081029121.705585
Kraken,2024-07-01 00:00:00 UTC,35594,2,USDC,5387352747.803723
Kraken,2024-08-01 00:00:00 UTC,53392,2,USDT,8081029121.705585
Kraken,2024-08-01 00:00:00 UTC,35594,2,USDC,5387352747.803723
Kraken,2024-09-01 00:00:00 UTC,53392,2,USDT,8081029121.705585
Kraken,2024-09-01 00:00:00 UTC,35594,2,USDC,5387352747.803723
Kraken,2024-10-01 00:00:00 UTC,53392,2,USDT,8081029121.705585
Kraken,2024-10-01 00:00:00 UTC,35594,2,USDC,5387352747.803723
Kraken,2024-11-01 00:00:00 UTC,53392,2,USDT,8081029121.705585
Kraken,2024-11-01 00:00:00 UTC,35594,2,USDC,5387352747.803723
Kraken,2024-12-01 00:00:00 UTC,53392,2,USDT,8081029121.705585
Kraken,2024-12-01 00:00:00 UTC,35594,2,USDC,5387352747.803723
Kraken,2025-01-01 00:00:00 UTC,53392,2,USDT,8081029121.705585
Kraken,2025-01-01 00:00:00 UTC,35594,2,USDC,5387352747.803723
Kraken,2025-02-01 00:00:00 UTC,53392,2,USDT,8081029121.705585
Kraken,2025-02-01 00:00:00 UTC,35594,2,USDC,5387352747.803723
Kraken,2025-03-01 00:00:00 UTC,53392,2,USDT,8081029121.705585
Kraken,2025-03-01 00:00:00 UTC,35594,2,USDC,5387352747.803723
Kraken,2025-04-01 00:00:00 UTC,53392,2,USDT,8081029121.705585
Kraken,2025-04-01 00:00:00 UTC,35594,2,USDC,5387352747.803723
Kraken,2025-05-01 00:00:00 UTC,53392,2,USDT,8081029121.705585
Kraken,2025-05-01 00:00:00 UTC,35594,2,USDC,5387352747.803723
Kraken,2025-06-01 00:00:00 UTC,53392,2,USDT,8081029121.705585
Kraken,2025-06-01 00:00:00 UTC,35594,2,USDC,5387352747.803723
Kraken,2025-07-01 00:00:00 UTC,53392,2,USDT,8081029121.705585
Kraken,2025-07-01 00:00:00 UTC,35594,2,USDC,5387352747.803723
Kraken,2025-08-01 00:00:00 UTC,53392,2,USDT,8081029121.705585
Kraken,2025-08-01 00:00:00 UTC,35594,2,USDC,5387352747.803723
Kraken,2025-09-01 00:00:00 UTC,53392,2,USDT,8081029121.705585
Kraken,2025-09-01 00:00:00 UTC,35594,2,USDC,5387352747.803723
Kraken,2025-10-01 00:00:00 UTC,53392,2,USDT,8081029121.705585
Kraken,2025-10-01 00:00:00 UTC,35594,2,USDC,5387352747.803723
Kraken,2025-11-01 00:00:00 UTC,53392,2,USDT,8081029121.705585
Kraken,2025-11-01 00:00:00 UTC,35594,2,USDC,5387352747.803723
Kraken,2025-12-01 00:00:00 UTC,53392,2,USDT,8081029121.705585
Kraken,2025-12-01 00:00:00 UTC,35594,2,USDC,5387352747.803723
OKX,2023-02-01 00:00:00 UTC,97051,2,USDT,7955753256.701107
OKX,2023-02-01 00:00:00 UTC,64700,2,USDC,5303835504.467405
OKX,2023-03-01 00:00:00 UTC,97051,2,USDT,7955753256.701107
OKX,2023-03-01 00:00:00 UTC,64700,2,USDC,5303835504.467405
OKX,2023-04-01 00:00:00 UTC,97051,2,USDT,7955753256.701107
OKX,2023-04-01 00:00:00 UTC,64700,2,USDC,5303835504.467405
OKX,2023-05-01 00:00:00 UTC,97051,2,USDT,7955753256.701107
OKX,2023-05-01 00:00:00 UTC,64700,2,USDC,5303835504.467405
OKX,2023-06-01 00:00:00 UTC,97051,2,USDT,7955753256.701107
OKX,2023-06-01 00:00:00 UTC,64700,2,USDC,5303835504.467405
OKX,2023-07-01 00:00:00 UTC,97051,2,USDT,7955753256.701107
OKX,2023-07-01 00:00:00 UTC,64700,2,USDC,5303835504.467405
OKX,2023-08-01 00:00:00 UTC,97051,2,USDT,7955753256.701107
OKX,2023-08-01 00:00:00 UTC,64700,2,USDC,5303835504.467405
OKX,2023-09-01 00:00:00 UTC,97051,2,USDT,7955753256.701107
OKX,2023-09-01 00:00:00 UTC,64700,2,USDC,5303835504.467405
OKX,2023-10-01 00:00:00 UTC,97051,2,USDT,7955753256.701107
OKX,2023-10-01 00:00:00 UTC,64700,2,USDC,5303835504.467405
OKX,2023-11-01 00:00:00 UTC,97051,2,USDT,7955753256.701107
OKX,2023-11-01 00:00:00 UTC,64700,2,USDC,5303835504.467405
OKX,2023-12-01 00:00:00 UTC,97051,2,USDT,7955753256.701107
OKX,2023-12-01 00:00:00 UTC,64700,2,USDC,5303835504.467405
OKX,2024-01-01 00:00:00 UTC,97051,2,USDT,7955753256.701107
OKX,2024-01-01 00:00:00 UTC,64700,2,USDC,5303835504.467405
OKX,2024-02-01 00:00:00 UTC,97051,2,USDT,7955753256.701107
OKX,2024-02-01 00:00:00 UTC,64700,2,USDC,5303835504.467405
OKX,2024-03-01 00:00:00 UTC,97051,2,USDT,7955753256.701107
OKX,2024-03-01 00:00:00 UTC,64700,2,USDC,5303835504.467405
OKX,2024-04-01 00:00:00 UTC,97051,2,USDT,7955753256.701107
OKX,2024-04-01 00:00:00 UTC,64700,2,USDC,5303835504.467405
OKX,2024-05-01 00:00:00 UTC,97051,2,USDT,7955753256.701107
OKX,2024-05-01 00:00:00 UTC,64700,2,USDC,5303835504.467405
OKX,2024-06-01 00:00:00 UTC,97051,2,USDT,7955753256.701107
OKX,2024-06-01 00:00:00 UTC,64700,2,USDC,5303835504.467405
OKX,2024-07-01 00:00:00 UTC,97051,2,USDT,7955753256.701107
OKX,2024-07-01 00:00:00 UTC,64700,2,USDC,5303835504.467405
OKX,2024-08-01 00:00:00 UTC,97051,2,USDT,7955753256.701107
OKX,2024-08-01 00:00:00 UTC,64700,2,USDC,5303835504.467405
OKX,2024-09-01 00:00:00 UTC,97051,2,USDT,7955753256.701107
OKX,2024-09-01 00:00:00 UTC,64700,2,USDC,5303835504.467405
OKX,2024-10-01 00:00:00 UTC,97051,2,USDT,7955753256.701107
OKX,2024-10-01 00:00:00 UTC,64700,2,USDC,5303835504.467405
OKX,2024-11-01 00:00:00 UTC,97051,2,USDT,7955753256.701107
OKX,2024-11-01 00:00:00 UTC,64700,2,USDC,5303835504.467405
OKX,2024-12-01 00:00:00 UTC,97051,2,USDT,7955753256.701107
OKX,2024-12-01 00:00:00 UTC,64700,2,USDC,5303835504.467405
OKX,2025-01-01 00:00:00 UTC,97051,2,USDT,7955753256.701107
OKX,2025-01-01 00:00:00 UTC,64700,2,USDC,5303835504.467405
OKX,2025-02-01 00:00:00 UTC,97051,2,USDT,7955753256.701107
OKX,2025-02-01 00:00:00 UTC,64700,2,USDC,5303835504.467405
OKX,2025-03-01 00:00:00 UTC,97051,2,USDT,7955753256.701107
OKX,2025-03-01 00:00:00 UTC,64700,2,USDC,5303835504.467405
OKX,2025-04-01 00:00:00 UTC,97051,2,USDT,7955753256.701107
OKX,2025-04-01 00:00:00 UTC,64700,2,USDC,5303835504.467405
OKX,2025-05-01 00:00:00 UTC,97051,2,USDT,7955753256.701107
OKX,2025-05-01 00:00:00 UTC,64700,2,USDC,5303835504.467405
OKX,2025-06-01 00:00:00 UTC,97051,2,USDT,7955753256.701107
OKX,2025-06-01 00:00:00 UTC,64700,2,USDC,5303835504.467405
OKX,2025-07-01 00:00:00 UTC,97051,2,USDT,7955753256.701107
OKX,2025-07-01 00:00:00 UTC,64700,2,USDC,5303835504.467405
OKX,2025-08-01 00:00:00 UTC,97051,2,USDT,7955753256.701107
OKX,2025-08-01 00:00:00 UTC,64700,2,USDC,5303835504.467405
OKX,2025-09-01 00:00:00 UTC,97051,2,USDT,7955753256.701107
OKX,2025-09-01 00:00:00 UTC,64700,2,USDC,5303835504.467405
OKX,2025-10-01 00:00:00 UTC,97051,2,USDT,7955753256.701107
OKX,2025-10-01 00:00:00 UTC,64700,2,USDC,5303835504.467405
OKX,2025-11-01 00:00:00 UTC,97051,2,USDT,7955753256.701107
OKX,2025-11-01 00:00:00 UTC,64700,2,USDC,5303835504.467405
OKX,2025-12-01 00:00:00 UTC,97051,2,USDT,7955753256.701107
OKX,2025-12-01 00:00:00 UTC,64700,2,USDC,5303835504.467405
