date_utc,dex_volume_usd,defi_dollar_collateral_usd,liquidations_usd
2023-02-01,2962028793,27163590362,1192272.1434811056
2023-02-02,3739177123,28250986888,337067.48267553095
2023-02-03,3104546126,27889957973,257284.0801170508
2023-02-04,2218863262,28117677587,801433.6818146874
2023-02-05,2527352058,28079432655,1271070.9354874424
2023-02-06,2671643581,27774254173,550097.5357789769
2023-02-07,3503055213,27704711045,3950982.068814718
2023-02-08,3192395531,28315926581,1154642.2737517252
2023-02-09,4248707565,28002595364,655720.1934108684
2023-02-10,4034590225,26884577306,497773.7022017507
2023-02-11,2774511966,26643991422,420342.25025739835
2023-02-12,2068986364,26974441499,1305819.8970076577
2023-02-13,3496980009,26790043629,577272.1768030297
2023-02-14,3448704627,26782252218,61532.799232396945
2023-02-15,3401065854,27280583800,507571.3502135166
2023-02-16,4603432449,28915013745,1339393.2400008733
2023-02-17,3707097260,28470586878,201494.26060868046
2023-02-18,2179624169,29136272291,192919.62583497632
2023-02-19,2697053228,29321976063,758328.8393287822
2023-02-20,2830822383,29126115304,758918.6472692739
2023-02-21,3416189574,29491737061,1006218.0612636784
2023-02-22,3295093975,28738725839,1893339.1019588546
2023-02-23,2856544365,28568863622,1289005.5033202344
2023-02-24,3056164636,28635826884,944236.3759500392
2023-02-25,1857180044,28063334092,1281730.339832303
2023-02-26,1737763435,27918377020,390023.3193635948
2023-02-27,2453132624,28534956672,449085.7897120136
2023-02-28,2435638695,28566999843,259111.7597428836
2023-03-01,2801439142,28387643796,347735.0900492136
2023-03-02,2757034932,28990100221,996893.9320334999
2023-03-03,2972819618,28799267198,96626.47968660918
2023-03-04,1505992687,27858956082,568633.3766388962
2023-03-05,1783224988,27971977497,563633.6847099123
2023-03-06,2111814588,27989588751,680596.4666063497
2023-03-07,2874869880,27920283018,554830.2648562941
2023-03-08,2526276163,27903224233,18717309.885011274
2023-03-09,3022942655,27402430206,27786905.153374754
2023-03-10,7259193891,26110607368,111928505.6551709
2023-03-11,7078236605,25971349070,144263257.32643914
2023-03-12,7955685790,25476418368,34841364.782650985
2023-03-13,8695241221,27735899647,48902050.760382704
2023-03-14,6191647586,27933681512,6143331.485842484
2023-03-15,5017276906,28023844471,19083924.44788115
2023-03-16,2876276624,27168817310,535846.402284365
2023-03-17,4436815151,27158949317,2012225.2929820807
2023-03-18,3689954771,28499344490,288289.41070633614
2023-03-19,3037650091,28515691892,659778.6818396449
2023-03-20,3818358659,28528830345,4237738.298723586
2023-03-21,3283289150,28571595709,732897.0817689335
2023-03-22,4642783922,29101405792,949058.0798373739
2023-03-23,4042538562,28459867953,128548.01998110574
2023-03-24,3952590645,29055249707,1750660.5239815523
2023-03-25,2197220009,28373482638,923970.4667201864
2023-03-26,2168799942,28280617806,787607.3359636186
2023-03-27,3017613054,28447281911,419711.8635576114
2023-03-28,2625674270,27903073276,362579.1811616699
2023-03-29,3303057344,28257555880,539606.191169909
2023-03-30,3241896991,28515248722,1143507.4604258582
2023-03-31,2709589122,28564420363,2083102.9708997924
2023-04-01,1834964296,28810489885,714212.1727586703
2023-04-02,1950640833,28755304472,1106585.3380071037
2023-04-03,3053236045,28514471194,881736.0622184763
2023-04-04,2609651061,28712692775,980571.9583697646
2023-04-05,2669657562,29630369198,1122973.7878701314
2023-04-06,2168549713,29487937974,1847329.9247172517
2023-04-07,1535222222,29348273466,86860.46655802407
2023-04-08,1426378248,29193589046,1442580.483982161
2023-04-09,1553301875,29218124053,279272.69662571186
2023-04-10,2017709113,29294186500,215948.20077179765
2023-04-11,2355136264,29773224072,849700.3114431667
2023-04-12,2812504021,29546489489,100607.95654833168
2023-04-13,3088780556,29654452468,2165669.164286406
2023-04-14,4100106452,31307814553,986844.5675980167
2023-04-15,2284673535,31319292422,1285242.0017387802
2023-04-16,2412903440,31407571335,16260.698168370505
2023-04-17,2769582365,31140022861,902466.4280314513
2023-04-18,3323066003,30604008582,813700.7334444808
2023-04-19,3973175662,30972685118,173115.63460127095
2023-04-20,3315156423,29420445393,166137.84059953596
2023-04-21,3491272069,29162781244,1189181.1711516404
2023-04-22,1723268053,28046588935,383850.04541557055
2023-04-23,1715908752,28130371312,1177559.0575803895
2023-04-24,2348555584,28113370104,808296.0006755913
2023-04-25,2458719238,27805904450,492577.4296667623
2023-04-26,3727828345,28066021294,2592035.2557832184
2023-04-27,3544991638,28530921494,1843073.7969697497
2023-04-28,2091730926,28402819171,442229.0456333751
2023-04-29,1482746778,28076144208,44570.118091750956
2023-04-30,2067103703,28215117818,363509.78176308726
2023-05-01,2650141104,27946203794,5078063.229754691
2023-05-02,2344890900,27437382854,12206403.745876074
2023-05-03,2816530924,27805039674,53727138.18404093
2023-05-04,2176833152,28230594023,4399243.655240154
2023-05-05,3735354067,27996626129,14377889.96977101
2023-05-06,3551390344,29070954906,899376.8724702668
2023-05-07,2316701148,28281715173,1176687.7783599778
2023-05-08,3771156448,27985252051,163846.2244913388
2023-05-09,2428483940,27280864269,508954.52989800804
2023-05-10,3432164958,27365290178,275563.66153562895
2023-05-11,3228302437,27046940107,420765.5867957273
2023-05-12,3434395664,26590988779,719754.3408356237
2023-05-13,1691529914,26606808452,1098485.9471417514
2023-05-14,1501741654,26505392762,111947.14333937256
2023-05-15,2048121504,26457859211,140291.27571102572
2023-05-16,1943725922,26740706673,388579.38742178475
2023-05-17,2373980397,26819973196,1083421.268700888
2023-05-18,2187574047,26778657570,1874095.2682868722
2023-05-19,1818915993,26579847460,805772.565585219
2023-05-20,1372907205,26631205764,1927252.699451869
2023-05-21,1217456260,26845506020,485869.3244411946
2023-05-22,1551960355,26585570806,380949.92167402356
2023-05-23,2688750707,26787358460,437365.5736936714
2023-05-24,2262256407,27135461596,187633.83704826175
2023-05-25,1919716857,26506177739,1766750.6208029138
2023-05-26,1607128294,26567785684,413503.59925230144
2023-05-27,1134574940,26793117002,803788.4488677589
2023-05-28,1988200991,26975551829,864057.6160156658
2023-05-29,2496845154,27745780349,737168.1601255251
2023-05-30,1958907547,27434654540,2691.6839073541432
2023-05-31,1917517982,27482481418,4452055.981643449
2023-06-01,1731551787,26587087851,2357480.4001275706
2023-06-02,1860444801,26531813731,232734.22161334928
2023-06-03,1311629967,26982632797,346002.68532571796
2023-06-04,1235402889,26889010519,733990.3275382526
2023-06-05,3133145589,26816646151,2321883.8483938333
2023-06-06,2808073374,25905928561,4112358.9459767295
2023-06-07,2620562886,26691139126,297789.06196944206
2023-06-08,1846003186,26066698924,830936.8678364294
2023-06-09,1821020389,26146848213,1644902.8448831302
2023-06-10,3971845525,25902531217,501486.1295226114
2023-06-11,1402255020,24936483310,1313315.4449612878
2023-06-12,2294636397,24945676483,175626.833859226
2023-06-13,2188938712,24736556836,918038.6782266559
2023-06-14,2503427463,24804269305,2008904.4850583826
2023-06-15,2662780044,23916467777,4105705.405115296
2023-06-16,2109074574,23886933822,82692.4881525666
2023-06-17,1546839903,24364330538,559223.5955795611
2023-06-18,1223481423,24533102689,228838.31014967785
2023-06-19,1817399467,24514898159,598994.9263814252
2023-06-20,2576204415,24640440792,793550.1664978313
2023-06-21,3959371682,25415921482,97973.10364771495
2023-06-22,3001037826,26489378054,352200.36336650635
2023-06-23,3041822521,26188665703,2625331.3258222393
2023-06-24,1604167560,26319720707,841655.8465265286
2023-06-25,2055479522,26221109269,611404.9901768662
2023-06-26,2602261640,26507231334,1400498.7304017744
2023-06-27,2533648425,26201965853,1354261.541559469
2023-06-28,2206015124,26296399512,49798.65701391675
2023-06-29,2014379972,25796998517,1233392.673905831
2023-06-30,3904813865,26051895301,1827863.5344816472
2023-07-01,1661805751,26908076346,181447.4000286799
2023-07-02,1796066199,26800149099,1518674.133684653
2023-07-03,2361389184,26989476763,337624.16325475817
2023-07-04,1989569729,27059181072,365960.42565715004
2023-07-05,1924237144,26936927006,1094405.5454819063
2023-07-06,2540061848,26566474979,118099.2787146288
2023-07-07,2196397496,25889890284,1093244.069782985
2023-07-08,1426962923,26157578465,2187978.5876275077
2023-07-09,1322839528,26134713769,1191752.0107975896
2023-07-10,2518353103,26080750436,580404.1607668865
2023-07-11,1728987193,26147610394,576634.9687288277
2023-07-12,1922786508,26226880973,1448578.7643788313
2023-07-13,3423182571,26166856061,833886.202941875
2023-07-14,3338795951,27159970086,88726.47951035948
2023-07-15,1588926516,26507305478,873880.6099634226
2023-07-16,1486058624,26616919181,1686554.961363224
2023-07-17,2642138060,26472068047,411080.41967286856
2023-07-18,2037626880,26324095737,2625225.545373183
2023-07-19,1882459507,26084853134,1389166.483088969
2023-07-20,1994471528,25839719815,853465.7682332388
2023-07-21,1450982404,25826593744,1392892.0331431588
2023-07-22,1481044641,25836198188,82456.99385149193
2023-07-23,1133269466,25387448157,1961758.6047619563
2023-07-24,1906858845,25627792845,1723189.721168321
2023-07-25,1366025045,25107237348,2406520.6200994807
2023-07-26,1786650356,25105168414,137689.96753411047
2023-07-27,1500301407,25235346651,85318.36050823366
2023-07-28,1303321410,25162783436,148982.2275623407
2023-07-29,1050169270,25314695754,509790.676346877
2023-07-30,2274674995,25378640440,552180.5051775257
2023-07-31,2560237229,23387222338,826035.0745162242
2023-08-01,2779481220,22986733048,130386.11520811098
2023-08-02,2109809734,22831913827,224894.4599872842
2023-08-03,1667756031,22577656515,1669423.3388383202
2023-08-04,1738099747,22997983487,631088.4328770787
2023-08-05,1783537733,23125004103,1649938.1331229107
2023-08-06,1175504116,23197572625,7454.091383024716
2023-08-07,1944451500,23282203865,802053.3657533673
2023-08-08,2128824625,23572421143,2687250.248898098
2023-08-09,1762054333,24056060428,872693.6933029117
2023-08-10,1577951335,24109368675,230792.38853645918
2023-08-11,1313122649,24422478231,1264988.8691529566
2023-08-12,1035025980,24648687235,476401.4109941202
2023-08-13,1713710946,24648510556,1103777.4469393431
2023-08-14,1615015044,24546259758,29758.136687919567
2023-08-15,1786447539,24692667451,1010327.7107590945
2023-08-16,2008284024,24372604622,32727.69085574299
2023-08-17,4328465173,23912237121,1365631.9276483576
2023-08-18,2881241407,22864477374,640389.6629237155
2023-08-19,1577278673,22644143718,129828.94711186668
2023-08-20,1326461738,22748117113,782275.5439598054
2023-08-21,1748762831,22260614615,69108.35303862276
2023-08-22,2584021138,22185226052,1059482.5547101581
2023-08-23,2156766503,21832892205,5543279.053727402
2023-08-24,1625327015,22301089285,1467059.123399293
2023-08-25,1757729845,22154853840,852785.8236182515
2023-08-26,1000246991,22061961560,108292.8766186454
2023-08-27,1001983250,22037921217,1203419.873130284
2023-08-28,1590426904,22225360754,1082250.4781039066
2023-08-29,2714892635,22247442750,50343.35690293424
2023-08-30,1545627010,22936574805,1571657.1867412068
2023-08-31,2092055504,22650912387,731298.9742634827
2023-09-01,1961154710,22012730644,554895.4113135837
2023-09-02,1071303295,21830808651,1552052.2886374318
2023-09-03,1071388821,21906085347,530295.9857234354
2023-09-04,1298402670,21951799985,655902.024275407
2023-09-05,1430265467,21835710283,200439.30772458867
2023-09-06,1829010174,21744717984,387603.9222881564
2023-09-07,1518339321,21615876551,1867774.7754379176
2023-09-08,1425140228,21830637649,206905.78643782975
2023-09-09,904680071,21656492439,540067.4641293329
2023-09-10,1410174837,21611885769,4513001.972932099
2023-09-11,2366711446,21506568310,269972.8920185877
2023-09-12,2222233212,20715382514,2486896.6237393827
2023-09-13,1720852612,21114939621,2505894.985699839
2023-09-14,1805129472,21275680810,95736.2469815771
2023-09-15,1609625264,21454807289,622973.4263757974
2023-09-16,1102524587,21686291345,697589.7046187841
2023-09-17,966641417,21588455821,376395.18756164017
2023-09-18,1835310737,21451264572,48496.72132761818
2023-09-19,1609073724,21514959017,276657.25272588234
2023-09-20,1562579192,21603400068,100405.74588925963
2023-09-21,1583984281,21356920688,272136.7373387244
2023-09-22,1232517451,20922459666,1649172.4062588816
2023-09-23,991513781,21066519213,2253588.168163088
2023-09-24,959840696,21003780034,44184.82174052031
2023-09-25,1544258006,20819903974,359460.0133075093
2023-09-26,1361645767,20946126167,3941565.035416159
2023-09-27,1809980885,20995082933,775452.8957710045
2023-09-28,2191663943,20951798145,984326.9942089762
2023-09-29,1915071654,21395527836,5560.84126488186
2023-09-30,1497794246,21445387792,663412.5558004726
2023-10-01,1970158646,21449436032,4450608.272647851
2023-10-02,2826000784,22052866253,470300.5172851054
2023-10-03,2008619080,21424026868,102074.9840868911
2023-10-04,1831391018,21222831738,619727.1450360642
2023-10-05,1769309679,21279012419,3296958.0761165097
2023-10-06,1651463494,21023400944,418292.9545922728
2023-10-07,1083849978,21302991285,1604066.0329247667
2023-10-08,1363331683,21246848457,1603686.1416925748
2023-10-09,1762036051,21143560300,233507.4423044914
2023-10-10,1502452261,20625186167,585850.4039080794
2023-10-11,1964759230,20195133375,1257378.0647280284
2023-10-12,1691454024,20060542943,528514.1226110976
2023-10-13,1506686052,19620222280,211964.95945185385
2023-10-14,891196058,20018802656,3426340.0298007024
2023-10-15,1109666969,20075878364,1051968.330169291
2023-10-16,2816122325,20109715073,2005892.6227945283
2023-10-17,1583577989,20524296799,25566.410985654067
2023-10-18,1575478720,20215656004,310481.09256844077
2023-10-19,1530171933,19936269289,697297.9838907867
2023-10-20,2067172539,20064908484,69831.04601072364
2023-10-21,1563694475,20431879040,4966608.03956459
2023-10-22,1709815752,20849448674,269792.90366729704
2023-10-23,3754107794,21427109729,468871.7618021528
2023-10-24,4488584876,22594061113,240813.6455842991
2023-10-25,2846174906,22548443249,111429.85925688325
2023-10-26,3002522212,22729160974,264590.4618926861
2023-10-27,2339060386,22762419584,357546.94616962713
2023-10-28,1326865779,22591311286,1006331.0585021817
2023-10-29,1502342513,22572175841,330220.51346399897
2023-10-30,2261334936,22807360619,449850.8843875905
2023-10-31,2383318230,23202078982,5960.572694523257
2023-11-01,3284279210,22971483426,455263.40360686166
2023-11-02,3380380880,23599891610,763325.000317228
2023-11-03,2804980469,23035264165,176756.07730695384
2023-11-04,1767540968,23668355039,909894.005522609
2023-11-05,2668492659,24135556504,346940.2921094861
2023-11-06,2797500150,24161617277,999809.564363057
2023-11-07,3022572278,24277321612,26545.84915504089
2023-11-08,2295490585,24226274807,2185633.162323306
2023-11-09,5468238206,24418890887,16249.9485710965
2023-11-10,4177079536,26294993296,135771.64988336616
2023-11-11,3793204970,26066353131,1501312.3002493663
2023-11-12,3270583173,25769987914,46981.79406898971
2023-11-13,4439708932,25823611528,1241324.0704491609
2023-11-14,4373344992,25509317955,3542051.7681365837
2023-11-15,4195746714,25029539845,2053250.993154384
2023-11-16,4676568973,26046336085,1238431.9297642175
2023-11-17,3967453674,24921876921,3182296.650915081
2023-11-18,2543424347,24970651308,561791.4943705973
2023-11-19,2413895970,25120094804,2062615.2162127974
2023-11-20,3548233581,25802956505,439990.82207787404
2023-11-21,4595142466,25877925254,2655889.337041902
2023-11-22,4025572379,24648276186,161081.9110237011
2023-11-23,2551724046,26054824562,2813894.4158614795
2023-11-24,2923186896,26000276270,1788063.4914755498
2023-11-25,1888903654,26196735955,1871158.8321692168
2023-11-26,2328628211,26134989004,132301.30369301306
2023-11-27,2877314778,26043720508,907546.3217664037
2023-11-28,2941641107,25631914895,16528.324175552145
2023-11-29,2767937795,25838527389,1277204.5258093046
2023-11-30,2703637063,25705616241,7767.604002722074
2023-12-01,2549038466,25927536686,88637.00026697566
2023-12-02,2600797862,26303577289,255535.56677099137
2023-12-03,2332050973,27167379985,2080438.3092734362
2023-12-04,4287438669,27496805731,451890.7707464051
2023-12-05,4292065995,27869170014,776441.6959277482
2023-12-06,4479587852,28506158250,839568.6401614314
2023-12-07,4547205828,27904141015,255490.3126986154
2023-12-08,4123325500,29032567088,848975.0580609704
2023-12-09,4296585370,29288314247,1081612.9841580077
2023-12-10,3034523973,28486951759,354171.4991978578
2023-12-11,6130441328,28208922450,542362.4890005473
2023-12-12,4703721674,27238172861,603469.0575017356
2023-12-13,4584382858,26832713214,2693417.703305712
2023-12-14,4375245892,27569555640,885503.9156968284
2023-12-15,4546028598,28184966889,2961376.6762566892
2023-12-16,3796754562,27147467448,812008.9938593273
2023-12-17,3255106649,27343778093,694270.653117168
2023-12-18,4393685421,27056274147,3538.4639523230812
2023-12-19,4024236778,27523956904,655637.6303708387
2023-12-20,4999468176,27379614438,2623548.2002012944
2023-12-21,5130379323,27742243368,221102.74645718336
2023-12-22,6926093313,27915752419,53496.91467047542
2023-12-23,4236475255,28759068515,522188.0885588069
2023-12-24,4952343891,28651410873,465846.6504176826
2023-12-25,4344711121,28301420148,1945981.5567034842
2023-12-26,5478567693,28411532283,26971.600961688055
2023-12-27,5812610483,27989968201,2527595.7582687647
2023-12-28,6359437052,29531852945,1142260.1440340383
2023-12-29,5275486099,29097350503,2345763.9676110493
2023-12-30,3215764080,28575901139,935292.8102877466
2023-12-31,3253504735,28554978275,1671065.0088772695
2024-01-01,2640397474,28452353833,408786.4278983972
2024-01-02,4937179224,29566121523,430115.79716971243
2024-01-03,7513033023,29705978670,494090.1632772272
2024-01-04,5483876386,28079288363,1405669.1727591956
2024-01-05,5126265746,29167060538,460910.97211512644
2024-01-06,3083671537,29170692765,277361.9175724997
2024-01-07,3118160062,28955946173,2775286.0654508923
2024-01-08,5657530789,28576553020,2386087.1837890055
2024-01-09,6455918319,29743089780,428934.34281426395
2024-01-10,7796918982,29944709184,1006866.82836449
2024-01-11,6790051377,32301713778,319987.94845127733
2024-01-12,6969932755,32517438048,230816.82662809262
2024-01-13,3726251398,31206398679,409984.59913459053
2024-01-14,3357996378,31704106608,396158.3892032456
2024-01-15,3591457642,30942434838,2139413.2368704975
2024-01-16,3523612418,31248326423,1727680.0112648164
2024-01-17,3724999232,31758842527,1236575.9873818823
2024-01-18,4134328745,31199813461,3202638.9900804455
2024-01-19,4272476919,30740310961,549121.9097210895
2024-01-20,2455242275,31016575599,281081.2903669873
2024-01-21,2429528424,30990072543,124881.41146107143
2024-01-22,4590159491,30893560842,358180.8747137832
2024-01-23,5162884456,29766175093,156962.3184133464
2024-01-24,3252512010,29120023679,96715.87443545573
2024-01-25,3307874697,28991089821,923648.2237264265
2024-01-26,3467708447,28907764223,452851.491405579
2024-01-27,2188161606,29705228978,831422.0171962956
2024-01-28,2608297659,29770856605,212371.4304019158
2024-01-29,3424720073,29651259919,1129811.5420411795
2024-01-30,3685124078,30299215651,242715.65046051162
2024-01-31,4578524421,30321319122,325762.81893909804
2024-02-01,3557561124,29574321713,1353867.5286016911
2024-02-02,3231340270,30025578662,820385.0377071482
2024-02-03,2298564568,30166976683,407722.27288956835
2024-02-04,2200040147,29925650367,783047.3425362088
2024-02-05,2872064594,29868188423,1184120.1876199094
2024-02-06,2871972700,31248199532,2431920.973132508
2024-02-07,3317019160,32634263738,869200.1382865912
2024-02-08,3476946585,33487625550,264859.66795931564
2024-02-09,4023413302,34348981630,1373171.3685894962
2024-02-10,2650375274,35637332051,1504037.9765494452
2024-02-11,3030475174,35876033237,223645.3208828246
2024-02-12,3941679091,36049393449,1717993.6366599144
2024-02-13,3839116576,37784803671,625366.7726258929
2024-02-14,3922405617,37507510407,1513067.6678286274
2024-02-15,4461138222,39433317292,271124.206958697
2024-02-16,3870889874,39828830603,404336.15019754675
2024-02-17,2799322171,39591200236,3072551.1015025945
2024-02-18,3026910701,39471444422,1072403.9662726827
2024-02-19,4038242594,40668607456,1482267.2146507408
2024-02-20,5119679437,41563523035,1165952.6295453825
2024-02-21,4621381205,42204424244,228538.22373888662
2024-02-22,4545215475,41943992775,636178.6429221446
2024-02-23,4024186181,42157275883,1655292.7207159174
2024-02-24,3306991746,41455486434,1124038.1852918332
2024-02-25,3667995471,42320807586,6046.126696244085
2024-02-26,5341919389,43582519551,91466.09469403757
2024-02-27,6512587707,44809336196,425863.8349631347
2024-02-28,9427293139,45920075053,2888952.478684186
2024-02-29,8714649693,47838470345,675681.5583548627
2024-03-01,6491220405,47545698975,314952.2362297328
2024-03-02,5843296358,49068637306,446949.38353443396
2024-03-03,6493722321,48875250802,236548.78576659347
2024-03-04,8490707796,49871484098,546798.382998159
2024-03-05,13781075377,51718474482,245945.85858074334
2024-03-06,12298968102,50616290907,1869196.8711289305
2024-03-07,10370862131,54160367249,609303.5805916615
2024-03-08,8349107887,54383764669,328229.13037580246
2024-03-09,5390647553,55090305911,2701446.773919725
2024-03-10,6996971415,55445219228,377389.95976588526
2024-03-11,8839452604,55142896948,2404780.202100809
2024-03-12,8867241421,57677257699,44388.8596545534
2024-03-13,8278906152,56248116466,1227975.4442500954
2024-03-14,10052863071,56468162068,661433.4959879274
2024-03-15,13373097483,54953025098,587384.6561088476
2024-03-16,10689016037,53233320858,36999.46008954107
2024-03-17,9292031979,50571846323,41533.90462998878
2024-03-18,9419254087,52122867571,404595.91156186437
2024-03-19,12078454949,50406443763,2939721.3827850525
2024-03-20,8596514158,46235395891,961444.9540253559
2024-03-21,6658594393,51244844964,460251.08695092297
2024-03-22,7762876167,50595824023,946690.7634162517
2024-03-23,4608124647,48656638665,230837.49428634573
2024-03-24,5099084173,49341536540,180403.12954646753
2024-03-25,7832398719,50713244142,449130.61898460775
2024-03-26,7683932735,52901158819,1990356.8933664432
2024-03-27,7870202000,53141443621,712129.668057187
2024-03-28,6902255741,52161395040,352258.30602576275
2024-03-29,6721601327,53205271709,3000777.4806175856
2024-03-30,5166981671,52608904464,1692635.2430657237
2024-03-31,4762915375,52715028056,390045.51759700215
2024-04-01,6681354853,54528007015,3579065.697078591
2024-04-02,9231916894,52873758477,4370184.852585773
2024-04-03,7194928791,49971162061,525364.357061215
2024-04-04,6740135865,50594726057,1066890.1084747615
2024-04-05,6139947407,50970380500,520292.2889971361
2024-04-06,4171228079,51260181361,297527.8578339863
2024-04-07,4761066427,51706516131,86269.11725968271
2024-04-08,7637334149,52722689451,305995.8793115793
2024-04-09,6636189233,56135335138,316739.9989725649
2024-04-10,6494471615,53770697406,508559.9917215502
2024-04-11,6227295169,54387309616,204427.3362851183
2024-04-12,8879857501,55345028901,3075173.900393135
2024-04-13,9840589218,50464730139,108565.51884367148
2024-04-14,8031753855,46681064554,981385.4960563459
2024-04-15,6691695832,49552931535,582854.1482712862
2024-04-16,6412358605,48970629526,550811.2476149768
2024-04-17,6028459300,49410337112,465202.02808406134
2024-04-18,5744725661,48031845903,2027340.3710228037
2024-04-19,6860667346,49249637524,329166.75962488435
2024-04-20,4232744203,49455503840,20790.795915504605
2024-04-21,4510868820,50792230521,2502219.8536111154
2024-04-22,5611091574,50953363726,1998638.0962918648
2024-04-23,5006556215,51523255290,324210.2293208251
2024-04-24,6624181725,52015253553,741261.4246973372
2024-04-25,5518656503,50776847190,115509.84323948588
2024-04-26,4969928511,51174453012,98083.79836771758
2024-04-27,4676616339,50933012399,1816868.7354738174
2024-04-28,4196814177,52769800176,528083.2122902544
2024-04-29,5037352201,52572634696,1083871.096505149
2024-04-30,6210640467,51541837183,2868228.7856476083
2024-05-01,6693958767,48299070880,281210.5136495465
2024-05-02,5166585377,48373289643,13247.189126685651
2024-05-03,5082534834,48884003238,24444.759236918457
2024-05-04,3925680902,50855926136,1235758.2943820022
2024-05-05,3442834438,51130681229,2584310.0747758374
2024-05-06,4765263876,51741203835,629853.6960580609
2024-05-07,4624348570,50405635647,470178.2814525743
2024-05-08,5068380882,49597675732,782766.5182572232
2024-05-09,4384614945,48686005178,1958405.75808327
2024-05-10,4361796459,49515215164,1055995.0630635768
2024-05-11,2754408913,48069843630,265242.2676351663
2024-05-12,2620806484,48246984651,1489790.8574553416
2024-05-13,4281933662,48567893950,144579.04795785097
2024-05-14,4424504400,48516219485,180994.4027270924
2024-05-15,5527246984,47778492841,948509.9481139408
2024-05-16,4836120116,49756196929,272837.34419532167
2024-05-17,5284261426,49077303501,1220029.5180138713
2024-05-18,3817800145,50969569847,430042.4632060692
2024-05-19,3463049154,51351535615,324932.6188689677
2024-05-20,7597758306,50778738831,6829319.374877928
2024-05-21,8732865623,58129964055,41463.996974797985
2024-05-22,7016466589,59549407508,1037957.1403052255
2024-05-23,10529168731,59880580591,39468.31221613369
2024-05-24,6730908102,59614919134,1427992.8142803484
2024-05-25,3927793775,59515998381,261481.59887917875
2024-05-26,4784180868,59941697363,94125.93507859694
2024-05-27,5815729320,61393239027,1045402.5108494567
2024-05-28,5589004790,61480104765,1319014.1666542313
2024-05-29,16456749437,60756430624,1133499.7863217918
2024-05-30,8088427217,59760821890,53296.2960400613
2024-05-31,5102647236,59749092246,348574.90310137736
2024-06-01,15956600072,60700547901,599817.7724982281
2024-06-02,31477551258,61308000156,338418.7354371583
2024-06-03,26067296925,61145349270,1663437.2663232652
2024-06-04,22781725237,60753503065,140544.6195126173
2024-06-05,19726936426,61458188016,947212.3186381214
2024-06-06,21379566857,62364731288,4440922.959190425
2024-06-07,7752301175,61733085688,2328482.952240868
2024-06-08,5192889007,60210928860,251230.6549851134
2024-06-09,3962615369,59892232003,81.89096664135695
2024-06-10,5056369116,60154066505,3942345.215183498
2024-06-11,7249312133,59069501462,2143131.2259323476
2024-06-12,7040915101,57709955805,2519156.11984028
2024-06-13,6215216557,58305767082,537004.573088695
2024-06-14,5884528709,57546044869,1364984.8781589398
2024-06-15,3768068729,57539472347,239312.94747090832
2024-06-16,3742219969,58504471387,498080.6390305
2024-06-17,6209087036,58854798921,1907493.9514669743
2024-06-18,7685038203,57481732254,136521.2569238807
2024-06-19,5345650081,57155011915,2243046.8763834033
2024-06-20,5409427275,57968351064,686187.4008617142
2024-06-21,5553389736,56826270673,555292.543540271
2024-06-22,3572196057,57005342141,364773.92099691584
2024-06-23,3261229146,57047553874,2487094.464583717
2024-06-24,7420758754,55613622915,729030.2681707287
2024-06-25,5017190731,54850626385,1629775.161115565
2024-06-26,4950774356,55873734136,1949479.0208763038
2024-06-27,5714083672,55551145952,2555960.4883576697
2024-06-28,5100598064,55930686420,361516.26428809454
2024-06-29,2953094931,54785169162,415228.9002379441
2024-06-30,3156065838,54851765478,904050.639249311
2024-07-01,4753462583,55958307062,582185.8227690546
2024-07-02,4232907039,55896921401,2700715.157724198
2024-07-03,5526218553,55091842781,506773.9290337333
2024-07-04,7262621339,53678184167,649662.5867856371
2024-07-05,9596618004,50609687512,960206.2787712632
2024-07-06,5037729398,50016620099,518756.13056031766
2024-07-07,4703985277,50165553446,4889981.173964394
2024-07-08,7650834617,48522725681,104084.97901067232
2024-07-09,5984137806,50161507125,249235.1429600841
2024-07-10,6057997218,50666181500,389574.72827551444
2024-07-11,6602386435,51148888945,159843.50415922035
2024-07-12,6247133381,51342112707,334381.35238811217
2024-07-13,4194721098,51527975653,1510703.1163255454
2024-07-14,5691735473,52270778593,740012.4004828678
2024-07-15,6949649453,53802841357,34543.450194896745
2024-07-16,7088363856,55370284180,4052583.9151560906
2024-07-17,6297787697,55863828506,957129.5951998306
2024-07-18,6253655240,55224099726,60747.825421397065
2024-07-19,7471136765,54933311032,1082253.1474795926
2024-07-20,4982892806,56286200459,475409.2061993521
2024-07-21,6402191593,56639045845,145804.45332311818
2024-07-22,5988555228,56636278700,829344.049037797
2024-07-23,7559608104,56193557022,1298576.3856753025
2024-07-24,4675134378,56484570403,1112082.4182960568
2024-07-25,7477728775,53872611860,284371.76224657154
2024-07-26,5139819175,52842038031,744158.8755538171
2024-07-27,5556905663,54195604305,771462.1770731956
2024-07-28,4331450144,54219905416,1261613.7962304335
2024-07-29,5995222667,54710905121,446079.85682573164
2024-07-30,5537801355,55391120926,1598164.6708298877
2024-07-31,5856007366,54742438475,988651.3631594842
2024-08-01,6320167012,53656536709,39085.59358162199
2024-08-02,6992746422,53063001368,790713.7517737712
2024-08-03,6148913262,50396510855,1979864.806991855
2024-08-04,7182989352,49075867057,838344.4414298275
2024-08-05,18455168322,44265555986,3867527.101581883
2024-08-06,7491760216,42772547698,14282365.715393923
2024-08-07,6964581200,43895288528,28289419.310756553
2024-08-08,6386144688,42256643602,116652.02149517456
2024-08-09,5128947436,45904376623,1698810.6866392177
2024-08-10,3512405997,45779801547,183300.00471371075
2024-08-11,4665904919,45920840859,763733.8047163881
2024-08-12,6047039281,44668893032,487342.65703350614
2024-08-13,5303740034,45897299056,285848.77731320064
2024-08-14,4093398699,46813499202,1042513.2225969995
2024-08-15,5451414332,45543174373,38109.12432046719
2024-08-16,4036402338,45152464391,1427307.2352883613
2024-08-17,2826896373,45637394172,748534.3988601068
2024-08-18,2974358219,45723652761,2085630.3371802082
2024-08-19,4421026393,46155222441,735466.7957906241
2024-08-20,4845400645,45916104993,35661.549771739694
2024-08-21,4793107694,45454623328,155018.8536102456
2024-08-22,4925233892,46412195227,1587698.8702236933
2024-08-23,4427346173,46114337009,677226.6845976583
2024-08-24,4221000136,48497030907,583179.9806229597
2024-08-25,3992858210,48102645271,383363.3337853313
2024-08-26,4928228837,48302077648,334842.44303058065
2024-08-27,5141849277,47014891417,3378056.5819670414
2024-08-28,5937547259,43575994255,567341.8863881622
2024-08-29,4428257228,44447796182,2154191.231967672
2024-08-30,4309444119,44505182826,1044587.6289936611
2024-08-31,2487626580,44543147615,1954944.3588303474
2024-09-01,3654544006,44414313581,1913585.0923657392
2024-09-02,3651289436,43268474604,3130682.4502271004
2024-09-03,4044387448,44937893769,1197137.0090465222
2024-09-04,4995708191,43540211177,1636793.3611238447
2024-09-05,4143826605,44016413298,1320985.7443417797
2024-09-06,5762173457,43173283529,929443.947253329
2024-09-07,3070327230,40900163893,1263560.5214471174
2024-09-08,3097855022,41607970210,1257902.593757404
2024-09-09,4249922957,42100394728,41768.05964491438
2024-09-10,3775898377,43194910699,725899.3975218174
2024-09-11,4513382662,43621578071,1573353.6547731778
2024-09-12,3569730456,43096503003,278342.0750220964
2024-09-13,3392990928,43401578824,625765.1805815978
2024-09-14,2693528483,45054093929,570904.2578199073
2024-09-15,2613198502,44605751702,515481.72875928954
2024-09-16,3662092023,43535436914,129925.93185088782
2024-09-17,4196387635,42662069461,745939.5796650539
2024-09-18,4653839568,43550741237,591039.0055193957
2024-09-19,5289019778,43527205568,1088838.4801593632
2024-09-20,4992249075,45337600461,797204.2322793386
2024-09-21,3928721771,46718294177,27929.348065078957
2024-09-22,3500436158,47025231640,32438.471746619594
2024-09-23,5151678331,46648122280,1208515.7780829442
2024-09-24,5045474166,48165305969,1229567.9791809148
2024-09-25,5140154068,48382002558,3217355.324526618
2024-09-26,6129302342,47276536385,2093172.837933397
2024-09-27,5800080195,48287205231,631223.9526734927
2024-09-28,4347155837,49106887206,983249.5440483562
2024-09-29,4294352411,48716803410,610980.6885376533
2024-09-30,6104242437,48523120084,252245.73753045243
2024-10-01,8038909205,47543903377,472690.43107746815
2024-10-02,6633026205,45612676498,109685.66951489059
2024-10-03,6056111097,44247417782,1098193.7332596246
2024-10-04,4976914460,43729226419,213230.52773364182
2024-10-05,3541274459,44842434813,645248.4373807745
2024-10-06,4080388757,44575493164,3424566.413479499
2024-10-07,5844941975,44728119919,32181.23638564709
2024-10-08,5920437021,44851761081,164556.2387639125
2024-10-09,5854330087,44276650717,354647.26445910364
2024-10-10,5927974734,43555932701,2843989.5949145206
2024-10-11,5218492084,43419399529,2395158.777830031
2024-10-12,4730321755,44878254667,176738.18185611902
2024-10-13,5178424034,45569508816,3969534.1844076985
2024-10-14,7858605702,45254831058,1389288.9409193574
2024-10-15,8067405821,47734866965,776478.9710282129
2024-10-16,6692786861,47025888109,2683887.7235669293
2024-10-17,6381532760,46955745676,2125335.8970371536
2024-10-18,6165455355,46221946999,496456.83850557153
2024-10-19,4651784691,46753102069,1068111.7823363564
2024-10-20,6175669866,46852008646,1042378.8816395538
2024-10-21,7408576177,48217599910,395962.678274859
2024-10-22,7356835904,47201411819,197707.52567827588
2024-10-23,8185150870,47316901622,628877.2157215992
2024-10-24,7614825701,45465776007,305548.78421929694
2024-10-25,7967363607,45990665364,438605.9383949919
2024-10-26,6019447195,45037241540,3082248.5490929657
2024-10-27,5293411720,45314740723,618295.530277394
2024-10-28,7582747219,45862388291,1154838.1454590447
2024-10-29,7955492480,46719141247,409819.41651584953
2024-10-30,7668142592,47745167124,5487320.020435302
2024-10-31,7367169431,48299182501,1075191.526610016
2024-11-01,7275384949,46175686946,218167.7831878795
2024-11-02,4957624883,46226485586,103344.76933073554
2024-11-03,6227565609,46013218168,2867876.9550016047
2024-11-04,6292992967,45765595295,2896390.8159277416
2024-11-05,7454742832,44622493054,971085.8753948224
2024-11-06,12767299605,45499004608,17137.51120831578
2024-11-07,11031762478,50088582994,255582.66116798116
2024-11-08,9233376342,52411295862,1615842.297389533
2024-11-09,8999314514,53375073669,2083126.9589994834
2024-11-10,13102417407,55567152991,605117.6484893534
2024-11-11,16743079880,56706949322,454950.4876708003
2024-11-12,19202548659,59080555961,320515.2453343455
2024-11-13,19771734530,58447931008,124396.68569265556
2024-11-14,15670734644,57566782431,123009.27161012229
2024-11-15,13027346441,55698230696,3049189.9803396496
2024-11-16,12716122697,56370427305,1653526.2498442465
2024-11-17,13951638336,56719853691,180059.35022123018
2024-11-18,17168404800,56227086408,231995.17394683373
2024-11-19,15971119137,57842842582,1065810.8387978233
2024-11-20,16557301422,56911769202,1446741.9131445375
2024-11-21,17925474504,56641668846,1662389.661616008
2024-11-22,15506063769,61377963127,178334.74430656797
2024-11-23,14795844544,61294536818,4143216.8752585836
2024-11-24,14160279235,62445949781,258514.37038871404
2024-11-25,17393277225,62000582068,890173.3618808534
2024-11-26,17455692437,61955690406,885799.7315429588
2024-11-27,14147205193,60954820509,3422274.521470479
2024-11-28,12461264900,66966425655,1071972.6257140113
2024-11-29,11184173534,65970933477,879246.1017921394
2024-11-30,10365258750,66798918236,731415.3111851334
2024-12-01,12945932815,68594200526,1446713.5409554774
2024-12-02,17519700801,68890734133,112111.31845694454
2024-12-03,15967692092,67687609203,2094.0922647248967
2024-12-04,17966568057,68238079520,3046791.23307302
2024-12-05,19875671919,71886280978,690466.136772255
2024-12-06,15644046017,70920634400,397996.1386865931
2024-12-07,9866197173,74876709883,458950.1606697831
2024-12-08,11293643138,74993266561,1628841.531551154
2024-12-09,18709134500,75133244233,481866.0502474025
2024-12-10,17759614706,69976296724,1470411.77980356
2024-12-11,13501477245,69343306226,580643.839484119
2024-12-12,14846433404,72937732046,1858395.9511499763
2024-12-13,12078550011,73411487811,79264.08026934267
2024-12-14,10052987356,74155121129,656098.6856964917
2024-12-15,10602425538,73875604773,628951.9249813593
2024-12-16,16188339442,74864684426,306970.88363846793
2024-12-17,14668982815,75864623178,2875547.5898472224
2024-12-18,17300105186,74004332774,2354177.98866864
2024-12-19,19191573473,69999138987,586261.1725600901
2024-12-20,17755466103,66518986458,102209.49170283464
2024-12-21,11863765363,66922945367,231658.63810515878
2024-12-22,10447017880,64814014483,316756.4474569641
2024-12-23,12164090360,64319687831,662074.5219064789
2024-12-24,11836432630,66644752382,413059.5397688017
2024-12-25,8853881428,68303658092,1487822.5397952537
2024-12-26,9769775752,68368068633,646314.3738798866
2024-12-27,10032482926,65856363874,2043074.931787566
2024-12-28,7956772063,65619559226,5468334.960956112
2024-12-29,8564997297,67000979154,248251.06090158742
2024-12-30,12627982028,66313255977,945903.331788658
2024-12-31,11058217844,65664128388,1880605.8340536673
2025-01-01,10054797365,65280073193,2904733.8294836013
2025-01-02,12834668880,66149542446,342612.0417761705
2025-01-03,11527086416,67583749383,1298440.0672878919
2025-01-04,9576456606,70220419238,15130.032276513608
2025-01-05,9542666085,71089644962,2113142.6035752133
2025-01-06,12968445713,71073600689,66074.15200425287
2025-01-07,14219263976,71747808466,1321988.6120834646
2025-01-08,14245869631,66575234838,5223281.67171311
2025-01-09,14041795198,65685390004,695529.5778012783
2025-01-10,12822429039,64101791654,234879.63898327496
2025-01-11,7791467855,65216390085,902988.556630249
2025-01-12,8142792644,65777292637,978565.0974485655
2025-01-13,14694152229,65234131345,1102839.4224083032
2025-01-14,11240383492,63689918452,189481.21670757222
2025-01-15,12562359705,65706446574,2289794.171060438
2025-01-16,13068829902,69228072764,970196.2971155115
2025-01-17,26641414041,67089197809,44546.32180109639
2025-01-18,48449819925,69656752436,1152143.0254441162
2025-01-19,44797521131,66842417114,218260.55087560703
2025-01-20,43909579366,65366176771,27721.495882084317
2025-01-21,26032035440,66142937959,800628.3325856989
2025-01-22,22801565815,67190616892,1678325.2818847827
2025-01-23,25099065098,65970915110,1965692.5752936346
2025-01-24,19796365176,67206494580,109280.32714539093
2025-01-25,15333187105,67022427120,1087799.3171750328
2025-01-26,16478529093,67506712060,1238133.7843328922
2025-01-27,20715976672,66395509675,348872.5959616556
2025-01-28,14928762836,64102989620,3553090.565518375
2025-01-29,15085050810,63083117802,326682.7683050019
2025-01-30,13404340614,64238070939,72551.54181916316
2025-01-31,13759608730,66049725015,732471.050210754
2025-02-01,13929784220,66561004311,1185199.7466467272
2025-02-02,21974061015,64107348392,280587.01806666143
2025-02-03,28733371004,59299942873,413369.5695584466
2025-02-04,17663546601,60547595544,829260.1495162968
2025-02-05,12986547909,59035619422,2177523.418036362
2025-02-06,13366896556,59598884131,1375654.7864138656
2025-02-07,12062500703,58846448100,235205.95941548445
2025-02-08,10245597470,58291747937,290054.31161559233
2025-02-09,12899195355,58500027438,742086.803149467
2025-02-10,12126279800,58514413083,1465158.7747689753
2025-02-11,11719318745,59287838599,964330.8451580269
2025-02-12,13210217596,58567605820,695799.2267294852
2025-02-13,14048847974,60709313993,909129.7823845693
2025-02-14,11438119637,60012713448,1410833.1049802708
2025-02-15,8263137687,60581426821,770200.5805697663
2025-02-16,7894754318,60354982241,2280361.322600668
2025-02-17,11438659871,59768807583,2938737.582376676
2025-02-18,12271498408,60803131104,2469283.4101603297
2025-02-19,10242559651,59740842689,1404533.0394669203
2025-02-20,9809660714,60552296462,282788.7363613134
2025-02-21,13882355176,60849829254,486574.48423471884
2025-02-22,7731005966,58567758445,328503.9990086365
2025-02-23,8824798785,59804878296,1071951.5878660171
2025-02-24,15558418568,61129836180,391890.10349991405
2025-02-25,18516444483,56294192100,1404016.9013077382
2025-02-26,12855338163,55326734394,120484.39425272215
2025-02-27,10867315386,52181079924,1493277.3604825803
2025-02-28,13859097125,51833513883,881652.55698421
2025-03-01,9245119075,51858918695,1804168.2637357956
2025-03-02,15870966402,51946873334,563656.3311757927
2025-03-03,14856895041,57033796458,980734.4660610936
2025-03-04,13186249455,51329840603,808360.8159764674
2025-03-05,10622131981,51510418739,3716097.1725787655
2025-03-06,10029443674,53266036020,1408435.236975675
2025-03-07,11758358761,51775831429,787047.5033766155
2025-03-08,6515771745,51484420843,191199.3567469989
2025-03-09,7004051360,52221219321,2344597.5546948025
2025-03-10,12238057765,49031370166,230467.53467690415
2025-03-11,11469742090,46656548141,1049945.7229656728
2025-03-12,9006326645,48004218724,2756272.2110532573
2025-03-13,7163220237,47937313529,253061.19182805947
2025-03-14,6083985330,47419974017,256084.62569301028
2025-03-15,4351279812,48669461863,1909320.174950237
2025-03-16,4820449842,49151392620,1758257.1478537177
2025-03-17,6309557002,48422948955,433406.89876844815
2025-03-18,6337611488,49067041721,308015.7933605189
2025-03-19,7728781045,49135414839,136264.80758658523
2025-03-20,6498543962,50684020428,4417538.013852553
2025-03-21,5859504584,49282778295,1803891.3693082903
2025-03-22,4227071112,49187973307,2296519.574888077
2025-03-23,4831341997,49576774718,720887.0496452935
2025-03-24,6975914487,50613211743,121472.77068635666
2025-03-25,6603040146,52443320838,54013.13554159497
2025-03-26,7187494405,52999888129,401346.75440299284
2025-03-27,7130031624,52177703285,2529867.610358489
2025-03-28,7915046270,51751399500,2948502.0900447248
2025-03-29,7526904285,49418342414,1839882.2105192519
2025-03-30,5101527239,48132124707,172782.17389768793
2025-03-31,6600782213,46911908875,544594.7206126124
2025-04-01,6934506338,48102589184,282685.13622550404
2025-04-02,9807142256,49599197376,229853.2293539969
2025-04-03,8884692387,47935668116,1154629.9361339284
2025-04-04,9194397837,48391371895,665749.289502774
2025-04-05,4315596268,48657085374,392908.73777289025
2025-04-06,8184648323,48717018504,105598.83553688806
2025-04-07,13540890321,44667488811,786937.9314628119
2025-04-08,8373810246,44513058966,426216.6696924564
2025-04-09,11871712909,43098323026,496094.3408079144
2025-04-10,8672430309,46271153140,371801.26028412924
2025-04-11,8056745438,43919439068,489708.8357161301
2025-04-12,7108396319,44318327792,811614.5155956357
2025-04-13,7773764360,45411129859,14244.78247778093
2025-04-14,8666896817,45072853451,1881555.0508927787
2025-04-15,8171355477,45145782332,2550019.5647080974
2025-04-16,8970238046,44842224938,799685.4794404423
2025-04-17,7568811133,45080545772,312003.6135033545
2025-04-18,5102624925,44957511670,4629360.4467213815
2025-04-19,5385466660,44739934161,483200.7778019374
2025-04-20,4951957330,45367009489,1183044.6482256507
2025-04-21,8061451120,44956586127,1171029.9198144814
2025-04-22,10220273046,44100068522,569707.4005534722
2025-04-23,12422151683,47620643988,222091.8012640268
2025-04-24,9239883065,48589629871,3398582.081165549
2025-04-25,9854449699,48952908077,65809.57853007225
2025-04-26,7645785322,49639048065,663878.4938406488
2025-04-27,7273488261,49912505341,249398.6058002516
2025-04-28,9628444723,49623325241,348103.40225617005
2025-04-29,8670294964,49745739019,1763331.3381554624
2025-04-30,9273281274,49520824352,457704.47564431984
2025-05-01,9485573373,49238063808,87027.6713502162
2025-05-02,7911039786,50205142396,218540.41840752916
2025-05-03,6660647626,50668457495,1968783.6359113492
2025-05-04,7065077566,50596517195,3773516.200851166
2025-05-05,9939966853,50163736686,311950.39457512833
2025-05-06,8317012268,49762052158,1125189.3128345478
2025-05-07,9181296849,49765737363,84685.71707047823
2025-05-08,13630213072,48679656967,1285420.0239223826
2025-05-09,16381973063,55633371658,538602.1997374726
2025-05-10,13248116564,57863944604,2502988.1589019694
2025-05-11,15255458031,61482791373,373292.49662091857
2025-05-12,20069945269,60622576137,2838164.536901272
2025-05-13,15076440503,59310615323,699663.2180618722
2025-05-14,14696733656,62394423123,429081.17108795955
2025-05-15,14663442106,60306917032,1041342.7338918848
2025-05-16,12096884936,59068139108,287343.73410948826
2025-05-17,10392345808,59297527047,261057.79482510616
2025-05-18,12193856016,58577163654,218587.0039423819
2025-05-19,14909940570,58901497310,3216368.067566935
2025-05-20,15614629932,60076706435,679074.1273789271
2025-05-21,18720841853,60352050909,1392775.1677137564
2025-05-22,16361069005,61240898958,642438.631630959
2025-05-23,17516244304,62989997937,885616.435685439
2025-05-24,9032912579,60305450144,877404.1638103543
2025-05-25,9994986095,60416290627,3906354.497687334
2025-05-26,11846574522,60808734392,1103925.7526861718
2025-05-27,12522815385,61443346503,274133.56481637387
2025-05-28,11551137952,62820654030,15314.327148608318
2025-05-29,13569360503,63077529292,246773.22048737525
2025-05-30,13950384458,61579746609,607923.4112689078
2025-05-31,9912032825,59944778374,499919.2100504233
2025-06-01,8857555102,60024391756,1673050.139068781
2025-06-02,10298669600,60548937422,1539710.1677051568
2025-06-03,11216370441,61182018289,93317.73075463556
2025-06-04,9941319515,61174979881,3036777.7298981864
2025-06-05,13447331305,61527126587,749625.8481733977
2025-06-06,10396926503,58294052133,907340.8093313967
2025-06-07,6940730659,59613160825,519289.29195061536
2025-06-08,7262253434,60611380127,1048397.2991745585
2025-06-09,11635545527,60444828287,2050475.5636633877
2025-06-10,15188720466,62870213641,1120661.4961043873
2025-06-11,13292212485,65264431895,3509848.098082515
2025-06-12,12910600371,64829125913,1207720.6509440902
2025-06-13,15026570714,61315776715,1724404.0617513112
2025-06-14,7742073683,61014711585,46085.3883853989
2025-06-15,8574833913,60648335107,1116873.5573006172
2025-06-16,14354040549,60660020871,1063494.1462554985
2025-06-17,13897828432,62516344075,107302.45665152515
2025-06-18,11754011440,61763579300,1847615.7650076807
2025-06-19,9291941725,62136621255,952364.651522566
2025-06-20,11106437586,62174269332,103504.56165636658
2025-06-21,9800086598,60022623967,902553.3204840154
2025-06-22,13201276362,57771670392,650884.6528975841
2025-06-23,13662197855,56286075352,265651.301714235
2025-06-24,11344764933,60023288145,19953.851121190266
2025-06-25,10703772866,60837826546,455024.0355679612
2025-06-26,11063674579,60801853705,967192.2016404631
2025-06-27,9202055487,60078934796,399402.22481618123
2025-06-28,6760152399,60276224329,367092.8112710888
2025-06-29,8271692244,61334769431,1390789.4172588312
2025-06-30,14896580872,62329604358,1421402.0780825324
2025-07-01,9368239991,61900154855,1268567.630974589
2025-07-02,12084635571,60759476564,106674.66110793114
2025-07-03,11025743249,63328225981,726013.3173701242
2025-07-04,8803472535,64199089283,815989.9810862619
2025-07-05,6626300496,62937228074,1365725.4664634843
2025-07-06,7681569361,63387396992,2334878.1692450093
2025-07-07,10126935584,64306230137,460511.0126930878
2025-07-08,10206797765,63620295412,559776.8775030397
2025-07-09,12433528209,64961964186,1319636.1845348787
2025-07-10,13727332698,67801391189,1086594.053849074
2025-07-11,16074129188,70845171791,816151.0984008979
2025-07-12,11876567315,70971285523,430997.75763532665
2025-07-13,11257288561,70863305931,217350.79496759293
2025-07-14,15735785526,71716395629,203104.88816070935
2025-07-15,17145356061,71921215437,85104.05938578025
2025-07-16,15231472382,73625990134,84687.7331633648
2025-07-17,17326001504,76034723032,1869493.2980343434
2025-07-18,18851947905,77562844082,483977.2051715123
2025-07-19,10699235540,79070498788,62662.54635746744
2025-07-20,13782074104,79787861784,2267465.774604641
2025-07-21,16535395936,82521479406,252663.09005678972
2025-07-22,19472023243,83260684063,312144.76623426285
2025-07-23,16864120062,82923832159,216289.39423887953
2025-07-24,16622258327,81332090567,3426547.80195647
2025-07-25,16200145292,81342357960,119391.92616623167
2025-07-26,10211017506,82521648384,1280721.5397933433
2025-07-27,12756271869,83086611925,2689553.4708819594
2025-07-28,15843822242,85768115663,1102624.211646465
2025-07-29,15429952557,83824684546,1957058.3258699265
2025-07-30,15801298231,83617579652,277661.91157903185
2025-07-31,14859203247,83713129614,1120636.9974569497
2025-08-01,17258225875,81716735909,1206881.4970301036
2025-08-02,11573204224,78022274458,613102.9578222812
2025-08-03,10474590958,76441493664,2044426.7426386783
2025-08-04,12095710625,78754424976,1185432.7389825531
2025-08-05,12829745042,82040277700,2252631.711708162
2025-08-06,12086932868,81639202107,1399194.6259779441
2025-08-07,13755389494,82838046081,734574.4025965501
2025-08-08,14793099741,87304691478,690527.0480981644
2025-08-09,15909917119,88044949171,604637.5754249153
2025-08-10,13866946174,91695816524,21884.593194013945
2025-08-11,17299511573,91278209271,766022.0056925493
2025-08-12,20735740879,90835409664,549866.6248398458
2025-08-13,20203179608,95790052984,171421.49423040345
2025-08-14,24828656028,97262939326,126776.76898704018
2025-08-15,17254351176,93817711321,596659.2914614682
2025-08-16,10630171996,91852991881,40731.4293987428
2025-08-17,10971993556,91534048999,4311000.883721124
2025-08-18,16507769995,91688870590,475009.6284686503
2025-08-19,15879324697,89870905053,481443.52475873346
2025-08-20,15699353823,85873368811,52479.57725521982
2025-08-21,15437611271,89025886982,556297.8826927169
2025-08-22,22325582326,88435312860,15870.71347001718
2025-08-23,16054682462,96051788990,30555.741353054545
2025-08-24,20229049451,97300372784,414151.5762134762
2025-08-25,21042272865,95141955330,1720196.0119066385
2025-08-26,17343265345,91225769559,614005.3337999581
2025-08-27,17891646252,94206510579,14951.802384267241
2025-08-28,15054897530,93135928152,178194.12440157234
2025-08-29,19225583012,93467543551,1346776.4688663771
2025-08-30,9768023152,91220258359,1340532.538302194
2025-08-31,10174491812,91143288345,1404551.641212418
2025-09-01,15272664589,91066760292,433354.4908098292
2025-09-02,14451513847,89573024450,434292.0613917211
2025-09-03,13685020794,89459004806,1619870.4780906471
2025-09-04,14280495606,92259791557,507726.90557134495
2025-09-05,16448048485,90166936862,1298983.3809045213
2025-09-06,9143369997,90595039714,870177.9794442983
2025-09-07,8448680603,90085665919,453094.0920385571
2025-09-08,13652946512,91136892189,83388.69592626052
2025-09-09,15066546804,90883903653,123440.05499289386
2025-09-10,15539937916,90708879810,2203271.3319444805
2025-09-11,15765362751,91664467330,602101.5538176177
2025-09-12,16988380629,93011984063,5116752.58510888
2025-09-13,14453578209,96839774594,452394.6980969776
2025-09-14,15026872479,96136258436,287621.14720100537
2025-09-15,19335666262,94905757836,431612.9832890635
2025-09-16,16445634557,94130786641,420202.3146920471
2025-09-17,19133149938,93579124414,1014335.6596763493
2025-09-18,17274532336,95203569620,12819.381967806848
2025-09-19,15919504359,95910912601,1440829.2713120005
2025-09-20,14308769396,94322363604,538564.5229577424
2025-09-21,15471454091,95381280027,566055.0645706521
2025-09-22,22273659954,94346626873,656073.0294902762
2025-09-23,20215604555,90544826618,596406.1136833741
2025-09-24,19535763077,89324111928,688101.7284081382
2025-09-25,29220305640,89264973948,424501.6237898161
2025-09-26,20752094066,84748553069,603939.4682470333
2025-09-27,13523691713,85834338152,518608.05460970814
2025-09-28,12829782967,85697420962,730314.8560304012
2025-09-29,16132683418,87630017348,976224.099311048
2025-09-30,16321160486,88583832102,275807.00396308943
2025-10-01,16582744471,88159207264,710165.4712899111
2025-10-02,18496754252,91408778016,902935.1145337747
2025-10-03,19465881333,93503104312,17093.58095994301
2025-10-04,12910246172,94187680798,734998.3266777443
2025-10-05,16049437609,94001319011,273507.3383888507
2025-10-06,19015592457,94454515969,518418.62434689223
2025-10-07,23434588156,97438446510,1751751.5411485147
2025-10-08,21584474868,94680503923,394874.7792664095
2025-10-09,21351486805,94731882434,660132.0742425197
2025-10-10,33436357830,92813008620,25052.359793255866
2025-10-11,25484463421,82837578388,369254.996548165
2025-10-12,22495611780,81959594213,1020876.8060616548
2025-10-13,21909923242,88321391425,378572.63585179724
2025-10-14,24614832264,89891647688,230416.8202518859
2025-10-15,20338309900,88622708052,343414.2284312902
2025-10-16,20805914887,86231694196,3087371.9477103734
2025-10-17,19916223696,84484592829,90802.35978652319
2025-10-18,12357875687,83257322065,622423.6328968136
2025-10-19,13588037009,84093297370,60160.81452895411
2025-10-20,14411140995,84995707270,773616.1685371298
2025-10-21,17119818928,85585838663,157865.93265516436
2025-10-22,16792951709,84727148785,1005353.6807549035
2025-10-23,15579703576,82394149814,307065.33667951025
2025-10-24,15067250793,83040913362,1174140.217308814
2025-10-25,10642483452,84970704765,426401.8495619105
2025-10-26,11609079664,85562827488,4177.200976247361
2025-10-27,16546794027,89072248918,349408.1384110156
2025-10-28,15762210998,88274113082,85442.90483203637
2025-10-29,16420091151,86476625256,683275.3311818743
2025-10-30,18179967629,86154759573,340928.24601688475
2025-10-31,14900546249,84416837732,1021628.6610151939
2025-11-01,10207122473,85015048999,693019.08362749
2025-11-02,10230316327,84817599563,36710.51304310727
2025-11-03,18311031231,85021881705,383655.52634365426
2025-11-04,24565164831,80288066652,671501.528637432
2025-11-05,17339795637,74051577017,849108.4645721844
2025-11-06,17058275800,74506691441,110787.76537928692
2025-11-07,19370300811,73142039501,1049740.100511011
2025-11-08,12488114674,74408846257,421133.7390709037
2025-11-09,15249726326,73686597366,202019.85333208114
2025-11-10,15179275337,76718845019,1636432.4498517127
2025-11-11,14568787957,76656269225,71091.5581254603
2025-11-12,14693148023,74778056116,2655977.6204935377
2025-11-13,15514120415,74913106262,1225081.2282469077
2025-11-14,15062306924,73449682254,645483.4034641236
2025-11-15,10685285731,72168986346,11223.634893759277
2025-11-16,10982540178,71994132798,494501.77086290537
2025-11-17,13451370233,69948188271,1037889.0746153309
2025-11-18,13178207699,69065437596,1958379.2525064969
2025-11-19,12399972546,70754894162,961717.0446781133
2025-11-20,13879302246,69316159277,507011.9405271922
2025-11-21,17830948219,66933424708,593047.3743414691
2025-11-22,9151532311,64669300280,2065896.3087778818
2025-11-23,9294071794,64467932762,432873.26782811055
2025-11-24,10252617583,64808531147,67377.31857611543
2025-11-25,10125848812,67324823744,584602.3425720739
2025-11-26,10509647024,67408761539,6475405.497374807
2025-11-27,11318400533,68738811354,477669.5175052561
2025-11-28,10910621624,68542787802,214499.41559958123
2025-11-29,8497059096,68919266107,46180.21647563123
2025-11-30,8285311917,67961120959,187497.5884902184
2025-12-01,13159372021,67615802818,391657.4802138844
2025-12-02,11789774291,65380093066,853969.5158810442
2025-12-03,11748661345,67459101374,1095382.756494464
2025-12-04,11040290662,70819833216,43762.69351027066
2025-12-05,10960862870,69635219113,2751690.275084714
2025-12-06,7630000289,68786016237,268714.2312196786
2025-12-07,9768966897,68913747589,161416.0175387492
2025-12-08,10836539384,69245851140,756788.896613651
2025-12-09,12546319402,69306466592,1131918.2835983245
2025-12-10,11532690495,71996539060,367090.12175007584
2025-12-11,11925080542,71650696591,1106970.7799668137
2025-12-12,10506221243,71227393687,348556.35053408175
2025-12-13,7060027862,69688674182,2324539.5394376335
2025-12-14,7479050920,70278697706,2126069.8366118246
2025-12-15,12105357908,70623307338,73855.79428971313
2025-12-16,10698952756,68633951097,162992.59483130058
2025-12-17,11015311880,69066978407,1197522.6054816104
2025-12-18,11943911255,67245027654,120.10870173624139
2025-12-19,11130305081,67233531643,1724925.1699322467
2025-12-20,7149737055,69217095435,440429.0018327676
2025-12-21,7887161987,69436662063,1365002.234872368
2025-12-22,10770947963,70109827885,45245.52104345436
2025-12-23,10308524933,69691233042,234791.664699921
2025-12-24,8659746958,68065033149,73436.85235367769
2025-12-25,8185360146,68543104185,198236.07778922323
2025-12-26,8994800540,68042716774,485192.3679871114
2025-12-27,6947937483,68078322154,676391.9585645972
2025-12-28,6750482055,68373141597,2478026.692764673
2025-12-29,10979938615,68614910740,986643.5097201789
2025-12-30,10524790052,67996893046,1225808.8651838866
2025-12-31,9914464650,67196672070,85678.45845404935
2026-01-01,7125090607,67985983843,337975.2890255425
2026-01-02,10315987935,69295181576,4795352.109047666
2026-01-03,8421512689,72027326945,821940.7894142503
2026-01-04,8589696040,72320859848,1550308.2116932394
2026-01-05,12330044449,72654429666,33021.731251625366
2026-01-06,12963796835,74327961605,87822.12097184414
2026-01-07,11694233322,74988715243,115672.6120321306
2026-01-08,9443888908,72831594660,15403.877223681127
2026-01-09,8756876629,71197148790,2550776.856038598
2026-01-10,5440287720,70947015508,292540.90571806
2026-01-11,7369844713,71208292569,5674941.735492105
2026-01-12,9578790902,71747805906,1339906.5108347337
2026-01-13,11150934800,71382439106,288496.79106634
2026-01-14,13367917392,75039389966,4804186.612013096
2026-01-15,12389631910,75530207722,2029005.9321930674
2026-01-16,10441028541,74803879788,180321.16541675036
2026-01-17,7478701756,74882195301,204962.22690723013
2026-01-18,7460188995,75176759818,1140016.1445222036
2026-01-19,11100529272,73746973549,81514.05563572567
2026-01-20,15356649062,73510049594,878332.5037660109
2026-01-21,16627598457,68683825880,68924.57880007371
2026-01-22,12915563520,69401434797,250126.34239450892
2026-01-23,11864568980,69230583377,2965008.1956662666
2026-01-24,8121715143,69074969662,690294.5279438795
2026-01-25,10030772324,69773038954,852642.3791171209
2026-01-26,11199452980,67451553401,314276.9729874767
2026-01-27,11452909104,69350688428,579928.5819567435
2026-01-28,11366791415,70724545542,142719.07737565908
2026-01-29,11670232619,70931746672,726944.5520827404
2026-01-30,15113411232,67622769037,55465.98036660987
2026-01-31,17740657102,65840248264,49452.22027206959
2026-02-01,14131164312,61868100723,1138334.0749112226
2026-02-02,15190248056,59105234807,56550.89186523755
2026-02-03,15437589172,59961010300,736647.4367965
2026-02-04,15765327846,59164574753,309282.34660110483
2026-02-05,21294936323,57640537731,207878.09235702493
2026-02-06,18797847403,51666972630,851718.3598751096
2026-02-07,12911280108,54889219316,351635.23228854296
2026-02-08,8900023879,56345943731,609509.1739912658
2026-02-09,10253752384,56811487880,149630.39024771444
2026-02-10,9560315462,56791817599,135230.7654016865
2026-02-11,10604323713,55619701280,112641.32862832375
2026-02-12,9235391204,54841497912,74249.64173250989
2026-02-13,9234081211,54377077081,806794.6465618296
