date,usdt_marketcap_usd,usdc_marketcap_usd,sofr,on_rrp_volume_usd,yield_1m
2023-01-01,66256361891.0,44128050714.0,4.3,2553716000000.0,4.33
2023-01-02,66256361891.0,44187371838.0,4.3,2553716000000.0,4.33
2023-01-03,66256361891.0,44292114800.0,4.31,2188272000000.0,4.33
2023-01-04,66256361891.0,43755897726.0,4.3,2229542000000.0,4.33
2023-01-05,66256361891.0,43707557292.0,4.31,2242486000000.0,4.33
2023-01-06,66265138847.0,43299974347.0,4.31,2208265000000.0,4.33
2023-01-07,66265138847.0,43268699457.0,4.31,2208265000000.0,4.33
2023-01-08,66265138847.0,43387399345.0,4.31,2208265000000.0,4.33
2023-01-09,66265138847.0,43528571993.0,4.31,2199121000000.0,4.33
2023-01-10,66265138847.0,43178991852.0,4.31,2192942000000.0,4.33
2023-01-11,66265235156.0,43248929190.0,4.3,2199170000000.0,4.33
2023-01-12,66265235023.0,43376173705.0,4.3,2202989000000.0,4.33
2023-01-13,66265234655.0,43497346143.0,4.3,2179781000000.0,4.33
2023-01-14,66265234518.0,43019641206.0,4.3,2179781000000.0,4.33
2023-01-15,66348034455.0,43256713977.0,4.3,2179781000000.0,4.33
2023-01-16,66348038279.0,43471957434.0,4.3,2179781000000.0,4.33
2023-01-17,66477485277.0,43411669158.0,4.31,2093328000000.0,4.33
2023-01-18,66477485276.0,43137150755.0,4.3,2131678000000.0,4.33
2023-01-19,66477485276.0,42668616303.0,4.31,2110145000000.0,4.33
2023-01-20,66477485276.0,42558209004.0,4.3,2090523000000.0002,4.33
2023-01-21,66477485276.0,42749802510.0,4.3,2090523000000.0002,4.33
2023-01-22,66690157269.0,42928688531.0,4.3,2090523000000.0002,4.33
2023-01-23,66736957267.0,43067678014.0,4.3,2135498999999.9998,4.33
2023-01-24,66847026263.0,43061027705.0,4.3,2048386000000.0,4.33
2023-01-25,67025890257.0,43225760695.0,4.31,2031561000000.0,4.33
2023-01-26,67181010253.0,43129927507.0,4.3,2024069000000.0,4.33
2023-01-27,67317930248.0,42883164714.0,4.3,2003634000000.0,4.33
2023-01-28,67497094240.0,42651052010.0,4.3,2003634000000.0,4.33
2023-01-29,67612864237.0,42686584108.0,4.3,2003634000000.0,4.33
2023-01-30,67768684232.0,42566618284.0,4.3,2048714000000.0,4.33
2023-01-31,67803984798.0,42155501707.0,4.31,2061572000000.0,4.33
2023-02-01,67785626780.0,41871646731.0,4.31,2038262000000.0,4.33
2023-02-02,67807926779.0,41863253556.0,4.56,2050063000000.0,4.58
2023-02-03,68021246768.0,41916156505.0,4.55,2041217000000.0,4.58
2023-02-04,68021246768.0,41463032779.0,4.55,2041217000000.0,4.58
2023-02-05,68057281686.0,41436743967.0,4.55,2041217000000.0,4.58
2023-02-06,68057281686.0,41495257893.0,4.55,2072261000000.0,4.58
2023-02-07,68175431684.0,41342044374.0,4.55,2057958000000.0,4.58
2023-02-08,68175031684.0,41168900667.0,4.55,2059603999999.9998,4.58
2023-02-09,68175031684.0,41006514986.0,4.55,2058942000000.0,4.57
2023-02-10,68177031683.0,40981967912.0,4.55,2042893000000.0,4.58
2023-02-11,68312091683.0,40852727448.0,4.55,2042893000000.0,4.58
2023-02-12,68379291680.0,40781641461.0,4.55,2042893000000.0,4.58
2023-02-13,68404291680.0,40709074101.0,4.55,2107775000000.0,4.58
2023-02-14,69122316678.0,40443960753.0,4.55,2076547999999.9998,4.58
2023-02-15,69484915674.0,40525652946.0,4.55,2011998000000.0,4.58
2023-02-16,69778380670.0,40975801486.0,4.55,2032457000000.0,4.58
2023-02-17,70146890659.0,41155854966.0,4.55,2059661999999.9998,4.58
2023-02-18,70286590658.0,41399631618.0,4.55,2059661999999.9998,4.58
2023-02-19,70395855657.0,41361539306.0,4.55,2059661999999.9998,4.58
2023-02-20,70395855657.0,41409293788.0,4.55,2059661999999.9998,4.58
2023-02-21,70432115656.0,41474981309.0,4.55,2046064000000.0,4.58
2023-02-22,70452425653.0,41628495125.0,4.55,2113849000000.0002,4.58
2023-02-23,70583245569.0,41656338630.0,4.55,2147417000000.0,4.58
2023-02-24,70680398565.0,41792319067.0,4.55,2142141000000.0,4.58
2023-02-25,70790878484.0,42043206419.0,4.55,2142141000000.0,4.58
2023-02-26,70839528483.0,42116692266.0,4.55,2142141000000.0,4.58
2023-02-27,70876378483.0,42161843277.0,4.55,2162435000000.0,4.57
2023-02-28,70919778481.0,42130176064.0,4.55,2188034999999.9998,4.57
2023-03-01,70961078475.0,41998033686.0,4.55,2133949999999.9998,4.58
2023-03-02,71055458455.0,42086086516.0,4.55,2192355000000.0,4.57
2023-03-03,71109278154.0,42693916969.0,4.55,2186150000000.0,4.57
2023-03-04,71351777828.0,42990691625.0,4.55,2186150000000.0,4.57
2023-03-05,71435397827.0,43224112097.0,4.55,2186150000000.0,4.57
2023-03-06,71472117827.0,43489028917.0,4.55,2190793000000.0,4.57
2023-03-07,71584111032.0,43288611943.0,4.55,2170195000000.0002,4.57
2023-03-08,71729084555.0,43227648530.0,4.55,2193237000000.0,4.57
2023-03-09,71733132005.0,43197203559.0,4.55,2229623000000.0,4.57
2023-03-10,71799456169.0,43176044700.0,4.55,2188375000000.0,4.57
2023-03-11,72075147930.0,42200261242.0,4.55,2188375000000.0,4.57
2023-03-12,72120358309.0,40661099587.0,4.55,2188375000000.0,4.57
2023-03-13,72557454192.0,40468620896.0,4.55,2126677000000.0002,4.58
2023-03-14,72892204290.0,39082309637.0,4.55,2042579000000.0,4.58
2023-03-15,73400359945.0,38107230325.0,4.58,2055822999999.9998,4.58
2023-03-16,74246550264.0,37201853852.0,4.57,2066319000000.0,4.58
2023-03-17,75163840900.0,36625309641.0,4.55,2106166000000.0002,4.58
2023-03-18,76173667892.0,35900827555.0,4.55,2106166000000.0002,4.58
2023-03-19,76213483077.0,35896107315.0,4.55,2106166000000.0002,4.58
2023-03-20,76102599077.0,35864646603.0,4.55,2098393000000.0,4.58
2023-03-21,76849069864.0,35127847500.0,4.55,2194630999999.9998,4.58
2023-03-22,77428990195.0,35018475849.0,4.55,2279608000000.0,4.58
2023-03-23,77776431260.0,34561811567.0,4.8,2233956000000.0,4.83
2023-03-24,78478753062.0,34226726304.0,4.8,2218458000000.0,4.83
2023-03-25,79014941308.0,33699932832.0,4.8,2218458000000.0,4.83
2023-03-26,79078783060.0,33687836176.0,4.8,2218458000000.0,4.83
2023-03-27,79097783049.0,33654085958.0,4.81,2220131000000.0,4.83
2023-03-28,79448607421.0,33230005206.0,4.84,2231749000000.0,4.83
2023-03-29,79513544279.0,32934314212.0,4.83,2264862000000.0,4.83
2023-03-30,79633547900.0,32892475877.0,4.82,2271531000000.0,4.83
2023-03-31,79665014575.0,32596518671.0,4.87,2375171000000.0,4.83
2023-04-01,79686510462.0,32263624903.0,4.87,2375171000000.0,4.83
2023-04-02,79686510462.0,32217032516.0,4.87,2375171000000.0,4.83
2023-04-03,79795510453.0,32242579486.0,4.84,2221010000000.0,4.83
2023-04-04,79901325455.0,32407648440.0,4.83,2219375000000.0,4.83
2023-04-05,79997214449.0,32366379216.0,4.81,2243011000000.0,4.83
2023-04-06,80100433550.0,32292582445.0,4.81,2173663000000.0,4.83
2023-04-07,80188035456.0,32458357943.0,4.81,2173663000000.0,4.83
2023-04-08,80193187657.0,32368455615.0,4.81,2173663000000.0,4.83
2023-04-09,80203187657.0,32373973329.0,4.81,2173663000000.0,4.83
2023-04-10,80203187657.0,32348239340.0,4.81,2239655000000.0,4.83
2023-04-11,80343238527.0,32244073459.0,4.8,2297208000000.0,4.83
2023-04-12,80443266292.0,32190008800.0,4.8,2303862000000.0,4.83
2023-04-13,80570447403.0,31916012075.0,4.8,2321699000000.0,4.83
2023-04-14,80756955086.0,31778490748.0,4.8,2253786000000.0,4.83
2023-04-15,80896461591.0,31690139980.0,4.8,2253786000000.0,4.83
2023-04-16,80913461589.0,31679783075.0,4.8,2253786000000.0,4.83
2023-04-17,80923461589.0,31672385116.0,4.8,2256845000000.0,4.83
2023-04-18,81052922317.0,31515167319.0,4.8,2238994000000.0,4.83
2023-04-19,81164195713.0,31259252221.0,4.8,2294677000000.0,4.83
2023-04-20,81291398302.0,31024125150.0,4.8,2277259000000.0,4.83
2023-04-21,81397398449.0,30843626016.0,4.8,2290023000000.0,4.83
2023-04-22,80620559312.0,30624432910.0,4.8,2290023000000.0,4.83
2023-04-23,81431518639.0,30626893202.0,4.8,2290023000000.0,4.83
2023-04-24,81441518639.0,30664917788.0,4.8,2308538000000.0,4.83
2023-04-25,81528400004.0,30577494462.0,4.8,2275402000000.0,4.83
2023-04-26,81566488286.0,30584538650.0,4.8,2279561000000.0,4.83
2023-04-27,81581156971.0,30622150699.0,4.81,2273926000000.0,4.83
2023-04-28,81605185849.0,30345877099.0,4.81,2325479000000.0,4.83
2023-04-29,81687767335.0,30371295833.0,4.81,2325479000000.0,4.83
2023-04-30,81697767321.0,30383345254.0,4.81,2325479000000.0,4.83
2023-05-01,81707767325.0,30377707020.0,4.81,2239866000000.0,4.83
2023-05-02,81790847851.0,30250696805.0,4.81,2267130000000.0,4.83
2023-05-03,81854781265.0,30092013409.0,4.81,2258222000000.0,4.83
2023-05-04,81975475257.0,30054378366.0,5.06,2242399000000.0,5.08
2023-05-05,82052222893.0,29976504364.0,5.06,2207415000000.0,5.08
2023-05-06,82068081639.0,30248649114.0,5.06,2207415000000.0,5.08
2023-05-07,82073081634.0,30250436795.0,5.06,2207415000000.0,5.08
2023-05-08,82078081629.0,30246077309.0,5.06,2217601000000.0,5.08
2023-05-09,82325354103.0,30070588797.0,5.06,2222864000000.0,5.08
2023-05-10,82466060394.0,29969310073.0,5.06,2233149000000.0,5.08
2023-05-11,82599114600.0,29953642808.0,5.05,2242243000000.0,5.08
2023-05-12,82713159758.0,29777410301.0,5.05,2229199000000.0,5.08
2023-05-13,82783885203.0,29824998855.0,5.05,2229199000000.0,5.08
2023-05-14,82783885203.0,29831494602.0,5.05,2229199000000.0,5.08
2023-05-15,82804277277.0,29791341213.0,5.06,2220927000000.0,5.08
2023-05-16,82809277270.0,29648720457.0,5.05,2203214000000.0,5.08
2023-05-17,82832082711.0,29547500679.0,5.05,2213676000000.0,5.08
2023-05-18,82840018135.0,29389266617.0,5.05,2238266000000.0,5.08
2023-05-19,82843573932.0,29511174727.0,5.05,2276720000000.0,5.08
2023-05-20,82895728300.0,29423527449.0,5.05,2276720000000.0,5.08
2023-05-21,82900728295.0,29422981307.0,5.05,2276720000000.0,5.08
2023-05-22,82905728289.0,29413145320.0,5.05,2275311000000.0,5.08
2023-05-23,82949208885.0,29297607147.0,5.05,2256689000000.0,5.08
2023-05-24,83013573950.0,29159242313.0,5.05,2250709000000.0,5.08
2023-05-25,83049248000.0,28941549928.0,5.06,2197638000000.0,5.08
2023-05-26,83063200196.0,28872556088.0,5.06,2189681000000.0,5.08
2023-05-27,83098239535.0,28895224890.0,5.06,2189681000000.0,5.08
2023-05-28,83103239529.0,28872583112.0,5.06,2189681000000.0,5.08
2023-05-29,83103239529.0,28850915125.0,5.06,2189681000000.0,5.08
2023-05-30,83118939765.0,28895495640.0,5.06,2200479000000.0,5.08
2023-05-31,83160474162.0,28822973056.0,5.08,2254859000000.0,5.08
2023-06-01,83198487627.0,28665011224.0,5.08,2160054999999.9998,5.08
2023-06-02,83225841346.0,28740695806.0,5.07,2142101999999.9998,5.08
2023-06-03,83128645073.0,28776788278.0,5.07,2142101999999.9998,5.08
2023-06-04,83133645068.0,28766911374.0,5.07,2142101999999.9998,5.08
2023-06-05,83138645060.0,28770478586.0,5.06,2131417000000.0,5.08
2023-06-06,83195143057.0,28690969178.0,5.05,2134638000000.0,5.08
2023-06-07,83266980941.0,28537436828.0,5.05,2161556000000.0,5.08
2023-06-08,83277591266.0,28388688620.0,5.05,2141797999999.9998,5.08
2023-06-09,83297749826.0,28288057737.0,5.05,2127652000000.0,5.08
2023-06-10,83332664064.0,28120319455.0,5.05,2127652000000.0,5.08
2023-06-11,83343664057.0,28181539134.0,5.05,2127652000000.0,5.08
2023-06-12,83348664057.0,28202990012.0,5.05,2126870000000.0,5.08
2023-06-13,83478930155.0,28118370623.0,5.05,2074520000000.0,5.08
2023-06-14,83505217924.0,27986919456.0,5.05,2109105000000.0,5.08
2023-06-15,83539459054.0,27888345408.0,5.06,1992140000000.0,5.07
2023-06-16,83544985808.0,28004076314.0,5.05,2011556000000.0,5.08
2023-06-17,83549735056.0,28145000251.0,5.05,2011556000000.0,5.08
2023-06-18,83156027042.0,28140675825.0,5.05,2011556000000.0,5.08
2023-06-19,83156027042.0,28130413960.0,5.05,2011556000000.0,5.08
2023-06-20,83159185882.0,28249176070.0,5.05,1989489000000.0,5.07
2023-06-21,83166935125.0,28346860716.0,5.05,2037102000000.0,5.07
2023-06-22,83174169306.0,28232880812.0,5.05,1994711000000.0,5.07
2023-06-23,83184169317.0,28206917825.0,5.05,1969380000000.0,5.07
2023-06-24,83184169317.0,28211878780.0,5.05,1969380000000.0,5.07
2023-06-25,83189169317.0,28223195845.0,5.05,1969380000000.0,5.07
2023-06-26,83194169312.0,28224054250.0,5.05,1961027000000.0,5.07
2023-06-27,83216257484.0,28127374900.0,5.05,1951098000000.0,5.07
2023-06-28,83222640434.0,27979425219.0,5.06,1945211000000.0,5.07
2023-06-29,83307731669.0,27866383227.0,5.06,1934684000000.0,5.07
2023-06-30,83359863360.0,27724620748.0,5.09,2034319000000.0,5.08
2023-07-01,83320859006.0,27132925414.0,5.09,2034319000000.0,5.08
2023-07-02,83320859006.0,27152516863.0,5.09,2034319000000.0,5.08
2023-07-03,83320859006.0,27157152929.0,5.06,1909639000000.0,5.08
2023-07-04,83331873579.0,27438030473.0,5.06,1909639000000.0,5.08
2023-07-05,83333734068.0,27468737486.0,5.06,1867061000000.0,5.08
2023-07-06,83334004999.0,27415757731.0,5.06,1854256000000.0,5.08
2023-07-07,83334319952.0,27272490404.0,5.06,1822303000000.0,5.08
2023-07-08,83337768993.0,27213544329.0,5.06,1822303000000.0,5.08
2023-07-09,83337768983.0,27211802158.0,5.06,1822303000000.0,5.08
2023-07-10,83329868983.0,27216440803.0,5.06,1811981000000.0,5.07
2023-07-11,83328289818.0,27109264131.0,5.06,1775796000000.0,5.08
2023-07-12,83352634014.0,27060818639.0,5.05,1820146000000.0,5.08
2023-07-13,83357216574.0,26988918818.0,5.06,1767432000000.0,5.08
2023-07-14,83413240012.0,27155801117.0,5.05,1740777000000.0,5.08
2023-07-15,83593002993.0,27016341485.0,5.05,1740777000000.0,5.08
2023-07-16,83617525941.0,27025204611.0,5.05,1740777000000.0,5.08
2023-07-17,83628525930.0,27045950391.0,5.06,1728322000000.0,5.08
2023-07-18,83729629319.0,26816244126.0,5.06,1716862000000.0,5.08
2023-07-19,83784430445.0,26746754219.0,5.05,1732804000000.0,5.08
2023-07-20,83754595772.0,26634551829.0,5.06,1721001000000.0,5.08
2023-07-21,83798446907.0,26582269438.0,5.05,1770752000000.0,5.08
2023-07-22,83775338994.0,26534110284.0,5.05,1770752000000.0,5.08
2023-07-23,83780338989.0,26526966073.0,5.05,1770752000000.0,5.08
2023-07-24,83780338989.0,26519666418.0,5.05,1770867000000.0,5.08
2023-07-25,83788525522.0,26397964508.0,5.06,1720716000000.0,5.08
2023-07-26,83789146039.0,26322031148.0,5.06,1749733000000.0,5.08
2023-07-27,83794928377.0,26233307648.0,5.31,1735783000000.0,5.33
2023-07-28,83800932183.0,26251972715.0,5.3,1730227000000.0,5.33
2023-07-29,83803836403.0,26224182963.0,5.3,1730227000000.0,5.33
2023-07-30,83803836403.0,26262929510.0,5.3,1730227000000.0,5.33
2023-07-31,83797285742.0,26261362184.0,5.31,1821124000000.0,5.33
2023-08-01,83873378189.0,26195419435.0,5.31,1739554000000.0,5.33
2023-08-02,83874617419.0,25989002607.0,5.3,1770186000000.0,5.33
2023-08-03,83876255948.0,25864742745.0,5.3,1776774000000.0,5.33
2023-08-04,83876255948.0,25765219602.0,5.3,1793804000000.0,5.33
2023-08-05,83881700967.0,25690465626.0,5.3,1793804000000.0,5.33
2023-08-06,83881700967.0,25688180548.0,5.3,1793804000000.0,5.33
2023-08-07,83881700967.0,25686797963.0,5.3,1810583000000.0,5.33
2023-08-08,83557764340.0,25811578349.0,5.3,1778351000000.0,5.33
2023-08-09,83511223882.0,25956408430.0,5.3,1796519000000.0,5.33
2023-08-10,83512053052.0,25945179045.0,5.3,1759897000000.0,5.33
2023-08-11,83512552527.0,25815464791.0,5.3,1773236000000.0,5.33
2023-08-12,83387991626.0,25782353613.0,5.3,1773236000000.0,5.33
2023-08-13,83387991626.0,25823761081.0,5.3,1773236000000.0,5.33
2023-08-14,83387991626.0,25853211025.0,5.3,1799311000000.0,5.33
2023-08-15,83389050707.0,25662906710.0,5.3,1743784000000.0,5.33
2023-08-16,83159126422.0,25703967100.0,5.3,1796725000000.0,5.33
2023-08-17,82994370395.0,25742157859.0,5.3,1794120000000.0,5.33
2023-08-18,82819461935.0,25790323246.0,5.3,1819201000000.0,5.33
2023-08-19,82823608782.0,25457553060.0,5.3,1819201000000.0,5.33
2023-08-20,82823608782.0,25644378207.0,5.3,1819201000000.0,5.33
2023-08-21,82823608782.0,25649020295.0,5.3,1824788000000.0,5.33
2023-08-22,82826097691.0,25646447437.0,5.3,1812294000000.0,5.33
2023-08-23,82832852959.0,25592161638.0,5.3,1816533000000.0,5.33
2023-08-24,82822901509.0,25680714466.0,5.3,1731623000000.0,5.33
2023-08-25,82826258267.0,25569315469.0,5.3,1687379000000.0,5.33
2023-08-26,82828725797.0,25635926640.0,5.3,1687379000000.0,5.33
2023-08-27,82828725797.0,25688679094.0,5.3,1687379000000.0,5.33
2023-08-28,82828725797.0,25746763037.0,5.3,1708605000000.0,5.33
2023-08-29,82835281925.0,25733184247.0,5.3,1693278000000.0,5.33
2023-08-30,82836705499.0,25869198762.0,5.3,1696819000000.0,5.33
2023-08-31,82839654049.0,25827476369.0,5.31,1651602000000.0,5.33
2023-09-01,82845642167.0,25914941130.0,5.31,1574065000000.0,5.33
2023-09-02,82877292012.0,25857627495.0,5.31,1574065000000.0,5.33
2023-09-03,82877292012.0,25870674648.0,5.31,1574065000000.0,5.33
2023-09-04,82877292012.0,25916593491.0,5.31,1574065000000.0,5.33
2023-09-05,82882641165.0,25760615013.0,5.31,1568490000000.0,5.33
2023-09-06,82885039764.0,25596726929.0,5.3,1606244000000.0,5.33
2023-09-07,82888307993.0,25579952964.0,5.31,1535289000000.0,5.33
2023-09-08,82890066233.0,25419930515.0,5.3,1525403000000.0,5.33
2023-09-09,82993370803.0,25550154541.0,5.3,1525403000000.0,5.33
2023-09-10,82993370803.0,25580353050.0,5.3,1525403000000.0,5.33
2023-09-11,82993370803.0,25640222571.0,5.3,1549111000000.0,5.33
2023-09-12,83003117902.0,25571258531.0,5.3,1493781000000.0,5.33
2023-09-13,83008854473.0,25675045073.0,5.3,1546225000000.0,5.33
2023-09-14,83011848204.0,25714552942.0,5.3,1492427000000.0,5.33
2023-09-15,83019048237.0,25670470756.0,5.31,1401403000000.0,5.33
2023-09-16,83019048236.0,25612143584.0,5.31,1401403000000.0,5.33
2023-09-17,83019048236.0,25666974546.0,5.31,1401403000000.0,5.33
2023-09-18,83019048236.0,25671163379.0,5.31,1452942000000.0,5.33
2023-09-19,83068755239.0,25634462258.0,5.31,1453324000000.0,5.33
2023-09-20,83139501601.0,25560926090.0,5.3,1486984000000.0,5.33
2023-09-21,83168141273.0,25479830926.0,5.3,1454115000000.0,5.33
2023-09-22,83171325515.0,25298919373.0,5.3,1427575000000.0,5.33
2023-09-23,83178483701.0,25252642283.0,5.3,1427575000000.0,5.33
2023-09-24,83180866470.0,25266630378.0,5.3,1427575000000.0,5.33
2023-09-25,83180866470.0,25272353934.0,5.31,1437310000000.0,5.33
2023-09-26,83185008082.0,25091997278.0,5.31,1438301000000.0,5.33
2023-09-27,83243973134.0,25071733285.0,5.32,1442805000000.0,5.33
2023-09-28,83248340765.0,24940524453.0,5.31,1453366000000.0,5.33
2023-09-29,83253698407.0,25104355641.0,5.31,1557569000000.0,5.33
2023-09-30,83221172676.0,24719546593.0,5.31,1557569000000.0,5.33
2023-10-01,83232172676.0,24776652510.0,5.31,1557569000000.0,5.33
2023-10-02,83234172676.0,24801192130.0,5.32,1365739000000.0,5.33
2023-10-03,83317986709.0,24938605244.0,5.33,1348465000000.0,5.33
2023-10-04,83342217736.0,24796660212.0,5.32,1342031000000.0,5.33
2023-10-05,83344022138.0,24718523751.0,5.32,1265132000000.0,5.33
2023-10-06,83379670190.0,24713919407.0,5.31,1283461000000.0,5.33
2023-10-07,83413066842.0,24987213634.0,5.31,1283461000000.0,5.33
2023-10-08,83451566842.0,25015532573.0,5.31,1283461000000.0,5.33
2023-10-09,83451566842.0,25030759136.0,5.31,1283461000000.0,5.33
2023-10-10,83472069062.0,24999133168.0,5.31,1222440000000.0,5.33
2023-10-11,83489869062.0,24879384406.0,5.31,1239382000000.0,5.33
2023-10-12,83497134325.0,24713509050.0,5.31,1157319000000.0,5.33
2023-10-13,83499157750.0,24604428204.0,5.31,1151818000000.0,5.33
2023-10-14,83504131933.0,24570148280.0,5.31,1151818000000.0,5.33
2023-10-15,83504131933.0,24602589236.0,5.31,1151818000000.0,5.33
2023-10-16,83508131933.0,24669094048.0,5.31,1108819000000.0,5.33
2023-10-17,83564073494.0,24740884768.0,5.31,1082502000000.0,5.33
2023-10-18,83658558996.0,24768367449.0,5.3,1150781000000.0,5.33
2023-10-19,83792007688.0,24761705567.0,5.3,1114179000000.0,5.33
2023-10-20,83902581464.0,24867638704.0,5.3,1138756000000.0,5.33
2023-10-21,84130259194.0,24916454497.0,5.3,1138756000000.0,5.33
2023-10-22,84131359672.0,24939168495.0,5.3,1138756000000.0,5.33
2023-10-23,84142359672.0,24928945517.0,5.3,1157976000000.0,5.33
2023-10-24,84264122116.0,24838422096.0,5.3,1097875000000.0,5.33
2023-10-25,84233811435.0,24437827441.0,5.3,1100617000000.0,5.33
2023-10-26,84368685906.0,24555653839.0,5.31,1089849999999.9999,5.33
2023-10-27,84487655718.0,24524779067.0,5.31,1091858000000.0,5.33
2023-10-28,84515238111.0,24380740868.0,5.31,1091858000000.0,5.33
2023-10-29,84515238111.0,24413937127.0,5.31,1091858000000.0,5.33
2023-10-30,84515238111.0,24458926812.0,5.31,1138035000000.0,5.33
2023-10-31,84564598508.0,24344687407.0,5.35,1137697000000.0,5.33
2023-11-01,84778830833.0,24176878457.0,5.32,1079462000000.0,5.33
2023-11-02,84849462984.0,24161194972.0,5.33,1054986000000.0001,5.33
2023-11-03,85174392534.0,23867421193.0,5.32,1071138999999.9999,5.33
2023-11-04,85329884145.0,23899424368.0,5.32,1071138999999.9999,5.33
2023-11-05,85339884144.0,23982608181.0,5.32,1071138999999.9999,5.33
2023-11-06,85367984142.0,24003236380.0,5.32,1062877999999.9999,5.33
2023-11-07,85712109690.0,23817430639.0,5.32,1008685000000.0,5.33
2023-11-08,86059207862.0,23752297148.0,5.32,1024451000000.0,5.33
2023-11-09,86236089163.0,23618587003.0,5.32,993314000000.0,5.33
2023-11-10,86489374731.0,23500780589.0,5.32,1032720000000.0,5.33
2023-11-11,86651790617.0,23518074759.0,5.32,1032720000000.0,5.33
2023-11-12,86766265615.0,23580366142.0,5.32,1032720000000.0,5.33
2023-11-13,86776580495.0,23634897489.0,5.32,1020272000000.0,5.33
2023-11-14,87049399807.0,23396607702.0,5.32,988298000000.0,5.33
2023-11-15,87295398005.0,23187038999.0,5.32,944241000000.0,5.33
2023-11-16,87406916113.0,23442920950.0,5.32,912010000000.0,5.33
2023-11-17,87502024032.0,23507080006.0,5.32,935803000000.0,5.33
2023-11-18,87650408687.0,23757478112.0,5.32,935803000000.0,5.33
2023-11-19,87665708687.0,23770394758.0,5.32,935803000000.0,5.33
2023-11-20,87688283686.0,23813281719.0,5.31,953088000000.0,5.33
2023-11-21,87999214565.0,23853840231.0,5.31,931155000000.0,5.33
2023-11-22,88280778060.0,23700765516.0,5.31,931604000000.0,5.33
2023-11-23,88445991835.0,23740658670.0,5.31,931604000000.0,5.33
2023-11-24,88486990065.0,23754368571.0,5.32,865907000000.0,5.33
2023-11-25,88683450806.0,23978886257.0,5.32,865907000000.0,5.33
2023-11-26,88700950806.0,23976050681.0,5.32,865907000000.0,5.33
2023-11-27,88755950804.0,23920388873.0,5.32,867220000000.0,5.33
2023-11-28,88897224190.0,23680900263.0,5.32,873344000000.0,5.33
2023-11-29,89051834037.0,23856423201.0,5.31,914187000000.0,5.33
2023-11-30,89253851478.0,23762150801.0,5.33,887822000000.0,5.33
2023-12-01,89317080453.0,23807958530.0,5.39,768543000000.0,5.33
2023-12-02,89499174101.0,23815559024.0,5.39,768543000000.0,5.33
2023-12-03,89569124098.0,23799118337.0,5.39,768543000000.0,5.33
2023-12-04,89619724097.0,23774520696.0,5.37,815847000000.0,5.33
2023-12-05,89786241693.0,23642787409.0,5.33,834428000000.0,5.33
2023-12-06,90005799511.0,23554487025.0,5.32,846498000000.0,5.33
2023-12-07,90040209002.0,23541269425.0,5.32,825734000000.0,5.33
2023-12-08,90228000442.0,23600185435.0,5.32,821408000000.0,5.33
2023-12-09,90307767897.0,23763399955.0,5.32,821408000000.0,5.33
2023-12-10,90561569096.0,23800765636.0,5.32,821408000000.0,5.33
2023-12-11,90517569096.0,23805577094.0,5.32,838507000000.0,5.33
2023-12-12,90606798292.0,23405513901.0,5.31,837803000000.0,5.33
2023-12-13,90624753215.0,23298020237.0,5.31,823329000000.0,5.33
2023-12-14,90631136003.0,23542287871.0,5.31,769346000000.0,5.33
2023-12-15,90790069493.0,23650623842.0,5.32,683254000000.0,5.33
2023-12-16,90884632596.0,23757991956.0,5.32,683254000000.0,5.33
2023-12-17,90884632596.0,23767281924.0,5.32,683254000000.0,5.33
2023-12-18,90884632596.0,23719180948.0,5.32,724704000000.0,5.33
2023-12-19,90890026114.0,23869459276.0,5.31,773082000000.0,5.33
2023-12-20,90903282682.0,24105525681.0,5.31,779143000000.0,5.33
2023-12-21,90997478400.0,24231924976.0,5.31,778402000000.0,5.33
2023-12-22,91042674797.0,24138399413.0,5.32,772258000000.0,5.33
2023-12-23,91166134358.0,24409485162.0,5.32,772258000000.0,5.33
2023-12-24,91232934358.0,24426184285.0,5.32,772258000000.0,5.33
2023-12-25,91288596668.0,24451863876.0,5.32,772258000000.0,5.33
2023-12-26,91298065200.0,24400862987.0,5.35,793937000000.0,5.33
2023-12-27,91315808078.0,24063409418.0,5.39,818869000000.0,5.33
2023-12-28,91427015093.0,24222944015.0,5.4,829573000000.0,5.33
2023-12-29,91497677422.0,24172541481.0,5.38,1018483000000.0,5.33
2023-12-30,91651728372.0,24112008590.0,5.38,1018483000000.0,5.33
2023-12-31,91677093371.0,24025552613.0,5.38,1018483000000.0,5.33
2024-01-01,91677928371.0,23863493722.0,5.38,1018483000000.0,5.33
2024-01-02,91682127370.0,23950386290.0,5.4,704864000000.0,5.33
2024-01-03,92020117112.0,24114881441.0,5.39,719897000000.0,5.33
2024-01-04,92411788606.0,24266940179.0,5.32,664899000000.0,5.33
2024-01-05,92780444258.0,24353067798.0,5.31,694478000000.0,5.33
2024-01-06,93320401318.0,24589809397.0,5.31,694478000000.0,5.33
2024-01-07,93528001318.0,24613313653.0,5.31,694478000000.0,5.33
2024-01-08,93596751318.0,24612675798.0,5.31,691485000000.0,5.33
2024-01-09,94063288707.0,24550664243.0,5.31,676050000000.0,5.33
2024-01-10,94368207275.0,24394441160.0,5.31,679961000000.0,5.33
2024-01-11,94591242888.0,24396846035.0,5.31,626370000000.0,5.33
2024-01-12,94980329573.0,24405992701.0,5.31,603116000000.0,5.33
2024-01-13,94982958944.0,24482663795.0,5.31,603116000000.0,5.33
2024-01-14,94982958944.0,24571655907.0,5.31,603116000000.0,5.33
2024-01-15,94982958938.0,24570818353.0,5.31,603116000000.0,5.33
2024-01-16,95093844052.0,24556922461.0,5.32,583103000000.0,5.33
2024-01-17,95101372849.0,24534036327.0,5.32,590191000000.0,5.33
2024-01-18,95137139323.0,24772680029.0,5.31,618234000000.0,5.33
2024-01-19,95033236391.0,24728677091.0,5.31,625182000000.0,5.33
2024-01-20,95033236391.0,24657925376.0,5.31,625182000000.0,5.33
2024-01-21,95033236391.0,24798972412.0,5.31,625182000000.0,5.33
2024-01-22,94902945511.0,24821227894.0,5.31,647103000000.0,5.33
2024-01-23,94865026114.0,24674962523.0,5.31,621195000000.0,5.33
2024-01-24,95563944196.0,24711208898.0,5.31,639560000000.0,5.33
2024-01-25,95540986301.0,24821272237.0,5.32,557687000000.0,5.33
2024-01-26,95543581705.0,24981649927.0,5.32,570828000000.0,5.33
2024-01-27,96023872796.0,25051595734.0,5.32,570828000000.0,5.33
2024-01-28,96022872795.0,25108525962.0,5.32,570828000000.0,5.33
2024-01-29,96022872795.0,25131033620.0,5.31,581410000000.0,5.33
2024-01-30,96040095474.0,25374565041.0,5.31,577755000000.0,5.33
2024-01-31,96187066652.0,25610422713.0,5.32,615379000000.0,5.33
2024-02-01,96206404754.0,25842279664.0,5.32,503548000000.0,5.33
2024-02-02,96208938476.0,25781117066.0,5.32,513422000000.0,5.33
2024-02-03,96218466557.0,25897770065.0,5.32,513422000000.0,5.33
2024-02-04,96218466557.0,25949372718.0,5.32,513422000000.0,5.33
2024-02-05,96219105918.0,25994030472.0,5.31,552289000000.0,5.33
2024-02-06,96223618245.0,25966881238.0,5.31,532438999999.99994,5.33
2024-02-07,96168527921.0,26217899254.0,5.31,553055000000.0,5.33
2024-02-08,96173255742.0,26414784653.0,5.31,535705000000.00006,5.33
2024-02-09,96193378383.0,26616157472.0,5.31,569175000000.0,5.33
2024-02-10,96208378383.0,26806565845.0,5.31,569175000000.0,5.33
2024-02-11,96328878383.0,26826968671.0,5.31,569175000000.0,5.33
2024-02-12,96462258382.0,26803610811.0,5.31,581568000000.0,5.33
2024-02-13,96655458382.0,26657271501.0,5.31,553684000000.0,5.33
2024-02-14,96787758381.0,26715501557.0,5.3,575332000000.0,5.33
2024-02-15,96948454100.0,26884937563.0,5.31,493065000000.0,5.33
2024-02-16,97334361243.0,26962603158.0,5.3,532125000000.0,5.33
2024-02-17,97537110494.0,26960510313.0,5.3,532125000000.0,5.33
2024-02-18,97644529575.0,26965558239.0,5.3,532125000000.0,5.33
2024-02-19,97674223122.0,26923120421.0,5.3,532125000000.0,5.33
2024-02-20,97694587262.0,26884372118.0,5.3,530879000000.0,5.33
2024-02-21,97805414635.0,26849138162.0,5.3,574882000000.0,5.33
2024-02-22,97828950767.0,26905476515.0,5.3,553245000000.0,5.33
2024-02-23,97830410207.0,26853304821.0,5.31,520107000000.0,5.33
2024-02-24,97897857760.0,26941129038.0,5.31,520107000000.0,5.33
2024-02-25,97897857760.0,26990807634.0,5.31,520107000000.0,5.33
2024-02-26,97897857458.0,27016393884.0,5.31,524958999999.99994,5.33
2024-02-27,98106291060.0,27248948581.0,5.31,519725000000.0,5.33
2024-02-28,98378060190.0,27196072647.0,5.31,569855000000.0,5.33
2024-02-29,98695532864.0,27347800752.0,5.32,502074000000.0,5.33
2024-03-01,98834150546.0,27484804686.0,5.31,441265000000.0,5.33
2024-03-02,99173460259.0,27673628724.0,5.31,441265000000.0,5.33
2024-03-03,99422260259.0,27661749630.0,5.31,441265000000.0,5.33
2024-03-04,99525850149.0,27603887693.0,5.31,439793000000.0,5.33
2024-03-05,100038817337.0,27538326850.0,5.31,444474000000.0,5.33
2024-03-06,100434401358.0,27464080572.0,5.31,456847000000.0,5.33
2024-03-07,100752179979.0,27739878379.0,5.31,436754000000.0,5.33
2024-03-08,101039338406.0,27884612179.0,5.31,444803000000.0,5.33
2024-03-09,101586455788.0,28440553688.0,5.31,444803000000.0,5.33
2024-03-10,101812755784.0,28481735114.0,5.31,444803000000.0,5.33
2024-03-11,102012255784.0,28604591336.0,5.31,478728000000.0,5.33
2024-03-12,102428495868.0,28972227031.0,5.31,476862000000.0,5.33
2024-03-13,102656982792.0,28934440144.0,5.31,521738000000.00006,5.33
2024-03-14,103124150069.0,29227668673.0,5.31,483573000000.0,5.33
2024-03-15,103256569684.0,29027559819.0,5.31,413877000000.0,5.33
2024-03-16,103308077351.0,29367700856.0,5.31,413877000000.0,5.33
2024-03-17,103403077351.0,29425677193.0,5.31,413877000000.0,5.33
2024-03-18,103403287141.0,29351921177.0,5.31,440596000000.0,5.33
2024-03-19,103656755951.0,29670459831.0,5.31,446978000000.0,5.33
2024-03-20,103767644673.0,29690124696.0,5.31,496245000000.0,5.33
2024-03-21,103892152366.0,29932564271.0,5.31,460631000000.0,5.33
2024-03-22,104042110539.0,30332201522.0,5.31,478531000000.0,5.33
2024-03-23,104007508096.0,30524444759.0,5.31,478531000000.0,5.33
2024-03-24,103997508096.0,30547102777.0,5.31,478531000000.0,5.33
2024-03-25,104002508096.0,30537647709.0,5.31,473787000000.0,5.33
2024-03-26,104231823342.0,31565676685.0,5.32,496062000000.0,5.33
2024-03-27,104358215527.0,31613745703.0,5.33,518357000000.0,5.33
2024-03-28,104438284293.0,31416151474.0,5.34,594428000000.0,5.33
2024-03-29,104488442732.0,31780276306.0,5.34,594428000000.0,5.33
2024-03-30,104489471207.0,31841917385.0,5.34,594428000000.0,5.33
2024-03-31,104489471207.0,31824931204.0,5.34,594428000000.0,5.33
2024-04-01,104430769909.0,31790934909.0,5.35,441903000000.0,5.33
2024-04-02,104642068610.0,31990864846.0,5.34,448424000000.0,5.33
2024-04-03,105262851088.0,32165088086.0,5.32,436631000000.0,5.33
2024-04-04,106128909629.0,32195126362.0,5.32,438764000000.0,5.33
2024-04-05,106577580717.0,32336584375.0,5.32,438319000000.0,5.33
2024-04-06,106790630717.0,32230297819.0,5.32,438319000000.0,5.33
2024-04-07,106876390717.0,32255081128.0,5.32,438319000000.0,5.33
2024-04-08,106877390717.0,32235006842.0,5.31,448597000000.0,5.33
2024-04-09,107027788864.0,31925953622.0,5.31,441792000000.0,5.33
2024-04-10,107160428303.0,31616443554.0,5.31,445816000000.0,5.33
2024-04-11,107238627404.0,31517808937.0,5.31,455361000000.0,5.33
2024-04-12,107277465966.0,31549341681.0,5.31,407322000000.0,5.33
2024-04-13,107330394387.0,31264179381.0,5.31,407322000000.0,5.33
2024-04-14,107660374387.0,31652420433.0,5.31,407322000000.0,5.33
2024-04-15,107695174387.0,31594412347.0,5.32,327066000000.0,5.33
2024-04-16,108064841620.0,31704938570.0,5.31,371554000000.0,5.33
2024-04-17,108741585291.0,31899526710.0,5.31,440508000000.0,5.33
2024-04-18,109092586086.0,29831505528.0,5.3,433006000000.0,5.33
2024-04-19,109517186689.0,32394404539.0,5.31,397234000000.0,5.33
2024-04-20,109818107184.0,30952792378.0,5.31,397234000000.0,5.33
2024-04-21,109834873894.0,31005255269.0,5.31,397234000000.0,5.33
2024-04-22,109832373894.0,33263733245.0,5.31,409816000000.0,5.33
2024-04-23,110176193831.0,33113780540.0,5.31,435880000000.0,5.33
2024-04-24,110369006778.0,32776174319.0,5.31,441215000000.0,5.33
2024-04-25,110369006778.0,32776174319.0,5.31,443928000000.0,5.33
2024-04-26,110369006778.0,32776174319.0,5.32,464912000000.0,5.33
2024-04-27,110369006778.0,32776174319.0,5.32,464912000000.0,5.33
2024-04-28,110347920449.0,32790717363.0,5.32,464912000000.0,5.33
2024-04-29,110347842716.0,32786787070.0,5.32,505530000000.0,5.33
2024-04-30,110412147302.0,32613350059.0,5.34,534234000000.00006,5.33
2024-05-01,110402299123.0,32769862308.0,5.32,438148000000.0,5.33
2024-05-02,110350061982.0,32640836848.0,5.31,428680000000.0,5.33
2024-05-03,110339251952.0,32789477418.0,5.31,450165000000.0,5.33
2024-05-04,110503046757.0,33082677920.0,5.31,450165000000.0,5.33
2024-05-05,110634861194.0,33212705768.0,5.31,450165000000.0,5.33
2024-05-06,110636188433.0,33237118919.0,5.31,468970000000.0,5.33
2024-05-07,110821623436.0,32871551343.0,5.31,475325000000.0,5.33
2024-05-08,110787681018.0,32892068111.0,5.31,493427000000.0,5.33
2024-05-09,110789599190.0,32705018689.0,5.31,458550000000.0,5.33
2024-05-10,110739444345.0,32712102979.0,5.31,486434000000.0,5.33
2024-05-11,110603634075.0,32712591902.0,5.31,486434000000.0,5.33
2024-05-12,110603634065.0,32726303585.0,5.31,486434000000.0,5.33
2024-05-13,110588634065.0,32720396210.0,5.31,492068000000.0,5.33
2024-05-14,110595556329.0,32748090146.0,5.31,468344000000.0,5.33
2024-05-15,110683196744.0,32521671358.0,5.31,443779000000.0,5.33
2024-05-16,110717237401.0,32898068053.0,5.31,410121000000.0,5.33
2024-05-17,110899115803.0,32945131445.0,5.31,449373000000.0,5.33
2024-05-18,111028849260.0,33084845335.0,5.31,449373000000.0,5.33
2024-05-19,111128449259.0,33173562154.0,5.31,449373000000.0,5.33
2024-05-20,111128449259.0,33132170908.0,5.31,489728000000.0,5.33
2024-05-21,111057749078.0,32958614965.0,5.31,491720000000.0,5.33
2024-05-22,111423759590.0,32723866746.0,5.31,496382000000.0,5.33
2024-05-23,111446156187.0,32736190566.0,5.31,467398000000.0,5.33
2024-05-24,111590570266.0,32401500028.0,5.32,431239000000.0,5.33
2024-05-25,111588108138.0,32405022322.0,5.32,431239000000.0,5.33
2024-05-26,111588108133.0,32363989613.0,5.32,431239000000.0,5.33
2024-05-27,111589908132.0,32272615585.0,5.32,431239000000.0,5.33
2024-05-28,111606077061.0,32185054949.0,5.32,417836000000.0,5.33
2024-05-29,111603568790.0,31937897151.0,5.33,459314000000.0,5.33
2024-05-30,111604510878.0,31803642258.0,5.33,452034000000.0,5.33
2024-05-31,111616920065.0,31980740966.0,5.34,439806000000.0,5.33
2024-06-01,111762088179.0,32034473251.0,5.34,439806000000.0,5.33
2024-06-02,111830758178.0,31988646227.0,5.34,439806000000.0,5.33
2024-06-03,111790758178.0,31991608304.0,5.35,387069000000.0,5.33
2024-06-04,112253386803.0,31942582612.0,5.33,377825000000.0,5.33
2024-06-05,112254796393.0,32025618319.0,5.33,371841000000.0,5.33
2024-06-06,112315084780.0,32181050388.0,5.33,378125000000.0,5.33
2024-06-07,112355387840.0,32124188766.0,5.33,395462000000.0,5.33
2024-06-08,112376137266.0,31834632607.0,5.33,395462000000.0,5.33
2024-06-09,112374987252.0,31808895978.0,5.33,395462000000.0,5.33
2024-06-10,112403987892.0,31822150979.0,5.32,416481000000.0,5.33
2024-06-11,112409287892.0,31705178599.0,5.32,410449000000.0,5.33
2024-06-12,112411964316.0,31731991876.0,5.31,447574000000.0,5.33
2024-06-13,112457053102.0,32004866980.0,5.31,429864000000.0,5.33
2024-06-14,112453723055.0,32182896477.0,5.31,386885000000.0,5.33
2024-06-15,112472971806.0,32295116493.0,5.31,386885000000.0,5.33
2024-06-16,112472301806.0,32042724892.0,5.31,386885000000.0,5.33
2024-06-17,112473915172.0,32086373097.0,5.33,333429000000.0,5.33
2024-06-18,112465611554.0,32057726951.0,5.33,375542000000.0,5.33
2024-06-19,112519098919.0,32387564199.0,5.33,375542000000.0,5.33
2024-06-20,112519060290.0,32393738738.0,5.32,388841000000.0,5.33
2024-06-21,112804377136.0,32202287401.0,5.31,421040000000.0,5.33
2024-06-22,112804714097.0,32283135151.0,5.31,421040000000.0,5.33
2024-06-23,112844714097.0,32305268351.0,5.31,421040000000.0,5.33
2024-06-24,112844714097.0,32281950157.0,5.31,435916000000.0,5.33
2024-06-25,112837386516.0,32157441213.0,5.33,466310000000.0,5.33
2024-06-26,112732648639.0,32376832298.0,5.34,490156000000.0,5.33
2024-06-27,112636116562.0,32535459836.0,5.34,531692000000.0,5.33
2024-06-28,112659805872.0,32249839223.0,5.33,664570000000.0,5.33
2024-06-29,112690515631.0,31901796167.0,5.33,664570000000.0,5.33
2024-06-30,112775515629.0,31870357355.0,5.33,664570000000.0,5.33
2024-07-01,112739012075.0,31822097530.0,5.4,451783000000.0,5.33
2024-07-02,112651358402.0,32096874642.0,5.35,443369000000.0,5.33
2024-07-03,112497795679.0,32178206680.0,5.33,425898000000.0,5.33
2024-07-04,112471997936.0,32396935312.0,5.33,425898000000.0,5.33
2024-07-05,112355735371.0,32528521082.0,5.32,390632000000.0,5.33
2024-07-06,112245912309.0,33226925563.0,5.32,390632000000.0,5.33
2024-07-07,112231905142.0,33358010946.0,5.32,390632000000.0,5.33
2024-07-08,112231905142.0,33350470878.0,5.32,415257000000.0,5.33
2024-07-09,112229273118.0,33485526515.0,5.34,423152000000.0,5.33
2024-07-10,112271931338.0,33579112244.0,5.34,422147000000.0,5.33
2024-07-11,112364578514.0,33709067966.0,5.34,403708000000.0,5.33
2024-07-12,112371024626.0,33579251630.0,5.34,406590000000.0,5.33
2024-07-13,112190715732.0,33168662832.0,5.34,406590000000.0,5.33
2024-07-14,112469048012.0,33571110505.0,5.34,406590000000.0,5.33
2024-07-15,112539048012.0,33567281390.0,5.34,413280000000.0,5.33
2024-07-16,112864302779.0,33534861013.0,5.35,409594000000.0,5.33
2024-07-17,113216677692.0,33570247780.0,5.35,399401000000.0,5.33
2024-07-18,113624539190.0,33374823978.0,5.34,391652000000.0,5.33
2024-07-19,113678352175.0,33289055774.0,5.34,379801000000.0,5.33
2024-07-20,113859727368.0,33556248642.0,5.34,379801000000.0,5.33
2024-07-21,114021327368.0,33688606180.0,5.34,379801000000.0,5.33
2024-07-22,114066827367.0,33560640016.0,5.33,395901000000.0,5.33
2024-07-23,114307338921.0,33592678729.0,5.34,389837000000.0,5.33
2024-07-24,114471818448.0,33738013822.0,5.34,399121000000.0,5.33
2024-07-25,114453302193.0,33612787109.0,5.35,377433000000.0,5.33
2024-07-26,114336302185.0,33374136025.0,5.35,381257000000.0,5.33
2024-07-27,114381331841.0,33721211792.0,5.35,381257000000.0,5.33
2024-07-28,114469974704.0,33744379813.0,5.35,381257000000.0,5.33
2024-07-29,114469974704.0,33724328691.0,5.33,385281000000.0,5.33
2024-07-30,114513725531.0,33338671490.0,5.33,367054000000.0,5.33
2024-07-31,114518259273.0,33083244630.0,5.38,413200000000.0,5.33
2024-08-01,114547619142.0,32975847532.0,5.35,348885000000.0,5.33
2024-08-02,114553402686.0,32554955077.0,5.35,338473000000.0,5.33
2024-08-03,114594788858.0,32589592799.0,5.35,338473000000.0,5.33
2024-08-04,114579788856.0,32705368390.0,5.35,338473000000.0,5.33
2024-08-05,114579788856.0,32831859620.0,5.32,316246000000.0,5.33
2024-08-06,114457553704.0,33320174780.0,5.33,291958000000.0,5.33
2024-08-07,114578293183.0,33808347110.0,5.33,286660000000.0,5.33
2024-08-08,114966872515.0,34056404496.0,5.34,303159000000.0,5.33
2024-08-09,115416775013.0,34064648192.0,5.34,312198000000.0,5.33
2024-08-10,115574281399.0,34001117090.0,5.34,312198000000.0,5.33
2024-08-11,115640681399.0,34043435200.0,5.34,312198000000.0,5.33
2024-08-12,115640681399.0,34025247833.0,5.34,328641000000.0,5.33
2024-08-13,115889054746.0,34058003605.0,5.34,324494000000.0,5.33
2024-08-14,116129081961.0,34029385017.0,5.33,328472000000.0,5.33
2024-08-15,116534312382.0,34033979753.0,5.35,307141000000.0,5.33
2024-08-16,116709344091.0,34102608602.0,5.32,330317000000.0,5.33
2024-08-17,116833969260.0,34355462675.0,5.32,330317000000.0,5.33
2024-08-18,116887299260.0,34378786343.0,5.32,330317000000.0,5.33
2024-08-19,116888957760.0,34348233692.0,5.32,333583000000.0,5.33
2024-08-20,116995756969.0,34441773839.0,5.32,310819000000.0,5.33
2024-08-21,117276576505.0,34339670350.0,5.31,321329000000.0,5.33
2024-08-22,117408263940.0,34442321418.0,5.31,316777000000.0,5.33
2024-08-23,117648169338.0,34225560581.0,5.33,312896000000.0,5.33
2024-08-24,117713064005.0,34466304100.0,5.33,312896000000.0,5.33
2024-08-25,117842339087.0,34394484122.0,5.33,312896000000.0,5.33
2024-08-26,117844216713.0,34343148851.0,5.34,353557000000.0,5.33
2024-08-27,117979455231.0,34087886423.0,5.35,344045000000.0,5.33
2024-08-28,117937170815.0,33820804202.0,5.35,388890000000.0,5.33
2024-08-29,118086718409.0,33944435169.0,5.33,383434000000.0,5.33
2024-08-30,118207965633.0,34419245011.0,5.32,433130000000.0,5.33
2024-08-31,118210924869.0,34509386329.0,5.32,433130000000.0,5.33
2024-09-01,118210924869.0,34493737416.0,5.32,433130000000.0,5.33
2024-09-02,118211124869.0,34523332736.0,5.32,433130000000.0,5.33
2024-09-03,118123924395.0,34567470119.0,5.34,349808000000.0,5.33
2024-09-04,118124409888.0,34432573004.0,5.35,337312000000.0,5.33
2024-09-05,118136891800.0,34694349289.0,5.35,291091000000.0,5.33
2024-09-06,118118409375.0,34703034575.0,5.34,299271000000.0,5.33
2024-09-07,118173609123.0,34617185926.0,5.34,299271000000.0,5.33
2024-09-08,118177509123.0,34722999642.0,5.34,299271000000.0,5.33
2024-09-09,118177509123.0,34768456172.0,5.34,292158000000.0,5.33
2024-09-10,118420988938.0,34887333593.0,5.33,281392000000.0,5.33
2024-09-11,118433539059.0,35107738761.0,5.32,279215000000.0,5.33
2024-09-12,118434788760.0,35144079209.0,5.33,294464000000.0,5.33
2024-09-13,118383833822.0,35175581840.0,5.33,284951000000.0,5.33
2024-09-14,118608616138.0,35524394816.0,5.33,284951000000.0,5.33
2024-09-15,119047660344.0,35515079894.0,5.33,284951000000.0,5.33
2024-09-16,118812287090.0,35491876581.0,5.38,239386000000.0,5.33
2024-09-17,118728250450.0,35249878232.0,5.38,256337000000.0,5.33
2024-09-18,118853251348.0,35405736481.0,5.33,305831000000.0,5.33
2024-09-19,118896720603.0,35365866074.0,4.82,311777000000.0,4.83
2024-09-20,119067964666.0,35387947380.0,4.83,339316000000.0,4.83
2024-09-21,119161364466.0,35541185930.0,4.83,339316000000.0,4.83
2024-09-22,119157360693.0,35611894842.0,4.83,339316000000.0,4.83
2024-09-23,119157360693.0,35651896571.0,4.83,380372000000.0,4.83
2024-09-24,119238696383.0,35609776107.0,4.84,388977000000.0,4.83
2024-09-25,119229928664.0,35780423511.0,4.84,416193000000.0,4.83
2024-09-26,119274429856.0,35816830806.0,4.83,424916000000.0,4.83
2024-09-27,119347429356.0,36056633973.0,4.84,436518000000.0,4.83
2024-09-28,119405929000.0,36058585407.0,4.84,436518000000.0,4.83
2024-09-29,119406925003.0,36038353425.0,4.84,436518000000.0,4.83
2024-09-30,119622396997.0,36002121763.0,4.96,465638000000.0,4.83
2024-10-01,119650346135.0,35183237169.0,5.05,375221000000.0,4.83
2024-10-02,119650346135.0,35308113870.0,4.92,383398000000.0,4.83
2024-10-03,119633735737.0,35327000351.0,4.85,341248000000.0,4.83
2024-10-04,119635112439.0,35300864970.0,4.83,330012000000.0,4.83
2024-10-05,119653257237.0,35303828070.0,4.83,330012000000.0,4.83
2024-10-06,119670028849.0,35353561263.0,4.83,330012000000.0,4.83
2024-10-07,119670467363.0,35357850616.0,4.83,322948000000.0,4.83
2024-10-08,119850367555.0,35098642783.0,4.84,325355000000.0,4.83
2024-10-09,119841275909.0,34799002757.0,4.83,343448000000.0,4.83
2024-10-10,119849377370.0,34532097909.0,4.82,322587000000.0,4.83
2024-10-11,119725377367.0,34471039320.0,4.81,331735000000.0,4.83
2024-10-12,119729627115.0,34715463651.0,4.81,331735000000.0,4.83
2024-10-13,119731227066.0,34759320262.0,4.81,331735000000.0,4.83
2024-10-14,119731227066.0,34727446159.0,4.81,331735000000.0,4.83
2024-10-15,119759196663.0,34615883385.0,4.86,286398000000.0,4.83
2024-10-16,119801443876.0,34626254298.0,4.86,272028000000.00003,4.83
2024-10-17,119966698833.0,34527890988.0,4.85,262209999999.99997,4.83
2024-10-18,120002859304.0,34460456278.0,4.84,259892000000.0,4.83
2024-10-19,120087102221.0,34665504068.0,4.84,259892000000.0,4.83
2024-10-20,120152102217.0,34669562630.0,4.84,259892000000.0,4.83
2024-10-21,120179102217.0,34683804214.0,4.82,261043999999.99997,4.83
2024-10-22,120202666053.0,34420505363.0,4.83,237760000000.0,4.83
2024-10-23,120190604126.0,34288248878.0,4.83,270839000000.0,4.83
2024-10-24,120204789939.0,34055928888.0,4.83,202798000000.0,4.83
2024-10-25,120242344735.0,34176177949.0,4.83,227000000000.0,4.83
2024-10-26,120284592333.0,34394600051.0,4.83,227000000000.0,4.83
2024-10-27,120318443412.0,34353139387.0,4.83,227000000000.0,4.83
2024-10-28,120319443409.0,34379494587.0,4.82,251032000000.0,4.83
2024-10-29,120180277118.0,34431370936.0,4.82,244841000000.0,4.83
2024-10-30,120464260834.0,34500643590.0,4.81,228946000000.0,4.83
2024-10-31,120533635657.0,34777501228.0,4.9,201278000000.0,4.83
2024-11-01,120482951828.0,34428836790.0,4.86,155476000000.0,4.83
2024-11-02,120536423457.0,34628613090.0,4.86,155476000000.0,4.83
2024-11-03,120585101455.0,34816221826.0,4.86,155476000000.0,4.83
2024-11-04,120585101455.0,34819119229.0,4.82,171885000000.0,4.83
2024-11-05,121509925391.0,35032825651.0,4.82,144243000000.0,4.83
2024-11-06,121508090966.0,35495702378.0,4.81,177871000000.0,4.83
2024-11-07,121996707673.0,36778932850.0,4.82,159002000000.0,4.83
2024-11-08,122481730696.0,36837551465.0,4.6,163621000000.0,4.58
2024-11-09,123428055689.0,37080522523.0,4.6,163621000000.0,4.58
2024-11-10,123695285992.0,36973238612.0,4.6,163621000000.0,4.58
2024-11-11,123966113535.0,36898324678.0,4.6,163621000000.0,4.58
2024-11-12,125803947511.0,36886004565.0,4.6,178814000000.0,4.58
2024-11-13,126606120653.0,36453658694.0,4.59,238106000000.0,4.58
2024-11-14,127600317350.0,36643380150.0,4.58,214509000000.0,4.58
2024-11-15,129191525913.0,36835407938.0,4.57,172400000000.0,4.58
2024-11-16,129191516826.0,36927137301.0,4.57,172400000000.0,4.58
2024-11-17,129417831726.0,37072910422.0,4.57,172400000000.0,4.58
2024-11-18,129567822731.0,37047044412.0,4.57,200030000000.0,4.58
2024-11-19,129458065433.0,37334703629.0,4.57,200664000000.0,4.58
2024-11-20,129942382199.0,37359206470.0,4.56,217793000000.0,4.58
2024-11-21,131244196679.0,37853997311.0,4.57,188567000000.0,4.58
2024-11-22,131559452114.0,38168544103.0,4.57,204254000000.0,4.58
2024-11-23,132873420057.0,38798750042.0,4.57,204254000000.0,4.58
2024-11-24,134013442053.0,39047159301.0,4.57,204254000000.0,4.58
2024-11-25,134424635741.0,38981295280.0,4.58,186749000000.0,4.58
2024-11-26,134693131223.0,38691389600.0,4.58,148823000000.0,4.58
2024-11-27,134722943242.0,38536964162.0,4.57,169815000000.0,4.58
2024-11-28,135137486676.0,39521814770.0,4.57,169815000000.0,4.58
2024-11-29,135965852342.0,39413361184.0,4.59,197627000000.0,4.58
2024-11-30,136271708422.0,39746464406.0,4.59,197627000000.0,4.58
2024-12-01,134392441049.0,39865840343.0,4.59,197627000000.0,4.58
2024-12-02,134476541006.0,40029815218.0,4.64,135858000000.0,4.58
2024-12-03,135012360931.0,39902043704.0,4.64,161572000000.0,4.58
2024-12-04,135338236018.0,40078216692.0,4.59,162866000000.0,4.58
2024-12-05,136045432502.0,40638149207.0,4.59,131964000000.0,4.58
2024-12-06,136975278080.0,40231975255.0,4.6,130014000000.00002,4.58
2024-12-07,138038817923.0,41136147069.0,4.6,130014000000.00002,4.58
2024-12-08,138262817923.0,41131834220.0,4.6,130014000000.00002,4.58
2024-12-09,138399087923.0,40969386687.0,4.63,153029000000.0,4.58
2024-12-10,138643216096.0,40570582254.0,4.64,174842000000.0,4.58
2024-12-11,138953308451.0,40746368258.0,4.62,180120000000.0,4.58
2024-12-12,140005800450.0,41597995926.0,4.62,165025000000.0,4.58
2024-12-13,140404910980.0,41535712753.0,4.6,135776999999.99998,4.58
2024-12-14,140448004125.0,41983548416.0,4.6,135776999999.99998,4.58
2024-12-15,140568004125.0,41995372080.0,4.6,135776999999.99998,4.58
2024-12-16,140568004125.0,42123004404.0,4.65,110753000000.0,4.58
2024-12-17,140758577764.0,42395161081.0,4.62,118093000000.0,4.58
2024-12-18,140912347295.0,42539086291.0,4.57,131651000000.00002,4.58
2024-12-19,140933906305.0,42340498552.0,4.3,112417000000.0,4.33
2024-12-20,140886878527.0,42440941689.0,4.3,98356000000.0,4.33
2024-12-21,140468513507.0,42762296991.0,4.3,98356000000.0,4.33
2024-12-22,140177246923.0,42942740708.0,4.3,98356000000.0,4.33
2024-12-23,140152701207.0,43015598519.0,4.31,116004000000.0,4.33
2024-12-24,139800592088.0,43032426602.0,4.4,180989000000.0,4.33
2024-12-25,139728411369.0,43051898387.0,4.4,180989000000.0,4.33
2024-12-26,139732311008.0,43102087396.0,4.53,196818000000.0,4.33
2024-12-27,139746088403.0,43474413403.0,4.46,268738999999.99997,4.33
2024-12-28,139593778477.0,43530143468.0,4.46,268738999999.99997,4.33
2024-12-29,139309508042.0,43637942884.0,4.46,268738999999.99997,4.33
2024-12-30,139257508041.0,43635466512.0,4.37,260743000000.0,4.33
2024-12-31,138109585231.0,43825884044.0,4.49,473460000000.0,4.33
2025-01-01,137747095441.0,43937243150.0,4.49,473460000000.0,4.33
2025-01-02,137562831740.0,43688575678.0,4.4,239858000000.0,4.33
2025-01-03,137562831740.0,44438565566.0,4.31,237377000000.0,4.33
2025-01-04,137568401171.0,45354600315.0,4.31,237377000000.0,4.33
2025-01-05,137563370385.0,45530602060.0,4.31,237377000000.0,4.33
2025-01-06,137563370382.0,45571803332.0,4.27,231926000000.0,4.33
2025-01-07,137886263996.0,45766768171.0,4.27,208296000000.0,4.33
2025-01-08,137723427073.0,45483765590.0,4.29,185144000000.0,4.33
2025-01-09,137943085879.0,45299722398.0,4.3,168225000000.0,4.33
2025-01-10,137788031415.0,45428928639.0,4.3,178800000000.0,4.33
2025-01-11,137784795397.0,45749299008.0,4.3,178800000000.0,4.33
2025-01-12,137748925154.0,45752842777.0,4.3,178800000000.0,4.33
2025-01-13,137791589208.0,45747612531.0,4.29,183669000000.0,4.33
2025-01-14,137582647234.0,45618418063.0,4.28,160219000000.0,4.33
2025-01-15,137582647233.0,45738260592.0,4.28,119977000000.0,4.33
2025-01-16,137792434596.0,46249378942.0,4.29,94489000000.0,4.33
2025-01-17,137802584445.0,46456612611.0,4.29,118327000000.0,4.33
2025-01-18,138609880783.0,47418782083.0,4.29,118327000000.0,4.33
2025-01-19,138687679683.0,47532720201.0,4.29,118327000000.0,4.33
2025-01-20,138700179650.0,48228754020.0,4.29,118327000000.0,4.33
2025-01-21,138761501548.0,48178477166.0,4.29,96015000000.0,4.33
2025-01-22,138851168099.0,50873887564.0,4.3,123981000000.0,4.33
2025-01-23,139155191071.0,51557366778.0,4.35,132031000000.0,4.33
2025-01-24,139236520740.0,51963749610.0,4.34,104972000000.0,4.33
2025-01-25,139787677372.0,52182714982.0,4.34,104972000000.0,4.33
2025-01-26,139786746494.0,52129911436.0,4.34,104972000000.0,4.33
2025-01-27,139791921674.0,52090923334.0,4.34,92863000000.0,4.33
2025-01-28,139914228538.0,52357894765.0,4.35,112760000000.0,4.33
2025-01-29,139925628535.0,52516661284.0,4.35,121842000000.0,4.33
2025-01-30,139982628523.0,52580071526.0,4.36,125965000000.0,4.33
2025-01-31,140004528519.0,53139562114.0,4.38,187913000000.0,4.33
2025-02-01,139981016588.0,53307616280.0,4.38,187913000000.0,4.33
2025-02-02,139981116584.0,53305126113.0,4.38,187913000000.0,4.33
2025-02-03,139976116582.0,53342579974.0,4.35,97781000000.0,4.33
2025-02-04,139934356581.0,54473269241.0,4.33,85654000000.0,4.33
2025-02-05,141281000185.0,55006342689.0,4.33,78788000000.0,4.33
2025-02-06,141868639474.0,55340707917.0,4.36,79983000000.0,4.33
2025-02-07,141827071091.0,55700438368.0,4.35,95248000000.0,4.33
2025-02-08,142126491830.0,56241432847.0,4.35,95248000000.0,4.33
2025-02-09,142199011789.0,56013396596.0,4.35,95248000000.0,4.33
2025-02-10,142191510636.0,56157297653.0,4.35,99653000000.0,4.33
2025-02-11,142341381105.0,56144945460.0,4.34,76446000000.0,4.33
2025-02-12,142266481024.0,56084052842.0,4.32,67670000000.0,4.33
2025-02-13,142417199851.0,56045541773.0,4.33,67819999999.99999,4.33
2025-02-14,142225869513.0,56104910202.0,4.33,58770000000.0,4.33
2025-02-15,142413856453.0,56399848127.0,4.33,58770000000.0,4.33
2025-02-16,142412375399.0,56430534307.0,4.33,58770000000.0,4.33
2025-02-17,142412375399.0,56485382945.0,4.33,58770000000.0,4.33
2025-02-18,142249254877.0,56487109965.0,4.37,77817000000.0,4.33
2025-02-19,142082304427.0,56243872726.0,4.35,73196000000.0,4.33
2025-02-20,142682643615.0,56214009708.0,4.33,63207000000.0,4.33
2025-02-21,142843643165.0,56216426123.0,4.34,68983000000.0,4.33
2025-02-22,142951416400.0,57197162929.0,4.34,68983000000.0,4.33
2025-02-23,142951416393.0,57098172000.0,4.34,68983000000.0,4.33
2025-02-24,142874416382.0,57207742538.0,4.34,76818000000.0,4.33
2025-02-25,142812345771.0,56581207853.0,4.33,96000000000.0,4.33
2025-02-26,142538814688.0,56295739197.0,4.33,126058000000.0,4.33
2025-02-27,142421483648.0,56070800854.0,4.36,182148000000.0,4.33
2025-02-28,142614459639.0,55644719728.0,4.39,234422000000.0,4.33
2025-03-01,142639292034.0,56439118978.0,4.39,234422000000.0,4.33
2025-03-02,142747292027.0,56431084977.0,4.39,234422000000.0,4.33
2025-03-03,142807791999.0,56444913701.0,4.33,119987000000.0,4.33
2025-03-04,142880555491.0,56223346097.0,4.33,135257000000.0,4.33
2025-03-05,142867265394.0,56543003142.0,4.34,139493000000.0,4.33
2025-03-06,143090288607.0,57253427831.0,4.35,129269000000.0,4.33
2025-03-07,143171664724.0,57261905251.0,4.34,136305000000.0,4.33
2025-03-08,143230964706.0,58155297299.0,4.34,136305000000.0,4.33
2025-03-09,143280964688.0,58114363177.0,4.34,136305000000.0,4.33
2025-03-10,143280964686.0,58098036118.0,4.33,129054000000.0,4.33
2025-03-11,143336937920.0,57865312775.0,4.32,137310000000.0,4.33
2025-03-12,143558693183.0,58094447736.0,4.31,131055000000.0,4.33
2025-03-13,143747304639.0,58435054898.0,4.3,113435000000.0,4.33
2025-03-14,143748815811.0,58393894489.0,4.3,126234000000.0,4.33
2025-03-15,143836896633.0,58644981038.0,4.3,126234000000.0,4.33
2025-03-16,143836896629.0,58741712216.0,4.3,126234000000.0,4.33
2025-03-17,143836896614.0,58678410477.0,4.32,89496000000.0,4.33
2025-03-18,144087751990.0,58829451841.0,4.31,149503000000.0,4.33
2025-03-19,144100778448.0,58856306093.0,4.29,193378000000.0,4.33
2025-03-20,144275379309.0,59228005775.0,4.29,192640000000.0,4.33
2025-03-21,143936579287.0,59365980716.0,4.3,200850000000.0,4.33
2025-03-22,144193856062.0,59660481973.0,4.3,200850000000.0,4.33
2025-03-23,144224155760.0,59598492875.0,4.3,200850000000.0,4.33
2025-03-24,144224155757.0,59741013815.0,4.31,196565000000.0,4.33
2025-03-25,144459985751.0,59772731493.0,4.33,214786000000.0,4.33
2025-03-26,144698008877.0,60122188931.0,4.35,241371000000.0,4.33
2025-03-27,144876968397.0,60181897454.0,4.36,291785000000.0,4.33
2025-03-28,144894219396.0,60223295877.0,4.34,286575000000.0,4.33
2025-03-29,144508879395.0,60253064146.0,4.34,286575000000.0,4.33
2025-03-30,144508879383.0,60301592649.0,4.34,286575000000.0,4.33
2025-03-31,144649416568.0,60264872986.0,4.41,399167000000.0,4.33
2025-04-01,144734849785.0,60141755212.0,4.39,230063000000.0,4.33
2025-04-02,144756151239.0,60130023966.0,4.37,233488000000.0,4.33
2025-04-03,144814151238.0,60674263451.0,4.39,196265000000.0,4.33
2025-04-04,144783250273.0,60856319903.0,4.35,184499000000.0,4.33
2025-04-05,144778059970.0,60559404506.0,4.35,184499000000.0,4.33
2025-04-06,144769059956.0,60587997635.0,4.35,184499000000.0,4.33
2025-04-07,144569059955.0,60365664257.0,4.33,148146000000.0,4.33
2025-04-08,144888658855.0,60208660877.0,4.4,156911000000.0,4.33
2025-04-09,144700965625.0,60119574145.0,4.42,168115000000.0,4.33
2025-04-10,145054575983.0,59973924433.0,4.37,129949999999.99998,4.33
2025-04-11,144851154191.0,59951281285.0,4.33,98531000000.0,4.33
2025-04-12,144957254190.0,60076679271.0,4.33,98531000000.0,4.33
2025-04-13,145195854190.0,60069768704.0,4.33,98531000000.0,4.33
2025-04-14,145000072564.0,60024999955.0,4.33,102838000000.0,4.33
2025-04-15,144988134604.0,60253477042.0,4.36,88878000000.0,4.33
2025-04-16,145230969405.0,60413403728.0,4.31,54772000000.0,4.33
2025-04-17,145411564253.0,60552429930.0,4.32,58600000000.0,4.33
2025-04-18,145403089797.0,60916066222.0,4.32,58600000000.0,4.33
2025-04-19,145035321798.0,60900318102.0,4.32,58600000000.0,4.33
2025-04-20,145216680932.0,60899206375.0,4.32,58600000000.0,4.33
2025-04-21,145204655279.0,60894831788.0,4.32,114114000000.0,4.33
2025-04-22,145254984859.0,60945423744.0,4.3,137951000000.0,4.33
2025-04-23,145771856311.0,61761862494.0,4.28,171780000000.0,4.33
2025-04-24,146144939953.0,61927441588.0,4.29,130003999999.99998,4.33
2025-04-25,146580988029.0,62235315314.0,4.33,94021000000.0,4.33
2025-04-26,146823288025.0,62415525365.0,4.33,94021000000.0,4.33
2025-04-27,147695285561.0,62286522044.0,4.33,94021000000.0,4.33
2025-04-28,147890535534.0,62107481912.0,4.36,148649000000.0,4.33
2025-04-29,148611733563.0,62061041969.0,4.36,157537000000.0,4.33
2025-04-30,148905522663.0,62039097421.0,4.41,250601000000.0,4.33
2025-05-01,149333119679.0,61526472337.0,4.39,157353000000.0,4.33
2025-05-02,149440079658.0,61578347668.0,4.36,147882000000.0,4.33
2025-05-03,149711823199.0,61590877379.0,4.36,147882000000.0,4.33
2025-05-04,149981823181.0,61564127498.0,4.36,147882000000.0,4.33
2025-05-05,149987023181.0,61534505030.0,4.33,124690000000.0,4.33
2025-05-06,149826223167.0,61778127495.0,4.32,129858000000.0,4.33
2025-05-07,150106836051.0,60955931884.0,4.3,154859000000.0,4.33
2025-05-08,150181948939.0,60914641753.0,4.29,139768000000.0,4.33
2025-05-09,150350804952.0,60895892370.0,4.28,142272000000.0,4.33
2025-05-10,150393604947.0,60696326145.0,4.28,142272000000.0,4.33
2025-05-11,150514671503.0,60820431929.0,4.28,142272000000.0,4.33
2025-05-12,150615671502.0,60801635618.0,4.28,147505000000.0,4.33
2025-05-13,150663236041.0,60394565854.0,4.3,144214000000.0,4.33
2025-05-14,150926534831.0,60132774580.0,4.29,165024000000.0,4.33
2025-05-15,151333639504.0,60141238143.0,4.31,109436000000.0,4.33
2025-05-16,151745623801.0,60083061353.0,4.3,136799000000.0,4.33
2025-05-17,151802073801.0,60454761676.0,4.3,136799000000.0,4.33
2025-05-18,151901465555.0,60400485375.0,4.3,136799000000.0,4.33
2025-05-19,152051465524.0,60348769352.0,4.29,180417000000.0,4.33
2025-05-20,152286729390.0,60030391309.0,4.27,136032999999.99998,4.33
2025-05-21,152473429748.0,60073124158.0,4.26,162802000000.0,4.33
2025-05-22,152809591181.0,60747877180.0,4.26,173018000000.0,4.33
2025-05-23,153131132875.0,60872525293.0,4.26,154841000000.0,4.33
2025-05-24,153333908216.0,61282666764.0,4.26,154841000000.0,4.33
2025-05-25,153364622848.0,61316726272.0,4.26,154841000000.0,4.33
2025-05-26,153364622847.0,61265406144.0,4.26,154841000000.0,4.33
2025-05-27,153336099489.0,61157993726.0,4.31,138066000000.0,4.33
2025-05-28,153545087010.0,60916601401.0,4.33,173641000000.0,4.33
2025-05-29,153590783310.0,60815590161.0,4.33,165660000000.0,4.33
2025-05-30,153692315960.0,60610949844.0,4.35,315657000000.0,4.33
2025-05-31,153658825957.0,60626705605.0,4.35,315657000000.0,4.33
2025-06-01,153723758271.0,60572085105.0,4.35,315657000000.0,4.33
2025-06-02,153763502089.0,60509667778.0,4.35,135841000000.00002,4.33
2025-06-03,153918365325.0,60678592151.0,4.32,153177000000.0,4.33
2025-06-04,154288119435.0,60946475663.0,4.28,168882000000.0,4.33
2025-06-05,154488400144.0,61131468608.0,4.29,152727000000.0,4.33
2025-06-06,154606717162.0,60590144143.0,4.29,149284000000.0,4.33
2025-06-07,155115000492.0,60667869783.0,4.29,149284000000.0,4.33
2025-06-08,155407500492.0,60658782489.0,4.29,149284000000.0,4.33
2025-06-09,155407500531.0,60653704343.0,4.29,179315000000.0,4.33
2025-06-10,156015285591.0,60604413174.0,4.28,182725000000.0,4.33
2025-06-11,155670088658.0,60626528692.0,4.28,204625000000.0,4.33
2025-06-12,156031051481.0,60825163050.0,4.28,181417000000.0,4.33
2025-06-13,156034350481.0,60741300007.0,4.28,168645000000.0,4.33
2025-06-14,156311510783.0,61371511197.0,4.28,168645000000.0,4.33
2025-06-15,156288710782.0,61319855243.0,4.28,168645000000.0,4.33
2025-06-16,156262534400.0,61325008367.0,4.32,140759000000.0,4.33
2025-06-17,156350343711.0,61197763903.0,4.31,168939000000.0,4.33
2025-06-18,156397425951.0,61097319757.0,4.28,205050000000.0,4.33
2025-06-19,156493925950.0,61211469006.0,4.28,205050000000.0,4.33
2025-06-20,156674248726.0,61055394018.0,4.29,138283000000.0,4.33
2025-06-21,156688688065.0,60823311681.0,4.29,138283000000.0,4.33
2025-06-22,156600188057.0,60899502043.0,4.29,138283000000.0,4.33
2025-06-23,156750556577.0,60860420365.0,4.29,165319000000.0,4.33
2025-06-24,155908804295.0,61338513308.0,4.3,187367000000.0,4.33
2025-06-25,157394434423.0,61601316068.0,4.36,210879000000.0,4.33
2025-06-26,157917318269.0,61462201670.0,4.4,252432000000.0,4.33
2025-06-27,158266828122.0,61379856179.0,4.39,285742000000.0,4.33
2025-06-28,158303889518.0,61409457206.0,4.39,285742000000.0,4.33
2025-06-29,158444090587.0,61409457206.0,4.39,285742000000.0,4.33
2025-06-30,158520790585.0,61340894592.0,4.45,460731000000.0,4.33
2025-07-01,158754090584.0,61233561658.0,4.44,245530000000.0,4.33
2025-07-02,158695019985.0,61330570784.0,4.4,237307000000.0,4.33
2025-07-03,159155198929.0,61468509751.0,4.35,214665000000.0,4.33
2025-07-04,159305664246.0,61927821889.0,4.35,214665000000.0,4.33
2025-07-05,159478756035.0,61813045112.0,4.35,214665000000.0,4.33
2025-07-06,159478756029.0,61848765802.0,4.35,214665000000.0,4.33
2025-07-07,159463829126.0,61914514809.0,4.33,218030000000.0,4.33
2025-07-08,159520682149.0,61686814391.0,4.34,219415000000.0,4.33
2025-07-09,159455682148.0,61668157447.0,4.32,227273000000.0,4.33
2025-07-10,159695616477.0,62058362179.0,4.31,183339000000.0,4.33
2025-07-11,159994836080.0,62560460911.0,4.31,181637000000.0,4.33
2025-07-12,160150055260.0,63122747059.0,4.31,181637000000.0,4.33
2025-07-13,160394357834.0,63290662904.0,4.31,181637000000.0,4.33
2025-07-14,160394357833.0,63429308554.0,4.33,217841000000.0,4.33
2025-07-15,160545757830.0,63155113222.0,4.37,198277000000.0,4.33
2025-07-16,160669087149.0,62106490845.0,4.34,197086000000.0,4.33
2025-07-17,162039387242.0,63136403196.0,4.34,193660000000.0,4.33
2025-07-18,161470084202.0,64073956715.0,4.3,199298000000.0,4.33
2025-07-19,161983579210.0,64369490258.0,4.3,199298000000.0,4.33
2025-07-20,162359770647.0,64199001305.0,4.3,199298000000.0,4.33
2025-07-21,162531584793.0,64073586853.0,4.28,213666000000.0,4.33
2025-07-22,162855465485.0,64439196612.0,4.28,196374000000.0,4.33
2025-07-23,163023658144.0,64484839683.0,4.28,189632000000.0,4.33
2025-07-24,163208856646.0,64352254001.0,4.3,132186000000.0,4.33
2025-07-25,163910480196.0,64818032731.0,4.36,150509000000.0,4.33
2025-07-26,163908480684.0,64026821911.0,4.36,150509000000.0,4.33
2025-07-27,164437379973.0,63975475317.0,4.36,150509000000.0,4.33
2025-07-28,164437379970.0,63974615269.0,4.36,170463000000.0,4.33
2025-07-29,164259732060.0,63649526706.0,4.36,171018000000.0,4.33
2025-07-30,164371766732.0,63579399374.0,4.32,155481000000.0,4.33
2025-07-31,164580462391.0,63695606561.0,4.39,214445000000.0,4.33
2025-08-01,164686013950.0,63858929785.0,4.34,97426000000.0,4.33
2025-08-02,164764742593.0,64009861543.0,4.34,97426000000.0,4.33
2025-08-03,164758535749.0,63890957711.0,4.34,97426000000.0,4.33
2025-08-04,164734535747.0,63866936618.0,4.33,125730000000.0,4.33
2025-08-05,164723091665.0,64133803101.0,4.34,84356000000.0,4.33
2025-08-06,164748993280.0,64316656761.0,4.34,91966000000.0,4.33
2025-08-07,164521910565.0,64379034541.0,4.35,77961000000.0,4.33
2025-08-08,165186565785.0,64515908845.0,4.35,80303000000.0,4.33
2025-08-09,165053491593.0,65068392169.0,4.35,80303000000.0,4.33
2025-08-10,165260481580.0,65070089243.0,4.35,80303000000.0,4.33
2025-08-11,164561420921.0,64977770795.0,4.34,82214000000.0,4.33
2025-08-12,164867620918.0,65241866879.0,4.36,57492000000.0,4.33
2025-08-13,164578283964.0,66204397439.0,4.33,57202000000.0,4.33
2025-08-14,165087257083.0,66807090008.0,4.34,28818000000.0,4.33
2025-08-15,166150657095.0,67551596014.0,4.36,33756999999.999996,4.33
2025-08-16,166328383729.0,67931397144.0,4.36,33756999999.999996,4.33
2025-08-17,166328383729.0,67931397144.0,4.36,33756999999.999996,4.33
2025-08-18,167006860890.0,67909546656.0,4.34,38240000000.0,4.33
2025-08-19,167167996960.0,67875713246.0,4.33,22344000000.0,4.33
2025-08-20,167271227574.0,67470520222.0,4.31,34999000000.0,4.33
2025-08-21,167271227574.0,67470520222.0,4.32,25358000000.0,4.33
2025-08-22,166921867399.0,66676060318.0,4.36,36275000000.0,4.33
2025-08-23,166921867399.0,66676060318.0,4.36,36275000000.0,4.33
2025-08-24,167101537709.0,67172441165.0,4.36,36275000000.0,4.33
2025-08-25,167221537708.0,67093456087.0,4.37,47567000000.0,4.33
2025-08-26,167238333460.0,68727991544.0,4.38,28574000000.0,4.33
2025-08-27,167217333459.0,68818681688.0,4.36,34744000000.0,4.33
2025-08-28,167383925958.0,69123274262.0,4.34,31966000000.0,4.33
2025-08-29,168429502725.0,70391528233.0,4.34,77898000000.0,4.33
2025-08-30,167600371918.0,71373163040.0,4.34,77898000000.0,4.33
2025-08-31,168005950273.0,71341964049.0,4.34,77898000000.0,4.33
2025-09-01,167960422397.0,72049974781.0,4.34,77898000000.0,4.33
2025-09-02,167981863668.0,71861411606.0,4.39,21066000000.0,4.33
2025-09-03,166871763653.0,72106640210.0,4.39,17923000000.0,4.33
2025-09-04,168285427737.0,72281330956.0,4.41,20128000000.0,4.33
2025-09-05,170586184029.0,72238076383.0,4.42,20997000000.0,4.33
2025-09-06,168825084008.0,72235878046.0,4.42,20997000000.0,4.33
2025-09-07,168825084007.0,72206302689.0,4.42,20997000000.0,4.33
2025-09-08,168825084004.0,72145141960.0,4.4,19416000000.0,4.33
2025-09-09,168877363164.0,72185877168.0,4.4,22915000000.0,4.33
2025-09-10,169048563162.0,72287339631.0,4.39,29400000000.0,4.33
2025-09-11,169411163153.0,71921402310.0,4.41,26897000000.0,4.33
2025-09-12,169513361626.0,72029014385.0,4.42,17331000000.0,4.33
2025-09-13,170102454965.0,72595950971.0,4.42,17331000000.0,4.33
2025-09-14,170364871683.0,72785742036.0,4.42,17331000000.0,4.33
2025-09-15,170178989121.0,72800537352.0,4.51,16954000000.0,4.33
2025-09-16,170624947838.0,72764259852.0,4.39,18817000000.0,4.33
2025-09-17,170903775343.0,73207475527.0,4.38,13963000000.0,4.33
2025-09-18,171220679162.0,73172467819.0,4.14,13707000000.0,4.08
2025-09-19,171395619409.0,74010712386.0,4.14,11363000000.0,4.08
2025-09-20,172019220193.0,73758281551.0,4.14,11363000000.0,4.08
2025-09-21,172279220193.0,73574557395.0,4.14,11363000000.0,4.08
2025-09-22,171971462933.0,73642796157.0,4.14,14173000000.0,4.09
2025-09-23,172687580334.0,73760589980.0,4.12,14402000000.0,4.09
2025-09-24,173008506231.0,73622311311.0,4.13,29172000000.0,4.09
2025-09-25,173336087144.0,73729893288.0,4.18,25369000000.0,4.09
2025-09-26,173404033837.0,73707162652.0,4.16,48073000000.0,4.09
2025-09-27,174168318428.0,73514538066.0,4.16,48073000000.0,4.09
2025-09-28,174376743851.0,73436316750.0,4.16,48073000000.0,4.09
2025-09-29,174335617850.0,73347331002.0,4.13,56220000000.0,4.09
2025-09-30,174592531943.0,73214277372.0,4.24,49071000000.0,4.09
2025-10-01,174875230173.0,73642961212.0,4.2,10179000000.0,4.09
2025-10-02,175465763402.0,73777519907.0,4.2,8436000000.0,4.09
2025-10-03,176151363391.0,74099214899.0,4.18,25392000000.0,4.09
2025-10-04,176615965939.0,75183499356.0,4.18,25392000000.0,4.09
2025-10-05,176994189391.0,75105831548.0,4.18,25392000000.0,4.09
2025-10-06,176876946043.0,74912337284.0,4.15,21776000000.0,4.09
2025-10-07,177383766513.0,75148679444.0,4.14,4622000000.0,4.09
2025-10-08,177877724056.0,75341515749.0,4.12,5231000000.0,4.1
2025-10-09,178046224055.0,75310826205.0,4.13,4496000000.0,4.1
2025-10-10,177415123608.0,75331286725.0,4.15,4123999999.9999995,4.1
2025-10-11,179046344878.0,74782003364.0,4.15,4123999999.9999995,4.1
2025-10-12,179864638049.0,75137167003.0,4.15,4123999999.9999995,4.1
2025-10-13,179989018048.0,75282039353.0,4.15,4123999999.9999995,4.1
2025-10-14,180122114669.0,75351059407.0,4.19,3516000000.0,4.1
2025-10-15,180573124485.0,75860518084.0,4.29,5484000000.0,4.1
2025-10-16,181293478152.0,75680208026.0,4.3,6960000000.0,4.11
2025-10-17,181413378149.0,75681558830.0,4.18,4102000000.0000005,4.11
2025-10-18,181627031669.0,75728951658.0,4.18,4102000000.0000005,4.11
2025-10-19,181833031406.0,75641628357.0,4.18,4102000000.0000005,4.11
2025-10-20,181834571467.0,75613370819.0,4.16,5931000000.0,4.11
2025-10-21,182026317119.0,75824634449.0,4.23,4699000000.0,4.11
2025-10-22,182533617116.0,76306245382.0,4.21,4005000000.0,4.11
2025-10-23,182467850715.0,76054020114.0,4.24,6941000000.0,4.11
2025-10-24,182725366353.0,76037162295.0,4.24,2435000000.0,4.11
2025-10-25,183034945595.0,75996678803.0,4.24,2435000000.0,4.11
2025-10-26,183030712256.0,75884447544.0,4.24,2435000000.0,4.11
2025-10-27,183132999190.0,75832109356.0,4.27,10642000000.0,4.12
2025-10-28,183191016851.0,75687574209.0,4.31,14096000000.0,4.12
2025-10-29,183418916842.0,75767724438.0,4.27,19504000000.0,4.12
2025-10-30,183364985897.0,75839252919.0,4.04,19166000000.0,3.87
2025-10-31,183363406166.0,75561827029.0,4.22,51802000000.0,3.86
2025-11-01,183417069851.0,75522646181.0,4.22,51802000000.0,3.86
2025-11-02,183477069850.0,75496535300.0,4.22,51802000000.0,3.86
2025-11-03,183567064850.0,75336932985.0,4.13,23792000000.0,3.87
2025-11-04,183562064846.0,74976036923.0,4.0,16983000000.0,3.87
2025-11-05,183334272915.0,74650691250.0,3.91,12814000000.0,3.87
2025-11-06,183524336772.0,74803089779.0,3.92,10754000000.0,3.87
2025-11-07,183421456118.0,74920844018.0,3.93,4903000000.0,3.87
2025-11-08,183636808748.0,75414201438.0,3.93,4903000000.0,3.87
2025-11-09,183443867184.0,75262040367.0,3.93,4903000000.0,3.87
2025-11-10,183443867160.0,75278195173.0,3.95,7152000000.0,3.87
2025-11-11,183471337794.0,75548040755.0,3.95,7152000000.0,3.87
2025-11-12,183558450276.0,75513232607.0,3.98,5886000000.0,3.87
2025-11-13,184167697723.0,75488730268.0,4.0,3761000000.0,3.88
2025-11-14,184038597717.0,75039053895.0,3.95,1559000000.0,3.88
2025-11-15,183997701199.0,74512961425.0,3.95,1559000000.0,3.88
2025-11-16,184021451196.0,74386582866.0,3.95,1559000000.0,3.88
2025-11-17,184013950770.0,74344757165.0,4.0,3172000000.0,3.88
2025-11-18,184004050756.0,74353102162.0,3.94,905000000.0,3.88
2025-11-19,183859084400.0,74378487507.0,3.91,1129000000.0,3.88
2025-11-20,183868329147.0,74127103178.0,3.91,6520000000.0,3.88
2025-11-21,184757890184.0,73329673348.0,3.93,2503000000.0,3.88
2025-11-22,184556081188.0,73590490103.0,3.93,2503000000.0,3.88
2025-11-23,184563479971.0,73583121468.0,3.93,2503000000.0,3.88
2025-11-24,184373921964.0,73519809773.0,3.96,1077000000.0,3.88
2025-11-25,184520644518.0,74310233035.0,4.01,2314000000.0,3.88
2025-11-26,184507212685.0,74764041712.0,4.05,2217000000.0,3.88
2025-11-27,184539966838.0,75502521029.0,4.05,2217000000.0,3.88
2025-11-28,184540266673.0,75731063225.0,4.12,7561000000.0,3.89
2025-11-29,184590594407.0,76232241210.0,4.12,7561000000.0,3.89
2025-11-30,184578594365.0,76261384667.0,4.12,7561000000.0,3.89
2025-12-01,184578594363.0,76112349840.0,4.12,3240000000.0,3.89
2025-12-02,184559976578.0,77002074502.0,4.01,5620000000.0,3.89
2025-12-03,184661571286.0,77376936826.0,3.95,2514000000.0,3.89
2025-12-04,185275678813.0,77574727817.0,3.92,2233000000.0,3.89
2025-12-05,185489666066.0,77626613205.0,3.93,1485000000.0,3.89
2025-12-06,185671557706.0,77822254378.0,3.93,1485000000.0,3.89
2025-12-07,185605589591.0,77781643287.0,3.93,1485000000.0,3.89
2025-12-08,185620700098.0,77761395823.0,3.95,1703000000.0,3.89
2025-12-09,185694296048.0,78138457954.0,3.93,3211000000.0,3.89
2025-12-10,186165611819.0,78095651209.0,3.9,5045000000.0,3.89
2025-12-11,186085477252.0,78185014861.0,3.66,2874000000.0,3.64
2025-12-12,186124222838.0,78567461160.0,3.67,838000000.0,3.64
2025-12-13,186227170549.0,78423998790.0,3.67,838000000.0,3.64
2025-12-14,186224670549.0,78355359299.0,3.67,838000000.0,3.64
2025-12-15,186224670548.0,78310744099.0,3.75,2601000000.0,3.64
2025-12-16,186314670545.0,78208036258.0,3.69,1554000000.0,3.64
2025-12-17,186299880874.0,78165831999.0,3.69,10361000000.0,3.64
2025-12-18,186293380860.0,77983298164.0,3.66,11708000000.0,3.64
2025-12-19,186248060817.0,77341285321.0,3.66,3047000000.0,3.64
2025-12-20,186367744185.0,77117379270.0,3.66,3047000000.0,3.64
2025-12-21,186797744183.0,77073197863.0,3.66,3047000000.0,3.64
2025-12-22,186797744182.0,77028439292.0,3.68,1523000000.0,3.64
2025-12-23,186880324181.0,77064482833.0,3.66,5893000000.0,3.64
2025-12-24,187100147046.0,76839734256.0,3.66,4803000000.0,3.64
2025-12-25,186863540033.0,76561361608.0,3.66,4803000000.0,3.64
2025-12-26,186861373315.0,76473668777.0,3.76,20339000000.0,3.64
2025-12-27,186852272294.0,76452764619.0,3.76,20339000000.0,3.64
2025-12-28,186800272292.0,76372786121.0,3.76,20339000000.0,3.64
2025-12-29,186800272291.0,76270278647.0,3.77,10551000000.0,3.64
2025-12-30,187303272279.0,76007865440.0,3.71,12605000000.0,3.64
2025-12-31,187311388515.0,76003970103.0,3.87,105993000000.0,3.64
2026-01-01,187261227273.0,75312364733.0,3.87,105993000000.0,3.64
2026-01-02,187074832375.0,75132503398.0,3.75,5667000000.0,3.64
2026-01-03,187214832372.0,75288915416.0,3.75,5667000000.0,3.64
2026-01-04,187083832372.0,75306641558.0,3.75,5667000000.0,3.64
2026-01-05,187083832369.0,75375012020.0,3.7,6485000000.0,3.64
2026-01-06,187293532611.0,75666723343.0,3.66,2582000000.0,3.64
2026-01-07,187067881365.0,75482167416.0,3.65,4582000000.0,3.64
2026-01-08,187068870349.0,75069992350.0,3.64,3083000000.0,3.64
2026-01-09,186177870330.0,74923084420.0,3.64,3280000000.0,3.64
2026-01-10,186939883564.0,74632467209.0,3.64,3280000000.0,3.64
2026-01-11,187045563563.0,74596182890.0,3.64,3280000000.0,3.64
2026-01-12,186939883553.0,74558603100.0,3.64,3402000000.0,3.64
2026-01-13,186906829735.0,73977140735.0,3.65,3277000000.0,3.64
2026-01-14,186821887714.0,74878925568.0,3.64,3223000000.0,3.64
2026-01-15,186790391342.0,75687822294.0,3.66,2003000000.0,3.64
2026-01-16,186679205004.0,76621049108.0,3.65,1222000000.0,3.64
2026-01-17,186660995531.0,77119711944.0,3.65,1222000000.0,3.64
2026-01-18,186660995511.0,77031538927.0,3.65,1222000000.0,3.64
2026-01-19,186964415062.0,76768398593.0,3.65,1222000000.0,3.64
2026-01-20,186972526151.0,76437212516.0,3.64,3506000000.0,3.64
2026-01-21,186985577484.0,74497118677.0,3.63,3344000000.0,3.64
2026-01-22,186886791640.0,74226424810.0,3.64,2057999999.9999998,3.64
2026-01-23,186891791639.0,73636751175.0,3.65,927000000.0,3.64
2026-01-24,186870822577.0,72936917936.0,3.65,927000000.0,3.64
2026-01-25,186870822575.0,72559398810.0,3.65,927000000.0,3.64
2026-01-26,186855914873.0,72382705488.0,3.66,1489000000.0,3.64
2026-01-27,186508591426.0,72032645906.0,3.66,1253000000.0,3.64
2026-01-28,186398204268.0,71539998624.0,3.64,1103000000.0,3.64
2026-01-29,186303395123.0,71294078029.0,3.65,2852000000.0,3.64
2026-01-30,185817215159.0,70250401831.0,3.68,9629000000.0,3.64
2026-01-31,185577215258.0,70020388978.0,3.68,9629000000.0,3.64
2026-02-01,185342539535.0,70086068463.0,3.68,9629000000.0,3.64
2026-02-02,185398845864.0,70338001812.0,3.69,10415000000.0,3.64
2026-02-03,185300658701.0,70715185226.0,3.69,1785000000.0,3.64
2026-02-04,185161878190.0,70860356564.0,3.65,2414000000.0,3.64
2026-02-05,185685527539.0,70786876510.0,3.65,1748000000.0,3.64
2026-02-06,185261468141.0,70551319297.0,3.64,3111000000.0,3.64
2026-02-07,183583056218.0,72568034111.0,3.64,3111000000.0,3.64
2026-02-08,183456556217.0,72719099879.0,3.64,3111000000.0,3.64
2026-02-09,184542486578.0,72846879535.0,3.63,1306000000.0,3.64
2026-02-10,184487425874.0,73035841605.0,3.65,1447000000.0,3.64
2026-02-11,184363356800.0,73213052012.0,3.65,1048000000.0,3.64
2026-02-12,183990423483.12,73354762681.61,3.65,1048000000.0,3.64
