date_utc,hhi_B,top5_share_B
2023-02-01 00:00:00+00:00,0.798026,0.9979090374933982
2023-02-02 00:00:00+00:00,0.7047859999999999,0.9968715085851653
2023-02-03 00:00:00+00:00,0.932325,0.9997427874791177
2023-02-04 00:00:00+00:00,0.5208050000000001,0.9915952616584726
2023-02-05 00:00:00+00:00,0.503957,0.9980717774084117
2023-02-06 00:00:00+00:00,0.6491239999999999,0.9977300331523916
2023-02-07 00:00:00+00:00,0.43470999999999993,0.9981984792283854
2023-02-08 00:00:00+00:00,0.774054,0.999244048837833
2023-02-09 00:00:00+00:00,0.740909,0.9986801529258519
2023-02-10 00:00:00+00:00,0.9728779999999999,0.9998659829822288
2023-02-11 00:00:00+00:00,0.616351,0.9976838903224949
2023-02-12 00:00:00+00:00,0.7706270000000001,0.9988143401028591
2023-02-13 00:00:00+00:00,0.526581,0.9979644140583318
2023-02-14 00:00:00+00:00,0.928075,0.9991375467984365
2023-02-15 00:00:00+00:00,0.8635229999999999,0.998307568234506
2023-02-16 00:00:00+00:00,0.7538279999999999,0.9959709381841416
2023-02-17 00:00:00+00:00,0.8266680000000001,0.9975945301394997
2023-02-18 00:00:00+00:00,0.820607,0.9970190095615493
2023-02-19 00:00:00+00:00,0.688136,0.9968861547971677
2023-02-20 00:00:00+00:00,0.897494,0.9977542275518894
2023-02-21 00:00:00+00:00,0.8674799999999999,0.9945298475003805
2023-02-22 00:00:00+00:00,0.912507,0.9995853348992597
2023-02-23 00:00:00+00:00,0.9081289999999999,0.9995417183854938
2023-02-24 00:00:00+00:00,0.8857440000000001,0.9991166572710918
2023-02-25 00:00:00+00:00,0.697462,0.9990441000676198
2023-02-26 00:00:00+00:00,0.8833,0.9990182936610547
2023-02-27 00:00:00+00:00,0.8511700000000001,0.9966805312698821
2023-02-28 00:00:00+00:00,0.8729389999999999,0.9995096617597535
2023-03-01 00:00:00+00:00,0.8505590000000001,0.9990661809937148
2023-03-02 00:00:00+00:00,0.814412,0.9978763390570311
2023-03-03 00:00:00+00:00,0.8072739999999999,0.9988604626069669
2023-03-04 00:00:00+00:00,0.644695,0.99954631079702
2023-03-05 00:00:00+00:00,0.8409549999999999,0.9961066350824641
2023-03-06 00:00:00+00:00,0.789399,0.9988572561621024
2023-03-07 00:00:00+00:00,0.654841,0.9969178219360412
2023-03-08 00:00:00+00:00,0.7857970000000001,0.9966421515437895
2023-03-09 00:00:00+00:00,0.8700810000000001,0.9986824046819982
2023-03-10 00:00:00+00:00,0.660567,0.9986327236629287
2023-03-11 00:00:00+00:00,0.553197,0.9921594478553384
2023-03-12 00:00:00+00:00,0.571799,0.9944364301732729
2023-03-13 00:00:00+00:00,0.5502229999999999,0.9963095401562134
2023-03-14 00:00:00+00:00,0.472189,0.9953328383768398
2023-03-15 00:00:00+00:00,0.5412480000000001,0.9953366662406835
2023-03-16 00:00:00+00:00,0.464192,0.9987014820295291
2023-03-17 00:00:00+00:00,0.604722,0.9971949271992264
2023-03-18 00:00:00+00:00,0.47574799999999995,0.9942644876799884
2023-03-19 00:00:00+00:00,0.5353939999999999,0.9934167090381633
2023-03-20 00:00:00+00:00,0.629312,0.9945429695581403
2023-03-21 00:00:00+00:00,0.705475,0.9942538852679308
2023-03-22 00:00:00+00:00,0.5859059999999999,0.996450692729081
2023-03-23 00:00:00+00:00,0.701408,0.9964267297583496
2023-03-24 00:00:00+00:00,0.457481,0.9963219270924488
2023-03-25 00:00:00+00:00,0.343643,0.9947840823955204
2023-03-26 00:00:00+00:00,0.5119520000000001,0.996469655909403
2023-03-27 00:00:00+00:00,0.706519,0.9971149898348195
2023-03-28 00:00:00+00:00,0.680739,0.9919923033545058
2023-03-29 00:00:00+00:00,0.558744,0.998570422901705
2023-03-30 00:00:00+00:00,0.816171,0.9962455875477411
2023-03-31 00:00:00+00:00,0.736507,0.9989229558647158
2023-04-01 00:00:00+00:00,0.590935,0.9936788872499668
2023-04-02 00:00:00+00:00,0.553609,0.9951934599980023
2023-04-03 00:00:00+00:00,0.80582,0.9962541595526294
2023-04-04 00:00:00+00:00,0.684358,0.996305204032338
2023-04-05 00:00:00+00:00,0.7413609999999999,0.9848837267880172
2023-04-06 00:00:00+00:00,0.787791,0.9929735681302447
2023-04-07 00:00:00+00:00,0.755788,0.998679625021739
2023-04-08 00:00:00+00:00,0.506872,0.9975492950668824
2023-04-09 00:00:00+00:00,0.6871679999999999,0.9979844580718485
2023-04-10 00:00:00+00:00,0.799449,0.9983021985816329
2023-04-11 00:00:00+00:00,0.603925,0.9925781516437004
2023-04-12 00:00:00+00:00,0.8213239999999999,0.9974684881922066
2023-04-13 00:00:00+00:00,0.780629,0.9986455930008001
2023-04-14 00:00:00+00:00,0.748696,0.9939082097856368
2023-04-15 00:00:00+00:00,0.42905200000000004,0.9942089500208917
2023-04-16 00:00:00+00:00,0.6326940000000001,0.9915903521296168
2023-04-17 00:00:00+00:00,0.855043,0.999298372229108
2023-04-18 00:00:00+00:00,0.8828520000000001,0.9987076302765807
2023-04-19 00:00:00+00:00,0.8033589999999999,0.9980194767466372
2023-04-20 00:00:00+00:00,0.447829,0.9951255513426703
2023-04-21 00:00:00+00:00,0.7731520000000001,0.9981761816414344
2023-04-22 00:00:00+00:00,0.614771,0.9983293535149084
2023-04-23 00:00:00+00:00,0.503422,0.9980190092131271
2023-04-24 00:00:00+00:00,0.7605350000000001,0.997364064722186
2023-04-25 00:00:00+00:00,0.786783,0.9985312922358893
2023-04-26 00:00:00+00:00,0.7961360000000001,0.9983716166315771
2023-04-27 00:00:00+00:00,0.789778,0.9997436785408775
2023-04-28 00:00:00+00:00,0.8464130000000001,0.9967209405361828
2023-04-29 00:00:00+00:00,0.368174,0.9802760578706138
2023-04-30 00:00:00+00:00,0.558613,0.9891039580070861
2023-05-01 00:00:00+00:00,0.662277,0.9969988802681725
2023-05-02 00:00:00+00:00,0.692896,0.9955219843132311
2023-05-03 00:00:00+00:00,0.7973,0.99936102341921
2023-05-04 00:00:00+00:00,0.817993,0.9979070159814175
2023-05-05 00:00:00+00:00,0.8426809999999999,0.9988363090282493
2023-05-06 00:00:00+00:00,0.502149,0.9908335660527856
2023-05-07 00:00:00+00:00,0.5054109999999999,0.9929058296382318
2023-05-08 00:00:00+00:00,0.6086520000000001,0.9916371557283673
2023-05-09 00:00:00+00:00,0.676975,0.9958021011653332
2023-05-10 00:00:00+00:00,0.757867,0.9936856725831275
2023-05-11 00:00:00+00:00,0.5952310000000001,0.9914416208815925
2023-05-12 00:00:00+00:00,0.712252,0.9975509888136768
2023-05-13 00:00:00+00:00,0.5,0.9809091214093378
2023-05-14 00:00:00+00:00,0.50058,0.9873838388485489
2023-05-15 00:00:00+00:00,0.8415230000000001,0.9991105235898877
2023-05-16 00:00:00+00:00,0.8282069999999999,0.9975376261162463
2023-05-17 00:00:00+00:00,0.786255,0.9967402863629169
2023-05-18 00:00:00+00:00,0.803816,0.9949824688920691
2023-05-19 00:00:00+00:00,0.4950299999999999,0.9938626631241979
2023-05-20 00:00:00+00:00,0.5170549999999999,0.989431481807054
2023-05-21 00:00:00+00:00,0.390086,0.9873189461034859
2023-05-22 00:00:00+00:00,0.7005269999999999,0.989151062684334
2023-05-23 00:00:00+00:00,0.777263,0.9985549468408254
2023-05-24 00:00:00+00:00,0.801848,0.9981205850627488
2023-05-25 00:00:00+00:00,0.6258130000000001,0.995612103516701
2023-05-26 00:00:00+00:00,0.6587910000000001,0.9945484556054695
2023-05-27 00:00:00+00:00,0.6612480000000001,0.9962887207878148
2023-05-28 00:00:00+00:00,0.638755,0.9989666057271622
2023-05-29 00:00:00+00:00,0.591337,0.9929625634477544
2023-05-30 00:00:00+00:00,0.853606,0.9997281632664432
2023-05-31 00:00:00+00:00,0.848957,0.9978642013240493
2023-06-01 00:00:00+00:00,0.7906820000000001,0.9988177967985109
2023-06-02 00:00:00+00:00,0.776292,0.9989811523741653
2023-06-03 00:00:00+00:00,0.677049,0.9937169974449338
2023-06-04 00:00:00+00:00,0.720212,0.9993017832360997
2023-06-05 00:00:00+00:00,0.854719,0.9986894804060734
2023-06-06 00:00:00+00:00,0.7275389999999999,0.9913923260246952
2023-06-07 00:00:00+00:00,0.788513,0.9987941652438281
2023-06-08 00:00:00+00:00,0.7047230000000001,0.9987224530431267
2023-06-09 00:00:00+00:00,0.738144,0.9983384707587314
2023-06-10 00:00:00+00:00,0.5897720000000001,0.9827260240347608
2023-06-11 00:00:00+00:00,0.692921,0.999767026350515
2023-06-12 00:00:00+00:00,0.47216800000000003,0.9980756411082656
2023-06-13 00:00:00+00:00,0.549675,0.9942809872168168
2023-06-14 00:00:00+00:00,0.576738,0.9933348848927919
2023-06-15 00:00:00+00:00,0.40962200000000004,0.997009358032455
2023-06-16 00:00:00+00:00,0.5398120000000001,0.9983783564004444
2023-06-17 00:00:00+00:00,0.41187799999999997,0.9816211635425359
2023-06-18 00:00:00+00:00,0.380511,0.9825903140234508
2023-06-19 00:00:00+00:00,0.548266,0.9969322822737721
2023-06-20 00:00:00+00:00,0.444979,0.9939977225878868
2023-06-21 00:00:00+00:00,0.606466,0.99361861309106
2023-06-22 00:00:00+00:00,0.71377,0.9954117416307962
2023-06-23 00:00:00+00:00,0.739908,0.9955087378765187
2023-06-24 00:00:00+00:00,0.367454,0.9914419036052475
2023-06-25 00:00:00+00:00,0.628852,0.9928987023080778
2023-06-26 00:00:00+00:00,0.7471270000000001,0.9950644653808832
2023-06-27 00:00:00+00:00,0.814295,0.9980939799625884
2023-06-28 00:00:00+00:00,0.776292,0.9998438623925562
2023-06-29 00:00:00+00:00,0.7871600000000001,0.999070353147047
2023-06-30 00:00:00+00:00,0.8160719999999999,0.9957136808571689
2023-07-01 00:00:00+00:00,0.514555,0.9998274666643228
2023-07-02 00:00:00+00:00,0.500094,0.9826829853786588
2023-07-03 00:00:00+00:00,0.8359719999999999,0.9987524138759442
2023-07-04 00:00:00+00:00,0.45153000000000004,0.9926418619269466
2023-07-05 00:00:00+00:00,0.627429,0.9911478398190214
2023-07-06 00:00:00+00:00,0.7366779999999999,0.9946769707896477
2023-07-07 00:00:00+00:00,0.767252,0.9998874779284392
2023-07-08 00:00:00+00:00,0.455163,0.9832060314645233
2023-07-09 00:00:00+00:00,0.47332399999999997,0.9814608381389573
2023-07-10 00:00:00+00:00,0.6985979999999999,0.9978331631299251
2023-07-11 00:00:00+00:00,0.657375,0.9915872650664148
2023-07-12 00:00:00+00:00,0.802609,0.9986635364200447
2023-07-13 00:00:00+00:00,0.794824,0.9960940271753159
2023-07-14 00:00:00+00:00,0.811527,0.9967911254474384
2023-07-15 00:00:00+00:00,0.515903,0.9857184720222562
2023-07-16 00:00:00+00:00,0.611458,0.9888247203451385
2023-07-17 00:00:00+00:00,0.9195140000000002,0.9962696628529295
2023-07-18 00:00:00+00:00,0.719547,0.9937632392759321
2023-07-19 00:00:00+00:00,0.8666240000000002,0.9983558647237152
2023-07-20 00:00:00+00:00,0.805764,0.9946446169349823
2023-07-21 00:00:00+00:00,0.8147909999999999,0.998405612436216
2023-07-22 00:00:00+00:00,0.43408900000000006,0.9861746050018636
2023-07-23 00:00:00+00:00,0.581016,0.9824664549208336
2023-07-24 00:00:00+00:00,0.835098,0.9980430512991221
2023-07-25 00:00:00+00:00,0.764224,0.9982515559901195
2023-07-26 00:00:00+00:00,0.717295,0.998824979085722
2023-07-27 00:00:00+00:00,0.797533,0.9996812369595519
2023-07-28 00:00:00+00:00,0.7546,0.9972578154079578
2023-07-29 00:00:00+00:00,0.695069,0.9934324528937619
2023-07-30 00:00:00+00:00,0.5007520000000001,0.9912382632933269
2023-07-31 00:00:00+00:00,0.778447,0.997975226881878
2023-08-01 00:00:00+00:00,0.468438,0.9936932014642444
2023-08-02 00:00:00+00:00,0.751415,0.9976696321258487
2023-08-03 00:00:00+00:00,0.773968,0.9970266965359776
2023-08-04 00:00:00+00:00,0.742591,0.9983513042742267
2023-08-05 00:00:00+00:00,0.5001869999999999,0.9972193481501491
2023-08-06 00:00:00+00:00,0.550406,0.9968651721090949
2023-08-07 00:00:00+00:00,0.57244,0.9989091723224262
2023-08-08 00:00:00+00:00,0.7244950000000001,0.9985717534958426
2023-08-09 00:00:00+00:00,0.691585,0.9956294105212641
2023-08-10 00:00:00+00:00,0.8052570000000001,0.9985685129398173
2023-08-11 00:00:00+00:00,0.844043,0.999235539173102
2023-08-12 00:00:00+00:00,0.7487299999999999,0.9968341547822311
2023-08-13 00:00:00+00:00,0.5785980000000001,0.9958341038145215
2023-08-14 00:00:00+00:00,0.8391959999999999,0.9996561873610258
2023-08-15 00:00:00+00:00,0.7854369999999999,0.999387026610156
2023-08-16 00:00:00+00:00,0.742351,0.9975979028777422
2023-08-17 00:00:00+00:00,0.696359,0.9976030585591076
2023-08-18 00:00:00+00:00,0.7677350000000001,0.9981058358034864
2023-08-19 00:00:00+00:00,0.7875110000000001,0.9987237852815946
2023-08-20 00:00:00+00:00,0.50852,0.9903359023135059
2023-08-21 00:00:00+00:00,0.7915949999999999,0.9992734523811178
2023-08-22 00:00:00+00:00,0.7363430000000001,0.9948181737263443
2023-08-23 00:00:00+00:00,0.80207,0.9967411027343811
2023-08-24 00:00:00+00:00,0.7826740000000001,0.9985854028121175
2023-08-25 00:00:00+00:00,0.765766,0.9970678841546763
2023-08-26 00:00:00+00:00,0.558045,0.9929690478042815
2023-08-27 00:00:00+00:00,0.807053,0.99534714788532
2023-08-28 00:00:00+00:00,0.669149,0.996072149230322
2023-08-29 00:00:00+00:00,0.832945,0.9979746751590509
2023-08-30 00:00:00+00:00,0.769356,0.9998152656785215
2023-08-31 00:00:00+00:00,0.8208710000000001,0.9990806767228624
2023-09-01 00:00:00+00:00,0.745762,0.9961649666512605
2023-09-02 00:00:00+00:00,0.5634549999999999,0.9962242598962486
2023-09-03 00:00:00+00:00,0.897001,0.9986819457750633
2023-09-04 00:00:00+00:00,0.8872680000000001,0.9984813799639312
2023-09-05 00:00:00+00:00,0.8781130000000001,0.9994021209506833
2023-09-06 00:00:00+00:00,0.642139,0.9956790295719458
2023-09-07 00:00:00+00:00,0.8397399999999999,0.9989695208350718
2023-09-08 00:00:00+00:00,0.855942,0.9976831512287508
2023-09-09 00:00:00+00:00,0.8836369999999999,0.9966408185527627
2023-09-10 00:00:00+00:00,0.800967,0.9981539078048112
2023-09-11 00:00:00+00:00,0.8310560000000001,0.9975339107280599
2023-09-12 00:00:00+00:00,0.607898,0.9972645676627725
2023-09-13 00:00:00+00:00,0.8538080000000001,0.9993907079626209
2023-09-14 00:00:00+00:00,0.899408,0.9981884786642725
2023-09-15 00:00:00+00:00,0.6105520000000001,0.9970216578960813
2023-09-16 00:00:00+00:00,0.652977,0.9968198028922757
2023-09-17 00:00:00+00:00,0.6913560000000001,0.9962139588323475
2023-09-18 00:00:00+00:00,0.759301,0.9959752689932823
2023-09-19 00:00:00+00:00,0.7957780000000001,0.9985412993405667
2023-09-20 00:00:00+00:00,0.7376839999999999,0.9962439927606587
2023-09-21 00:00:00+00:00,0.812077,0.9969747045514754
2023-09-22 00:00:00+00:00,0.712531,0.9979473804892491
2023-09-23 00:00:00+00:00,0.53263,0.9943896836908607
2023-09-24 00:00:00+00:00,0.641754,0.9990480858678121
2023-09-25 00:00:00+00:00,0.866173,0.9992817832194981
2023-09-26 00:00:00+00:00,0.77867,0.9971827732883668
2023-09-27 00:00:00+00:00,0.8042779999999999,0.9975723355994613
2023-09-28 00:00:00+00:00,0.830124,0.9988730793033531
2023-09-29 00:00:00+00:00,0.8923710000000001,0.9990034500948387
2023-09-30 00:00:00+00:00,0.766654,0.9969359564104461
2023-10-01 00:00:00+00:00,0.7854030000000001,0.997779299528281
2023-10-02 00:00:00+00:00,0.800586,0.9961603087230014
2023-10-03 00:00:00+00:00,0.9144820000000001,0.9987496154134486
2023-10-04 00:00:00+00:00,0.898776,0.9971685989419097
2023-10-05 00:00:00+00:00,0.863241,0.9992650109196978
2023-10-06 00:00:00+00:00,0.813574,0.9988722885601319
2023-10-07 00:00:00+00:00,0.792391,0.993165849332027
2023-10-08 00:00:00+00:00,0.533832,0.9992544575631576
2023-10-09 00:00:00+00:00,0.8412,0.9970526751329694
2023-10-10 00:00:00+00:00,0.689442,0.9992798450410078
2023-10-11 00:00:00+00:00,0.821702,0.9998020257550961
2023-10-12 00:00:00+00:00,0.791038,0.9999086203908547
2023-10-13 00:00:00+00:00,0.691176,0.9994558159839085
2023-10-14 00:00:00+00:00,0.6702600000000001,0.9995666522747114
2023-10-15 00:00:00+00:00,0.866813,0.9993386678042908
2023-10-16 00:00:00+00:00,0.7053699999999999,0.9980208980874492
2023-10-17 00:00:00+00:00,0.7436,0.9991075101343181
2023-10-18 00:00:00+00:00,0.8804640000000001,0.9987960263157195
2023-10-19 00:00:00+00:00,0.855141,0.9992160416664732
2023-10-20 00:00:00+00:00,0.74347,0.998715398036111
2023-10-21 00:00:00+00:00,0.8174779999999999,0.9943942321576874
2023-10-22 00:00:00+00:00,0.439391,0.995890611819659
2023-10-23 00:00:00+00:00,0.7024050000000001,0.9967909272099658
2023-10-24 00:00:00+00:00,0.8583540000000001,0.9996288755382221
2023-10-25 00:00:00+00:00,0.903092,0.9995903773684323
2023-10-26 00:00:00+00:00,0.8557739999999999,0.9986520942379057
2023-10-27 00:00:00+00:00,0.87105,0.999962430559052
2023-10-28 00:00:00+00:00,0.8624710000000001,0.9998833648053884
2023-10-29 00:00:00+00:00,0.7854300000000001,0.9999343535756791
2023-10-30 00:00:00+00:00,0.887074,0.9999044945004262
2023-10-31 00:00:00+00:00,0.78122,0.9981258662953989
2023-11-01 00:00:00+00:00,0.807873,0.9970823606966366
2023-11-02 00:00:00+00:00,0.7597280000000001,0.9970992066146218
2023-11-03 00:00:00+00:00,0.753724,0.9985277217058165
2023-11-04 00:00:00+00:00,0.8679310000000001,0.9998369029774041
2023-11-05 00:00:00+00:00,0.593321,0.9994881863843974
2023-11-06 00:00:00+00:00,0.687904,0.9971767128629013
2023-11-07 00:00:00+00:00,0.7418110000000001,0.9961532138487088
2023-11-08 00:00:00+00:00,0.800818,0.9974264412048369
2023-11-09 00:00:00+00:00,0.4720889999999999,0.9975677481102087
2023-11-10 00:00:00+00:00,0.795143,0.9946097767280627
2023-11-11 00:00:00+00:00,0.805651,0.9994720115772514
2023-11-12 00:00:00+00:00,0.82585,0.9984704884588396
2023-11-13 00:00:00+00:00,0.803025,0.9967768173977543
2023-11-14 00:00:00+00:00,0.8245300000000001,0.9945918199663512
2023-11-15 00:00:00+00:00,0.767858,0.9972684205742333
2023-11-16 00:00:00+00:00,0.863022,0.9967834637702854
2023-11-17 00:00:00+00:00,0.8582289999999999,0.9966121935780945
2023-11-18 00:00:00+00:00,0.664624,0.9871128674684205
2023-11-19 00:00:00+00:00,0.820823,0.9991010767070365
2023-11-20 00:00:00+00:00,0.765285,0.9948971802511638
2023-11-21 00:00:00+00:00,0.721845,0.9956046756361481
2023-11-22 00:00:00+00:00,0.7910799999999999,0.9962383246060417
2023-11-23 00:00:00+00:00,0.5185690000000001,0.9964371104213406
2023-11-24 00:00:00+00:00,0.769088,0.9978642354517588
2023-11-25 00:00:00+00:00,0.582745,0.9991629338770784
2023-11-26 00:00:00+00:00,0.8891240000000001,0.9998682932348117
2023-11-27 00:00:00+00:00,0.480145,0.9986737325044697
2023-11-28 00:00:00+00:00,0.7012470000000001,0.9968694556102901
2023-11-29 00:00:00+00:00,0.653544,0.9973245235043039
2023-11-30 00:00:00+00:00,0.613115,0.9985406439206553
2023-12-01 00:00:00+00:00,0.797285,0.9947634330503966
2023-12-02 00:00:00+00:00,0.8056439999999999,0.9992674389532091
2023-12-03 00:00:00+00:00,0.438987,0.9918612742222865
2023-12-04 00:00:00+00:00,0.821235,0.9954948356292986
2023-12-05 00:00:00+00:00,0.6480849999999999,0.9960804548222812
2023-12-06 00:00:00+00:00,0.8533149999999999,0.999880920983693
2023-12-07 00:00:00+00:00,0.773075,0.9942727070376721
2023-12-08 00:00:00+00:00,0.813778,0.9971003069559363
2023-12-09 00:00:00+00:00,0.7322759999999999,0.9997970938145351
2023-12-10 00:00:00+00:00,0.616519,0.9900044300346135
2023-12-11 00:00:00+00:00,0.810462,0.995181843459378
2023-12-12 00:00:00+00:00,0.789166,0.9989291171353866
2023-12-13 00:00:00+00:00,0.787968,0.9987079860920101
2023-12-14 00:00:00+00:00,0.779834,0.9993721061074661
2023-12-15 00:00:00+00:00,0.8503959999999999,0.9976978570089837
2023-12-16 00:00:00+00:00,0.653676,0.9936129607287383
2023-12-17 00:00:00+00:00,0.795969,0.9986066136978652
2023-12-18 00:00:00+00:00,0.845382,0.9980517479124107
2023-12-19 00:00:00+00:00,0.786003,0.9940318710857047
2023-12-20 00:00:00+00:00,0.8339769999999999,0.9997776149706282
2023-12-21 00:00:00+00:00,0.8234739999999999,0.9966070134019961
2023-12-22 00:00:00+00:00,0.8339489999999999,0.9971988344274058
2023-12-23 00:00:00+00:00,0.5148,0.9906065143121093
2023-12-24 00:00:00+00:00,0.6301530000000001,0.9907534694616231
2023-12-25 00:00:00+00:00,0.606666,0.9989195424936589
2023-12-26 00:00:00+00:00,0.8679870000000001,0.9984359975737237
2023-12-27 00:00:00+00:00,0.7068599999999999,0.9969356947639413
2023-12-28 00:00:00+00:00,0.824867,0.9962879653785374
2023-12-29 00:00:00+00:00,0.87124,0.9981697445243319
2023-12-30 00:00:00+00:00,0.6635409999999999,0.9979592800439215
2023-12-31 00:00:00+00:00,0.77516,0.9998577461163636
2024-01-01 00:00:00+00:00,0.6685369999999999,0.9952575842194409
2024-01-02 00:00:00+00:00,0.7027519999999999,0.9987766905782837
2024-01-03 00:00:00+00:00,0.629584,0.9900708273322341
2024-01-04 00:00:00+00:00,0.44938100000000003,0.9987658421000474
2024-01-05 00:00:00+00:00,0.618781,0.9989417034958835
2024-01-06 00:00:00+00:00,0.784269,0.995844252368763
2024-01-07 00:00:00+00:00,0.40562600000000004,0.995198305360936
2024-01-08 00:00:00+00:00,0.67195,0.9977699925451664
2024-01-09 00:00:00+00:00,0.49576900000000007,0.9975860004100086
2024-01-10 00:00:00+00:00,0.7740779999999999,0.994730275197808
2024-01-11 00:00:00+00:00,0.6950360000000001,0.9965191536451172
2024-01-12 00:00:00+00:00,0.8123839999999999,0.997471569732822
2024-01-13 00:00:00+00:00,0.601722,0.995166368277073
2024-01-14 00:00:00+00:00,0.615936,0.9996931533408601
2024-01-15 00:00:00+00:00,0.633045,0.9958153458879716
2024-01-16 00:00:00+00:00,0.8490219999999999,0.9993344300265243
2024-01-17 00:00:00+00:00,0.6662710000000001,0.9968115445183081
2024-01-18 00:00:00+00:00,0.7769330000000001,0.9999105529498018
2024-01-19 00:00:00+00:00,0.88659,0.9979200339374101
2024-01-20 00:00:00+00:00,0.5765969999999999,0.9981600364698143
2024-01-21 00:00:00+00:00,0.410976,0.990230889867221
2024-01-22 00:00:00+00:00,0.807938,0.9975685482116939
2024-01-23 00:00:00+00:00,0.7665259999999999,0.9972244245504704
2024-01-24 00:00:00+00:00,0.8918140000000001,0.9993841486261251
2024-01-25 00:00:00+00:00,0.8687759999999999,0.9996553688207273
2024-01-26 00:00:00+00:00,0.5782339999999999,0.9970396463424764
2024-01-27 00:00:00+00:00,0.854525,0.9996059873293438
2024-01-28 00:00:00+00:00,0.93114,0.9993168625684287
2024-01-29 00:00:00+00:00,0.7833549999999999,0.9965247138066075
2024-01-30 00:00:00+00:00,0.871992,0.9979940764086853
2024-01-31 00:00:00+00:00,0.831133,0.9980338802479064
2024-02-01 00:00:00+00:00,0.803325,0.9977776404036597
2024-02-02 00:00:00+00:00,0.8691110000000001,0.9980468681828386
2024-02-03 00:00:00+00:00,0.531336,0.9998507780908296
2024-02-04 00:00:00+00:00,0.890386,0.9996362076829451
2024-02-05 00:00:00+00:00,0.8543109999999999,0.9981831562877272
2024-02-06 00:00:00+00:00,0.8694720000000001,0.9993369587970747
2024-02-07 00:00:00+00:00,0.8512359999999999,0.9996065384004674
2024-02-08 00:00:00+00:00,0.891101,0.9999796083737611
2024-02-09 00:00:00+00:00,0.878083,0.99965453951752
2024-02-10 00:00:00+00:00,0.8163929999999999,0.9983137736209176
2024-02-11 00:00:00+00:00,0.43921800000000005,0.9925129568483674
2024-02-12 00:00:00+00:00,0.766211,0.9948369563801365
2024-02-13 00:00:00+00:00,0.842616,0.9937938039435757
2024-02-14 00:00:00+00:00,0.697542,0.9974631041691656
2024-02-15 00:00:00+00:00,0.600828,0.9960138340199306
2024-02-16 00:00:00+00:00,0.551486,0.9963386052146257
2024-02-17 00:00:00+00:00,0.4453059999999999,0.9935094382312604
2024-02-18 00:00:00+00:00,0.812651,0.9995365224900945
2024-02-19 00:00:00+00:00,0.7893720000000001,0.9947642424983403
2024-02-20 00:00:00+00:00,0.448845,0.9979572902969932
2024-02-21 00:00:00+00:00,0.8478620000000001,0.9986802762212651
2024-02-22 00:00:00+00:00,0.780574,0.9972282898194894
2024-02-23 00:00:00+00:00,0.841872,0.9997667802305265
2024-02-24 00:00:00+00:00,0.714914,0.9994210520357942
2024-02-25 00:00:00+00:00,0.7864180000000001,0.9996787597000991
2024-02-26 00:00:00+00:00,0.800154,0.9957125323952712
2024-02-27 00:00:00+00:00,0.591242,0.9937871139079794
2024-02-28 00:00:00+00:00,0.6770689999999999,0.9968222374388022
2024-02-29 00:00:00+00:00,0.80006,0.9966960563150786
2024-03-01 00:00:00+00:00,0.653664,0.9961518650445821
2024-03-02 00:00:00+00:00,0.37542700000000007,0.9900843338661317
2024-03-03 00:00:00+00:00,0.583453,0.9970373372833335
2024-03-04 00:00:00+00:00,0.692504,0.9972529219858992
2024-03-05 00:00:00+00:00,0.694671,0.9972447645507169
2024-03-06 00:00:00+00:00,0.717768,0.990332346539731
2024-03-07 00:00:00+00:00,0.616589,0.9891965637961708
2024-03-08 00:00:00+00:00,0.46165600000000007,0.9975891031287939
2024-03-09 00:00:00+00:00,0.688896,0.9982762981416552
2024-03-10 00:00:00+00:00,0.679568,0.9963119944962734
2024-03-11 00:00:00+00:00,0.616347,0.9975642179948655
2024-03-12 00:00:00+00:00,0.768293,0.9945838307364574
2024-03-13 00:00:00+00:00,0.514548,0.9944426337646848
2024-03-14 00:00:00+00:00,0.773662,0.9959950457101779
2024-03-15 00:00:00+00:00,0.795549,0.9990643288001021
2024-03-16 00:00:00+00:00,0.5576690000000001,0.9938968783853622
2024-03-17 00:00:00+00:00,0.6560809999999999,0.9998861898807608
2024-03-18 00:00:00+00:00,0.856216,0.9996529566859246
2024-03-19 00:00:00+00:00,0.7756850000000001,0.9996860463932077
2024-03-20 00:00:00+00:00,0.7889780000000001,0.9927980179635831
2024-03-21 00:00:00+00:00,0.793636,0.9963513985791823
2024-03-22 00:00:00+00:00,0.710529,0.996204535390189
2024-03-23 00:00:00+00:00,0.632184,0.991047019473049
2024-03-24 00:00:00+00:00,0.5021610000000001,0.9997536891365152
2024-03-25 00:00:00+00:00,0.660045,0.9958473466046142
2024-03-26 00:00:00+00:00,0.8546789999999999,0.999820543768091
2024-03-27 00:00:00+00:00,0.834002,0.9973360609385457
2024-03-28 00:00:00+00:00,0.8543820000000002,0.9994322345753752
2024-03-29 00:00:00+00:00,0.835392,0.9970024315562016
2024-03-30 00:00:00+00:00,0.722541,0.9992480804506422
2024-03-31 00:00:00+00:00,0.815901,0.9998257321333529
2024-04-01 00:00:00+00:00,0.8158759999999999,0.9957624685529345
2024-04-02 00:00:00+00:00,0.791366,0.9999184742580299
2024-04-03 00:00:00+00:00,0.693186,0.9975628490033959
2024-04-04 00:00:00+00:00,0.7905300000000001,0.9983505915044251
2024-04-05 00:00:00+00:00,0.532505,0.9988799015216995
2024-04-06 00:00:00+00:00,0.8156640000000001,0.9974241333340075
2024-04-07 00:00:00+00:00,0.39584400000000003,0.9944304067709372
2024-04-08 00:00:00+00:00,0.8641719999999999,0.999904856105858
2024-04-09 00:00:00+00:00,0.8656940000000001,0.9970614093342073
2024-04-10 00:00:00+00:00,0.810616,0.9999116637774469
2024-04-11 00:00:00+00:00,0.84398,0.999729627061218
2024-04-12 00:00:00+00:00,0.838441,0.9999804667238863
2024-04-13 00:00:00+00:00,0.7545339999999999,0.9909363616645797
2024-04-14 00:00:00+00:00,0.554297,0.9956626534366011
2024-04-15 00:00:00+00:00,0.722762,0.9963233987549213
2024-04-16 00:00:00+00:00,0.776401,0.998247313796671
2024-04-17 00:00:00+00:00,0.768634,0.99893059443029
2024-04-18 00:00:00+00:00,0.768327,0.9989492500513303
2024-04-19 00:00:00+00:00,0.538523,0.998892225889196
2024-04-20 00:00:00+00:00,0.582879,0.9968271194099589
2024-04-21 00:00:00+00:00,0.748207,0.998111359108407
2024-04-22 00:00:00+00:00,0.73946,0.9991885040895097
2024-04-23 00:00:00+00:00,0.7804700000000001,0.9981563008854296
2024-04-24 00:00:00+00:00,0.805489,0.9977165137909012
2024-04-25 00:00:00+00:00,0.858563,0.9999233159588855
2024-04-26 00:00:00+00:00,0.521277,0.9960324191672458
2024-04-27 00:00:00+00:00,0.456797,0.9954529213355792
2024-04-28 00:00:00+00:00,0.5439709999999999,0.9974849169701213
2024-04-29 00:00:00+00:00,0.823118,0.9988854741274523
2024-04-30 00:00:00+00:00,0.859107,0.9978281608759884
2024-05-01 00:00:00+00:00,0.619038,0.9930589436452443
2024-05-02 00:00:00+00:00,0.745632,0.9987359411009036
2024-05-03 00:00:00+00:00,0.765281,0.9987713389957668
2024-05-04 00:00:00+00:00,0.503876,0.9971813911598124
2024-05-05 00:00:00+00:00,0.902683,0.9992444397068937
2024-05-06 00:00:00+00:00,0.8824070000000002,0.9979117143577169
2024-05-07 00:00:00+00:00,0.843191,0.9980057560176706
2024-05-08 00:00:00+00:00,0.9067890000000002,0.9977741442475511
2024-05-09 00:00:00+00:00,0.804848,0.9985651794038889
2024-05-10 00:00:00+00:00,0.660037,0.999117428977821
2024-05-11 00:00:00+00:00,0.746239,0.9998513356453546
2024-05-12 00:00:00+00:00,0.43595100000000003,0.9969405340844083
2024-05-13 00:00:00+00:00,0.799521,0.9971603433013642
2024-05-14 00:00:00+00:00,0.769108,0.9977595785163393
2024-05-15 00:00:00+00:00,0.7152280000000001,0.9986305952355349
2024-05-16 00:00:00+00:00,0.6176699999999999,0.9984226229226296
2024-05-17 00:00:00+00:00,0.654907,0.9968306143350831
2024-05-18 00:00:00+00:00,0.625812,0.996002194700819
2024-05-19 00:00:00+00:00,0.667555,0.9995136746450412
2024-05-20 00:00:00+00:00,0.657531,0.996128362476948
2024-05-21 00:00:00+00:00,0.520184,0.9955694720754503
2024-05-22 00:00:00+00:00,0.725432,0.9957647776228663
2024-05-23 00:00:00+00:00,0.796056,0.9963689557892983
2024-05-24 00:00:00+00:00,0.788356,0.998002024745067
2024-05-25 00:00:00+00:00,0.372026,0.994750960458948
2024-05-26 00:00:00+00:00,0.540478,0.9944625765968045
2024-05-27 00:00:00+00:00,0.563855,0.9947411728422679
2024-05-28 00:00:00+00:00,0.8028780000000001,0.9986105053349412
2024-05-29 00:00:00+00:00,0.863067,0.9996122638202494
2024-05-30 00:00:00+00:00,0.759648,0.9980979438976603
2024-05-31 00:00:00+00:00,0.7656930000000001,0.9981950180864672
2024-06-01 00:00:00+00:00,0.56089,0.9935318699170571
2024-06-02 00:00:00+00:00,0.792624,0.999820685872394
2024-06-03 00:00:00+00:00,0.8561949999999999,0.9997986754821954
2024-06-04 00:00:00+00:00,0.799264,0.9984699419430538
2024-06-05 00:00:00+00:00,0.8226889999999999,0.999382396211966
2024-06-06 00:00:00+00:00,0.858341,0.9976584263866497
2024-06-07 00:00:00+00:00,0.891911,0.999677474734785
2024-06-08 00:00:00+00:00,0.405539,0.9980027171905722
2024-06-09 00:00:00+00:00,0.547984,0.9983822820191404
2024-06-10 00:00:00+00:00,0.86124,0.9982251032266136
2024-06-11 00:00:00+00:00,0.8488399999999999,0.9994101847470697
2024-06-12 00:00:00+00:00,0.77658,0.9987568757188806
2024-06-13 00:00:00+00:00,0.8329629999999999,0.9969688869084229
2024-06-14 00:00:00+00:00,0.8166640000000001,0.9973892574597752
2024-06-15 00:00:00+00:00,0.539824,0.9968637260570122
2024-06-16 00:00:00+00:00,0.8456030000000001,0.9996276956339322
2024-06-17 00:00:00+00:00,0.8830469999999999,0.9985674507342672
2024-06-18 00:00:00+00:00,0.8768239999999999,0.9976039347718093
2024-06-19 00:00:00+00:00,0.779224,0.9955406862520813
2024-06-20 00:00:00+00:00,0.89464,0.9986245811737828
2024-06-21 00:00:00+00:00,0.7847970000000001,0.9989036634138266
2024-06-22 00:00:00+00:00,0.520396,0.9978750557256436
2024-06-23 00:00:00+00:00,0.81379,0.9988475600694388
2024-06-24 00:00:00+00:00,0.8795149999999999,0.9953149564302236
2024-06-25 00:00:00+00:00,0.944049,0.9995693141437135
2024-06-26 00:00:00+00:00,0.865453,0.9990504400056003
2024-06-27 00:00:00+00:00,0.874708,0.9986691267739216
2024-06-28 00:00:00+00:00,0.906683,0.998520207344549
2024-06-29 00:00:00+00:00,0.557057,0.998063051224184
2024-06-30 00:00:00+00:00,0.459345,0.9978449411974417
2024-07-01 00:00:00+00:00,0.8091269999999999,0.9989406772797611
2024-07-02 00:00:00+00:00,0.771373,0.9988900626362562
2024-07-03 00:00:00+00:00,0.798887,0.9954351848780851
2024-07-04 00:00:00+00:00,0.711403,0.9923367167430611
2024-07-05 00:00:00+00:00,0.794792,0.9965620744034792
2024-07-06 00:00:00+00:00,0.8809319999999999,0.9980904075678702
2024-07-07 00:00:00+00:00,0.6867530000000001,0.9986239279799338
2024-07-08 00:00:00+00:00,0.8814460000000001,0.9967654549857935
2024-07-09 00:00:00+00:00,0.854534,0.9988031440836591
2024-07-10 00:00:00+00:00,0.8322,0.9984743390916934
2024-07-11 00:00:00+00:00,0.8977569999999999,0.9977406432856052
2024-07-12 00:00:00+00:00,0.8782979999999999,0.9993052354699432
2024-07-13 00:00:00+00:00,0.8577100000000001,0.9992537774800722
2024-07-14 00:00:00+00:00,0.608418,0.9893715453323174
2024-07-15 00:00:00+00:00,0.721867,0.9970829398764509
2024-07-16 00:00:00+00:00,0.711963,0.9985920962572479
2024-07-17 00:00:00+00:00,0.758465,0.9990150062961963
2024-07-18 00:00:00+00:00,0.865763,0.9991225023389817
2024-07-19 00:00:00+00:00,0.890048,0.9994016810399406
2024-07-20 00:00:00+00:00,0.782153,0.9989930377789934
2024-07-21 00:00:00+00:00,0.57791,0.9983540186160371
2024-07-22 00:00:00+00:00,0.786832,0.9996900121759541
2024-07-23 00:00:00+00:00,0.940874,0.9998579269509513
2024-07-24 00:00:00+00:00,0.8455800000000001,0.9997620683516975
2024-07-25 00:00:00+00:00,0.8171679999999999,0.9983415920441545
2024-07-26 00:00:00+00:00,0.898288,0.9994130934869792
2024-07-27 00:00:00+00:00,0.7048690000000001,0.9990672175946285
2024-07-28 00:00:00+00:00,0.44656,0.9935815211455087
2024-07-29 00:00:00+00:00,0.9611129999999999,0.9988810929949776
2024-07-30 00:00:00+00:00,0.897258,0.9995968899158757
2024-07-31 00:00:00+00:00,0.9315040000000001,0.9999536690934727
2024-08-01 00:00:00+00:00,0.8028,0.9992956913355547
2024-08-02 00:00:00+00:00,0.765308,0.9989711314338849
2024-08-03 00:00:00+00:00,0.6209560000000001,0.9996552500317906
2024-08-04 00:00:00+00:00,0.7145320000000001,0.9989136944557883
2024-08-05 00:00:00+00:00,0.636158,0.9938576330648328
2024-08-06 00:00:00+00:00,0.725287,0.9978585668282551
2024-08-07 00:00:00+00:00,0.592964,0.9992498525804849
2024-08-08 00:00:00+00:00,0.6577149999999999,0.9983193892855409
2024-08-09 00:00:00+00:00,0.7953129999999999,0.9984508898177777
2024-08-10 00:00:00+00:00,0.796896,0.9995456011840224
2024-08-11 00:00:00+00:00,0.771409,0.9992166841900098
2024-08-12 00:00:00+00:00,0.737627,0.9996682245843918
2024-08-13 00:00:00+00:00,0.48700699999999997,0.9996560778647415
2024-08-14 00:00:00+00:00,0.696038,0.9995702935572097
2024-08-15 00:00:00+00:00,0.669512,0.9994004365759525
2024-08-16 00:00:00+00:00,0.8978609999999999,0.9998125166717358
2024-08-17 00:00:00+00:00,0.5343859999999999,0.9977359715157011
2024-08-18 00:00:00+00:00,0.889051,0.9989902298715927
2024-08-19 00:00:00+00:00,0.831737,0.999647870817388
2024-08-20 00:00:00+00:00,0.497729,0.9980644669432048
2024-08-21 00:00:00+00:00,0.811915,0.9985924735969982
2024-08-22 00:00:00+00:00,0.6271939999999999,0.99986520810502
2024-08-23 00:00:00+00:00,0.8969440000000001,0.9986854528664808
2024-08-24 00:00:00+00:00,0.651973,0.9979572553600713
2024-08-25 00:00:00+00:00,0.489019,0.9992851855268993
2024-08-26 00:00:00+00:00,0.745019,0.9998111121089478
2024-08-27 00:00:00+00:00,0.8608040000000001,0.9994373887370247
2024-08-28 00:00:00+00:00,0.737555,0.9997797560131996
2024-08-29 00:00:00+00:00,0.881034,0.9998173455957108
2024-08-30 00:00:00+00:00,0.9393940000000001,0.999948198727197
2024-08-31 00:00:00+00:00,0.82825,0.9997260671529178
2024-09-01 00:00:00+00:00,0.774876,0.9991288884796394
2024-09-02 00:00:00+00:00,0.696567,0.9990223089927237
2024-09-03 00:00:00+00:00,0.926016,0.9993681396409744
2024-09-04 00:00:00+00:00,0.863049,0.9983992834079525
2024-09-05 00:00:00+00:00,0.9020199999999999,0.9995726165382872
2024-09-06 00:00:00+00:00,0.7945939999999999,0.9938799446942875
2024-09-07 00:00:00+00:00,0.6222840000000001,0.9987670144384192
2024-09-08 00:00:00+00:00,0.8956729999999999,0.9994974509071565
2024-09-09 00:00:00+00:00,0.919636,0.9993291990825123
2024-09-10 00:00:00+00:00,0.959326,0.9994588463176715
2024-09-11 00:00:00+00:00,0.806139,0.9998084196224227
2024-09-12 00:00:00+00:00,0.8596299999999999,0.9991973355862901
2024-09-13 00:00:00+00:00,0.878466,0.9993633353069097
2024-09-14 00:00:00+00:00,0.664501,0.9972383744165192
2024-09-15 00:00:00+00:00,0.8495090000000001,0.9993601359673567
2024-09-16 00:00:00+00:00,0.5012679999999999,0.9997937542727248
2024-09-17 00:00:00+00:00,0.924996,0.9998225880902761
2024-09-18 00:00:00+00:00,0.903415,0.999665446875284
2024-09-19 00:00:00+00:00,0.854591,0.9994745177300641
2024-09-20 00:00:00+00:00,0.875814,0.9992608267063746
2024-09-21 00:00:00+00:00,0.6173730000000001,0.9973592186296862
2024-09-22 00:00:00+00:00,0.7794439999999999,0.999841879562771
2024-09-23 00:00:00+00:00,0.866474,0.9996602731906028
2024-09-24 00:00:00+00:00,0.7567990000000001,0.9995000870024934
2024-09-25 00:00:00+00:00,0.841216,0.9997426155487433
2024-09-26 00:00:00+00:00,0.809513,0.9996531373443179
2024-09-27 00:00:00+00:00,0.778785,0.9997419037651906
2024-09-28 00:00:00+00:00,0.576729,0.9958453482302411
2024-09-29 00:00:00+00:00,0.697557,0.9994175645475579
2024-09-30 00:00:00+00:00,0.8448,0.9991692822937895
2024-10-01 00:00:00+00:00,0.8069430000000001,0.995283574080489
2024-10-02 00:00:00+00:00,0.7233069999999999,0.9928392824443697
2024-10-03 00:00:00+00:00,0.8098350000000001,0.9996854541501085
2024-10-04 00:00:00+00:00,0.831492,0.9994247098771167
2024-10-05 00:00:00+00:00,0.831585,0.9990360101195088
2024-10-06 00:00:00+00:00,0.6315230000000001,0.9989635629808423
2024-10-07 00:00:00+00:00,0.8254469999999999,0.9996598825932589
2024-10-08 00:00:00+00:00,0.800457,0.9995881516857921
2024-10-09 00:00:00+00:00,0.8509479999999999,0.999460949538448
2024-10-10 00:00:00+00:00,0.695283,0.9996113359717491
2024-10-11 00:00:00+00:00,0.767717,0.9996034780842399
2024-10-12 00:00:00+00:00,0.845562,0.9988925203400674
2024-10-13 00:00:00+00:00,0.706099,0.9986190674110671
2024-10-14 00:00:00+00:00,0.7944070000000001,0.9988453840690072
2024-10-15 00:00:00+00:00,0.9084119999999999,0.9996835194811301
2024-10-16 00:00:00+00:00,0.500605,0.9970978525389015
2024-10-17 00:00:00+00:00,0.8962640000000002,0.9997815863869217
2024-10-18 00:00:00+00:00,0.8301120000000001,0.999632949264043
2024-10-19 00:00:00+00:00,0.8547880000000001,0.9999051610009554
2024-10-20 00:00:00+00:00,0.614029,0.9976406598649278
2024-10-21 00:00:00+00:00,0.796407,0.999545463038466
2024-10-22 00:00:00+00:00,0.7342890000000001,0.9998217629466364
2024-10-23 00:00:00+00:00,0.928426,0.9999655945043631
2024-10-24 00:00:00+00:00,0.9185719999999999,0.9997311135806347
2024-10-25 00:00:00+00:00,0.793133,0.9996872271275962
2024-10-26 00:00:00+00:00,0.6876700000000001,0.9998171041876127
2024-10-27 00:00:00+00:00,0.8522040000000001,0.99626153835149
2024-10-28 00:00:00+00:00,0.7909010000000001,0.9996473468763053
2024-10-29 00:00:00+00:00,0.8357399999999999,0.9984142304354786
2024-10-30 00:00:00+00:00,0.8650710000000001,0.9985300460289289
2024-10-31 00:00:00+00:00,0.81694,0.9993570810256386
2024-11-01 00:00:00+00:00,0.8833049999999999,0.9994361470086713
2024-11-02 00:00:00+00:00,0.836224,0.9987964746931994
2024-11-03 00:00:00+00:00,0.69093,0.9989837059782242
2024-11-04 00:00:00+00:00,0.9073690000000001,0.9993797639621834
2024-11-05 00:00:00+00:00,0.9222439999999998,0.9986995902101642
2024-11-06 00:00:00+00:00,0.481047,0.9994663327914085
2024-11-07 00:00:00+00:00,0.538253,0.9983889122587962
2024-11-08 00:00:00+00:00,0.47215599999999996,0.9996986868085734
2024-11-09 00:00:00+00:00,0.491666,0.9990666865784046
2024-11-10 00:00:00+00:00,0.559169,0.9990728686642064
2024-11-11 00:00:00+00:00,0.5393600000000001,0.9990746664298708
2024-11-12 00:00:00+00:00,0.6802309999999999,0.998881857390773
2024-11-13 00:00:00+00:00,0.457744,0.9993536983197817
2024-11-14 00:00:00+00:00,0.4610389999999999,0.9993370372014369
2024-11-15 00:00:00+00:00,0.8664850000000001,0.9996040154445516
2024-11-16 00:00:00+00:00,0.36082299999999995,0.9981694801127821
2024-11-17 00:00:00+00:00,0.43362799999999996,0.9932592101737867
2024-11-18 00:00:00+00:00,0.552956,0.9996184515860989
2024-11-19 00:00:00+00:00,0.523486,0.9989159138709844
2024-11-20 00:00:00+00:00,0.465454,0.9982147946554013
2024-11-21 00:00:00+00:00,0.729507,0.9988315143460202
2024-11-22 00:00:00+00:00,0.489333,0.9996703818139623
2024-11-23 00:00:00+00:00,0.500183,0.9993144382874807
2024-11-24 00:00:00+00:00,0.43403100000000006,0.9986267492581382
2024-11-25 00:00:00+00:00,0.620557,0.9966951738193597
2024-11-26 00:00:00+00:00,0.7823640000000001,0.9989449160990617
2024-11-27 00:00:00+00:00,0.744211,0.9997130846448543
2024-11-28 00:00:00+00:00,0.477735,0.998344340047217
2024-11-29 00:00:00+00:00,0.49371800000000005,0.9997047356017265
2024-11-30 00:00:00+00:00,0.8554220000000001,0.998755628721243
2024-12-01 00:00:00+00:00,0.496312,0.9977400994305128
2024-12-02 00:00:00+00:00,0.45967699999999995,0.9990462483844709
2024-12-03 00:00:00+00:00,0.464804,0.9945266618292492
2024-12-04 00:00:00+00:00,0.604415,0.9968295118677984
2024-12-05 00:00:00+00:00,0.5198400000000001,0.997947855422276
2024-12-06 00:00:00+00:00,0.492708,0.9989529484910428
2024-12-07 00:00:00+00:00,0.424913,0.9951203628503552
2024-12-08 00:00:00+00:00,0.6224270000000001,0.9995803305073355
2024-12-09 00:00:00+00:00,0.637787,0.9988163553760989
2024-12-10 00:00:00+00:00,0.7882399999999999,0.9994427427784076
2024-12-11 00:00:00+00:00,0.487174,0.9994722128541254
2024-12-12 00:00:00+00:00,0.48885,0.999342097085901
2024-12-13 00:00:00+00:00,0.749306,0.9992056228325328
2024-12-14 00:00:00+00:00,0.5357689999999999,0.9980864183707434
2024-12-15 00:00:00+00:00,0.749153,0.9994022091697417
2024-12-16 00:00:00+00:00,0.8951610000000001,0.9993316766112592
2024-12-17 00:00:00+00:00,0.922243,0.9992025694443802
2024-12-18 00:00:00+00:00,0.856211,0.9984663763791717
2024-12-19 00:00:00+00:00,0.77075,0.9987762706919
2024-12-20 00:00:00+00:00,0.68275,0.9992587921577457
2024-12-21 00:00:00+00:00,0.779405,0.9997248814925519
2024-12-22 00:00:00+00:00,0.590415,0.9990636191335225
2024-12-23 00:00:00+00:00,0.751386,0.9996215124815675
2024-12-24 00:00:00+00:00,0.8476530000000001,0.9995700491582358
2024-12-25 00:00:00+00:00,0.8506600000000001,0.9995897183102456
2024-12-26 00:00:00+00:00,0.853449,0.999128867709013
2024-12-27 00:00:00+00:00,0.470976,0.9997692115057133
2024-12-28 00:00:00+00:00,0.6641549999999999,0.9991688121148615
2024-12-29 00:00:00+00:00,0.677963,0.9991402243541457
2024-12-30 00:00:00+00:00,0.764178,0.999057117890578
2024-12-31 00:00:00+00:00,0.6630259999999999,0.9995978335392983
2025-01-01 00:00:00+00:00,0.836943,0.9992886415484176
2025-01-02 00:00:00+00:00,0.6759109999999999,0.9989485588486959
2025-01-03 00:00:00+00:00,0.8519470000000001,0.9994722747578855
2025-01-04 00:00:00+00:00,0.800805,0.9990755476132652
2025-01-05 00:00:00+00:00,0.48282600000000003,0.996513024194345
2025-01-06 00:00:00+00:00,0.725375,0.9993808014227537
2025-01-07 00:00:00+00:00,0.566388,0.9992363698734982
2025-01-08 00:00:00+00:00,0.932866,0.9990717534062403
2025-01-09 00:00:00+00:00,0.8422210000000001,0.9993887844486553
2025-01-10 00:00:00+00:00,0.766397,0.9977283211531802
2025-01-11 00:00:00+00:00,0.53155,0.9986361370795761
2025-01-12 00:00:00+00:00,0.795962,0.9996155084465363
2025-01-13 00:00:00+00:00,0.7353850000000001,0.9985867455707704
2025-01-14 00:00:00+00:00,0.8553069999999999,0.9999113452261084
2025-01-15 00:00:00+00:00,0.868082,0.9995670738290827
2025-01-16 00:00:00+00:00,0.923884,0.9998767116934107
2025-01-17 00:00:00+00:00,0.840045,0.9997128012532043
2025-01-18 00:00:00+00:00,0.759574,0.9994067322434343
2025-01-19 00:00:00+00:00,0.642742,0.9994369449219511
2025-01-20 00:00:00+00:00,0.834843,0.9995841715626997
2025-01-21 00:00:00+00:00,0.9034110000000001,0.9997762640305903
2025-01-22 00:00:00+00:00,0.9067560000000001,0.999807070304182
2025-01-23 00:00:00+00:00,0.728514,0.9994788889950068
2025-01-24 00:00:00+00:00,0.760124,0.9995311697718452
2025-01-25 00:00:00+00:00,0.81421,0.9991065586730881
2025-01-26 00:00:00+00:00,0.420681,0.9987206666871754
2025-01-27 00:00:00+00:00,0.5894259999999999,0.9994926025545855
2025-01-28 00:00:00+00:00,0.784145,0.9996518692096525
2025-01-29 00:00:00+00:00,0.8971629999999999,0.9999510810684681
2025-01-30 00:00:00+00:00,0.9056480000000001,0.9996967169070372
2025-01-31 00:00:00+00:00,0.873134,0.9991224140024167
2025-02-01 00:00:00+00:00,0.639679,0.9983863727672396
2025-02-02 00:00:00+00:00,0.649702,0.9983678675864051
2025-02-03 00:00:00+00:00,0.660311,0.996165890101256
2025-02-04 00:00:00+00:00,0.690423,0.9993197594757408
2025-02-05 00:00:00+00:00,0.657717,0.9997668799704207
2025-02-06 00:00:00+00:00,0.5842890000000001,0.9994687920870308
2025-02-07 00:00:00+00:00,0.668367,0.9996489520293371
2025-02-08 00:00:00+00:00,0.8719970000000001,0.9996677350007703
2025-02-09 00:00:00+00:00,0.822233,0.9989260490548907
2025-02-10 00:00:00+00:00,0.7679739999999999,0.9998789145238746
2025-02-11 00:00:00+00:00,0.751856,0.9994663342279448
2025-02-12 00:00:00+00:00,0.9147620000000001,0.9995674740693594
2025-02-13 00:00:00+00:00,0.7841060000000001,0.99968156684465
2025-02-14 00:00:00+00:00,0.704583,0.9997208448956495
2025-02-15 00:00:00+00:00,0.653253,0.9990681956093342
2025-02-16 00:00:00+00:00,0.858332,0.9999052973458096
2025-02-17 00:00:00+00:00,0.581247,0.9988222966929269
2025-02-18 00:00:00+00:00,0.810052,0.999746537543878
2025-02-19 00:00:00+00:00,0.506134,0.999775759856435
2025-02-20 00:00:00+00:00,0.738665,0.9998112412002045
2025-02-21 00:00:00+00:00,0.8071280000000001,0.9996144591667521
2025-02-22 00:00:00+00:00,0.400844,0.9996192948571193
2025-02-23 00:00:00+00:00,0.551945,0.9993113764856567
2025-02-24 00:00:00+00:00,0.827781,0.9998868970826936
2025-02-25 00:00:00+00:00,0.723523,0.9976595228989319
2025-02-26 00:00:00+00:00,0.88133,0.9995244493500539
2025-02-27 00:00:00+00:00,0.773407,0.9996026725801244
2025-02-28 00:00:00+00:00,0.525642,0.9995124425396492
2025-03-01 00:00:00+00:00,0.631277,0.9988102931722486
2025-03-02 00:00:00+00:00,0.521767,0.9987709057874004
2025-03-03 00:00:00+00:00,0.8328190000000001,0.9982726866743087
2025-03-04 00:00:00+00:00,0.809079,0.9990161662043479
2025-03-05 00:00:00+00:00,0.8045899999999999,0.999034236103412
2025-03-06 00:00:00+00:00,0.797975,0.9985812126735218
2025-03-07 00:00:00+00:00,0.9680700000000001,0.9990232916422712
2025-03-08 00:00:00+00:00,0.8548389999999999,0.9998460712165783
2025-03-09 00:00:00+00:00,0.9260219999999999,0.997058680181852
2025-03-10 00:00:00+00:00,0.809465,0.9991241323465078
2025-03-11 00:00:00+00:00,0.681921,0.9971629673009754
2025-03-12 00:00:00+00:00,0.61195,0.9992003129635781
2025-03-13 00:00:00+00:00,0.939685,0.9997890993559766
2025-03-14 00:00:00+00:00,0.928225,0.9998436280844016
2025-03-15 00:00:00+00:00,0.568023,0.9983498450426295
2025-03-16 00:00:00+00:00,0.650186,0.9985814097216302
2025-03-17 00:00:00+00:00,0.8252,0.9996071798603177
2025-03-18 00:00:00+00:00,0.9101030000000001,0.9995220886848472
2025-03-19 00:00:00+00:00,0.5498370000000001,0.998237953711677
2025-03-20 00:00:00+00:00,0.7593059999999999,0.9996374291379985
2025-03-21 00:00:00+00:00,0.901977,0.9996818665458818
2025-03-22 00:00:00+00:00,0.882674,0.9998736279181925
2025-03-23 00:00:00+00:00,0.955976,0.9998490710428799
2025-03-24 00:00:00+00:00,0.8614569999999999,0.9997507213152369
2025-03-25 00:00:00+00:00,0.806053,0.9998631245818254
2025-03-26 00:00:00+00:00,0.701197,0.9996996654569666
2025-03-27 00:00:00+00:00,0.8976150000000002,0.9996992348180641
2025-03-28 00:00:00+00:00,0.7408070000000001,0.999453574769755
2025-03-29 00:00:00+00:00,0.924156,0.9998815395385834
2025-03-30 00:00:00+00:00,0.56138,0.9990978360259846
2025-03-31 00:00:00+00:00,0.7708470000000001,0.9932412038657031
2025-04-01 00:00:00+00:00,0.8332939999999999,0.9990543446178792
2025-04-02 00:00:00+00:00,0.98014,0.9996120859088197
2025-04-03 00:00:00+00:00,0.741398,0.9996481120960444
2025-04-04 00:00:00+00:00,0.9807319999999999,0.9999588446418484
2025-04-05 00:00:00+00:00,0.8916069999999999,0.9974820704945941
2025-04-06 00:00:00+00:00,0.380533,0.9835160007518877
2025-04-07 00:00:00+00:00,0.841562,0.9989336232138918
2025-04-08 00:00:00+00:00,0.7174,0.9998136149764384
2025-04-09 00:00:00+00:00,0.867965,0.9986494772864477
2025-04-10 00:00:00+00:00,0.845578,0.9993913094710196
2025-04-11 00:00:00+00:00,0.873655,0.9990517777060888
2025-04-12 00:00:00+00:00,0.799979,0.9997060284297226
2025-04-13 00:00:00+00:00,0.8700469999999999,0.9994683164738775
2025-04-14 00:00:00+00:00,0.922075,0.9996363700383378
2025-04-15 00:00:00+00:00,0.8797880000000001,0.9989710831597045
2025-04-16 00:00:00+00:00,0.790143,0.9993377386752667
2025-04-17 00:00:00+00:00,0.883951,0.9989879193280451
2025-04-18 00:00:00+00:00,0.585099,0.9995029595500421
2025-04-19 00:00:00+00:00,0.8540800000000001,0.9999477668413873
2025-04-20 00:00:00+00:00,0.6270120000000001,0.9964596341479504
2025-04-21 00:00:00+00:00,0.503675,0.9990077314355004
2025-04-22 00:00:00+00:00,0.88049,0.9997254938846015
2025-04-23 00:00:00+00:00,0.8184859999999999,0.9995452267669215
2025-04-24 00:00:00+00:00,0.690386,0.9998229811858768
2025-04-25 00:00:00+00:00,0.68925,0.9998442685225507
2025-04-26 00:00:00+00:00,0.46740299999999996,0.9967757316465666
2025-04-27 00:00:00+00:00,0.923931,0.9992729446578892
2025-04-28 00:00:00+00:00,0.624588,0.9998594677393565
2025-04-29 00:00:00+00:00,0.493771,0.9998653272625617
2025-04-30 00:00:00+00:00,0.786591,0.9998502000607888
2025-05-01 00:00:00+00:00,0.765922,0.9992218675554486
2025-05-02 00:00:00+00:00,0.636058,0.9991718707312968
2025-05-03 00:00:00+00:00,0.419835,0.9996662289565826
2025-05-04 00:00:00+00:00,0.434337,0.9995716056354088
2025-05-05 00:00:00+00:00,0.731504,0.9999787866280827
2025-05-06 00:00:00+00:00,0.8761380000000001,0.9998989280617874
2025-05-07 00:00:00+00:00,0.523138,0.9998607868812626
2025-05-08 00:00:00+00:00,0.9375120000000001,0.9993490299239582
2025-05-09 00:00:00+00:00,0.932134,0.9997359109170226
2025-05-10 00:00:00+00:00,0.815188,0.9973571998724762
2025-05-11 00:00:00+00:00,0.48486899999999994,0.9997050000073088
2025-05-12 00:00:00+00:00,0.773294,0.9975125512123677
2025-05-13 00:00:00+00:00,0.887799,0.9995223861644261
2025-05-14 00:00:00+00:00,0.8857269999999998,0.9997225352520832
2025-05-15 00:00:00+00:00,0.554508,0.9996211395645603
2025-05-16 00:00:00+00:00,0.682346,0.9966131655941527
2025-05-17 00:00:00+00:00,0.875236,0.997960701811395
2025-05-18 00:00:00+00:00,0.9123889999999999,0.9987800850270698
2025-05-19 00:00:00+00:00,0.9245820000000001,0.999233654942271
2025-05-20 00:00:00+00:00,0.82893,0.9999107109689537
2025-05-21 00:00:00+00:00,0.569453,0.9998023270462112
2025-05-22 00:00:00+00:00,0.852209,0.9986743562770106
2025-05-23 00:00:00+00:00,0.819475,0.9998312348983526
2025-05-24 00:00:00+00:00,0.9025400000000001,0.999897704089655
2025-05-25 00:00:00+00:00,0.8919040000000001,0.9999709119385257
2025-05-26 00:00:00+00:00,0.7461220000000001,0.9984230188823393
2025-05-27 00:00:00+00:00,0.801069,0.9961665106951687
2025-05-28 00:00:00+00:00,0.818177,0.9999004133185669
2025-05-29 00:00:00+00:00,0.871517,0.9992763418587759
2025-05-30 00:00:00+00:00,0.901742,0.999988851275518
2025-05-31 00:00:00+00:00,0.38934,0.9993144612247777
2025-06-01 00:00:00+00:00,0.512159,0.9997977678507483
2025-06-02 00:00:00+00:00,0.8214879999999999,0.9999168106605917
2025-06-03 00:00:00+00:00,0.7855519999999999,0.9999463505989924
2025-06-04 00:00:00+00:00,0.819153,0.9998213810611432
2025-06-05 00:00:00+00:00,0.865496,0.9997682068088037
2025-06-06 00:00:00+00:00,0.7202770000000001,0.9998604584327498
2025-06-07 00:00:00+00:00,0.44508500000000006,0.9999222238835501
2025-06-08 00:00:00+00:00,0.5635120000000001,0.999555976521019
2025-06-09 00:00:00+00:00,0.47096399999999994,0.9997939386345582
2025-06-10 00:00:00+00:00,0.6607240000000001,0.9991614803134435
2025-06-11 00:00:00+00:00,0.864585,0.9997494661056038
2025-06-12 00:00:00+00:00,0.860678,0.9997575963070534
2025-06-13 00:00:00+00:00,0.822134,0.9995425361546577
2025-06-14 00:00:00+00:00,0.8256630000000001,0.999240341049353
2025-06-15 00:00:00+00:00,0.803812,0.9985714162296563
2025-06-16 00:00:00+00:00,0.676557,0.9977519817064109
2025-06-17 00:00:00+00:00,0.790751,0.9995541713054403
2025-06-18 00:00:00+00:00,0.507097,0.9999417923698299
2025-06-19 00:00:00+00:00,0.7175239999999999,0.9996218589877037
2025-06-20 00:00:00+00:00,0.892491,0.9999182840879047
2025-06-21 00:00:00+00:00,0.46325900000000003,0.9991872327064627
2025-06-22 00:00:00+00:00,0.696,0.9986213536540426
2025-06-23 00:00:00+00:00,0.539046,0.9995864526026722
2025-06-24 00:00:00+00:00,0.719427,0.9999127842184296
2025-06-25 00:00:00+00:00,0.7470100000000001,0.9999649592858652
2025-06-26 00:00:00+00:00,0.752704,0.9998812381046734
2025-06-27 00:00:00+00:00,0.814185,0.9999329895218625
2025-06-28 00:00:00+00:00,0.5312889999999999,0.9983161481031618
2025-06-29 00:00:00+00:00,0.421224,0.999823548696772
2025-06-30 00:00:00+00:00,0.8407070000000002,0.9997351657985046
2025-07-01 00:00:00+00:00,0.740415,0.9999027717471927
2025-07-02 00:00:00+00:00,0.70226,0.9997600679164717
2025-07-03 00:00:00+00:00,0.596463,0.9997993300668483
2025-07-04 00:00:00+00:00,0.6748860000000001,0.9997994653834329
2025-07-05 00:00:00+00:00,0.9686710000000001,1.0
2025-07-06 00:00:00+00:00,0.794871,0.9995742943109087
2025-07-07 00:00:00+00:00,0.87354,0.9999773936555596
2025-07-08 00:00:00+00:00,0.919126,0.999971661314451
2025-07-09 00:00:00+00:00,0.888551,0.9996063394460447
2025-07-10 00:00:00+00:00,0.8830429999999998,0.9998109198456435
2025-07-11 00:00:00+00:00,0.931208,0.9995561528123215
2025-07-12 00:00:00+00:00,0.702919,0.9996432930047472
2025-07-13 00:00:00+00:00,0.8907179999999999,0.9999386050356167
2025-07-14 00:00:00+00:00,0.7783120000000001,0.9988024985107995
2025-07-15 00:00:00+00:00,0.9391809999999999,0.9990115250427755
2025-07-16 00:00:00+00:00,0.515616,0.9999101168984695
2025-07-17 00:00:00+00:00,0.5393819999999999,0.9999508673030247
2025-07-18 00:00:00+00:00,0.815149,0.9997304650966362
2025-07-19 00:00:00+00:00,0.71229,0.9999409390125972
2025-07-20 00:00:00+00:00,0.953671,0.9998684267243222
2025-07-21 00:00:00+00:00,0.8374230000000001,0.9999493376182503
2025-07-22 00:00:00+00:00,0.869397,0.9993428342585673
2025-07-23 00:00:00+00:00,0.766446,0.9999339577063299
2025-07-24 00:00:00+00:00,0.512396,0.9999788479957842
2025-07-25 00:00:00+00:00,0.797705,0.9999535023957045
2025-07-26 00:00:00+00:00,0.609971,0.9994115396624107
2025-07-27 00:00:00+00:00,0.9413469999999999,1.0
2025-07-28 00:00:00+00:00,0.848208,0.9998727092440858
2025-07-29 00:00:00+00:00,0.930225,0.9999708963459939
2025-07-30 00:00:00+00:00,0.932657,0.9999589920464304
2025-07-31 00:00:00+00:00,0.9502869999999999,0.9999003137543201
2025-08-01 00:00:00+00:00,0.8817459999999999,0.9999173177305689
2025-08-02 00:00:00+00:00,0.9712219999999999,0.9996677171140408
2025-08-03 00:00:00+00:00,0.866693,0.9995901092262126
2025-08-04 00:00:00+00:00,0.936861,0.9999047890749704
2025-08-05 00:00:00+00:00,0.9041469999999999,0.9999770514979922
2025-08-06 00:00:00+00:00,0.592917,0.997060213496401
2025-08-07 00:00:00+00:00,0.824485,0.9999562368899458
2025-08-08 00:00:00+00:00,0.984991,0.9996132399322549
2025-08-09 00:00:00+00:00,0.793594,0.9979187594689687
2025-08-10 00:00:00+00:00,0.844349,0.9990032454312259
2025-08-11 00:00:00+00:00,0.8323289999999999,0.9998522641802298
2025-08-12 00:00:00+00:00,0.972779,0.9999545478853322
2025-08-13 00:00:00+00:00,0.9566969999999999,0.9995929676024066
2025-08-14 00:00:00+00:00,0.5404939999999999,0.999930262451293
2025-08-15 00:00:00+00:00,0.677879,0.9993174287622164
2025-08-16 00:00:00+00:00,0.576483,0.998772206538901
2025-08-17 00:00:00+00:00,0.795404,0.9976853448616079
2025-08-18 00:00:00+00:00,0.700252,0.9999071854626057
2025-08-19 00:00:00+00:00,0.859643,0.9998235658168145
2025-08-20 00:00:00+00:00,0.572218,0.9997329887067916
2025-08-21 00:00:00+00:00,0.842141,0.999880925740433
2025-08-22 00:00:00+00:00,0.495558,0.9994317757582492
2025-08-23 00:00:00+00:00,0.8559530000000001,0.9995626296724653
2025-08-24 00:00:00+00:00,0.9180769999999998,1.0000000000000002
2025-08-25 00:00:00+00:00,0.8604350000000001,0.9999167326583775
2025-08-26 00:00:00+00:00,0.901624,0.9996548563497318
2025-08-27 00:00:00+00:00,0.608261,0.9998548277577295
2025-08-28 00:00:00+00:00,0.5751320000000001,0.9999246822290959
2025-08-29 00:00:00+00:00,0.8935589999999999,0.9996223132540619
2025-08-30 00:00:00+00:00,0.6060570000000001,0.9996868129292021
2025-08-31 00:00:00+00:00,0.798721,0.9996185910552435
2025-09-01 00:00:00+00:00,0.952676,0.9981283170953245
2025-09-02 00:00:00+00:00,0.568069,0.9997664055550061
2025-09-03 00:00:00+00:00,0.882509,0.9995750957531834
2025-09-04 00:00:00+00:00,0.5187,0.9999135692162487
2025-09-05 00:00:00+00:00,0.811871,0.9997666652107693
2025-09-06 00:00:00+00:00,0.9815720000000001,1.0
2025-09-07 00:00:00+00:00,0.980359,1.0
2025-09-08 00:00:00+00:00,0.947733,0.9999232598331252
2025-09-09 00:00:00+00:00,0.884569,0.9993386732027096
2025-09-10 00:00:00+00:00,0.861359,0.998439578892886
2025-09-11 00:00:00+00:00,0.798123,0.9994313806839016
2025-09-12 00:00:00+00:00,0.626337,0.9998072704041946
2025-09-13 00:00:00+00:00,0.628807,0.9984750233173947
2025-09-14 00:00:00+00:00,0.485792,0.9996021998233042
2025-09-15 00:00:00+00:00,0.80553,0.9998337261004457
2025-09-16 00:00:00+00:00,0.5170110000000001,0.9998073352549083
2025-09-17 00:00:00+00:00,0.8065899999999999,0.9998245658799261
2025-09-18 00:00:00+00:00,0.87679,0.99984189561057
2025-09-19 00:00:00+00:00,0.5242190000000001,0.9998903306013757
2025-09-20 00:00:00+00:00,0.62473,0.9995585725816746
2025-09-21 00:00:00+00:00,0.689524,0.9997184360001224
2025-09-22 00:00:00+00:00,0.556636,0.9995206441754415
2025-09-23 00:00:00+00:00,0.6383650000000001,0.997112790816254
2025-09-24 00:00:00+00:00,0.8417050000000001,0.9997737647016722
2025-09-25 00:00:00+00:00,0.589226,0.9984472755626337
2025-09-26 00:00:00+00:00,0.615328,0.9951627201597835
2025-09-27 00:00:00+00:00,0.5908960000000001,0.9987397150112621
2025-09-28 00:00:00+00:00,0.8937930000000001,1.0
2025-09-29 00:00:00+00:00,0.841515,0.9997263569001957
2025-09-30 00:00:00+00:00,0.879286,0.999706581089681
2025-10-01 00:00:00+00:00,0.822183,0.9994516819899482
2025-10-02 00:00:00+00:00,0.49485199999999996,0.9992378296319248
2025-10-03 00:00:00+00:00,0.789126,0.9998082380905158
2025-10-04 00:00:00+00:00,0.50295,0.9982851539250545
2025-10-05 00:00:00+00:00,0.700706,0.9997455374413738
2025-10-06 00:00:00+00:00,0.827435,0.9994919583512544
2025-10-07 00:00:00+00:00,0.6291190000000001,0.9954298472968459
2025-10-08 00:00:00+00:00,0.732217,0.9999350174744033
2025-10-09 00:00:00+00:00,0.5149699999999999,0.9998590934747497
2025-10-10 00:00:00+00:00,0.518679,0.9993550073653494
2025-10-11 00:00:00+00:00,0.6097279999999999,0.9992004788610872
2025-10-12 00:00:00+00:00,0.635209,0.99970688495414
2025-10-13 00:00:00+00:00,0.515325,0.99639457335862
2025-10-14 00:00:00+00:00,0.7772640000000001,0.9997895187371582
2025-10-15 00:00:00+00:00,0.50151,0.9998496221250256
2025-10-16 00:00:00+00:00,0.806683,0.9997840435156374
2025-10-17 00:00:00+00:00,0.89545,0.9996596739590892
2025-10-18 00:00:00+00:00,0.6157410000000001,0.9995292823722606
2025-10-19 00:00:00+00:00,0.795895,0.9997652841138723
2025-10-20 00:00:00+00:00,0.870031,0.9996232295613056
2025-10-21 00:00:00+00:00,0.588205,0.9999033104528348
2025-10-22 00:00:00+00:00,0.5471719999999999,0.999439714613275
2025-10-23 00:00:00+00:00,0.740742,0.9998458540114167
2025-10-24 00:00:00+00:00,0.8388049999999999,0.9997292610763934
2025-10-25 00:00:00+00:00,0.47956499999999996,0.9996696390536584
2025-10-26 00:00:00+00:00,0.808509,0.9995598921021637
2025-10-27 00:00:00+00:00,0.969275,0.9995499202854558
2025-10-28 00:00:00+00:00,0.830184,0.9997266912847993
2025-10-29 00:00:00+00:00,0.9021970000000001,0.9996896402360214
2025-10-30 00:00:00+00:00,0.7590610000000001,0.9991931230183209
2025-10-31 00:00:00+00:00,0.8663050000000001,0.9997705818505999
2025-11-01 00:00:00+00:00,0.6348509999999999,0.9995414870621078
2025-11-02 00:00:00+00:00,0.664026,0.9997492049846919
2025-11-03 00:00:00+00:00,0.825729,0.9995143629069768
2025-11-04 00:00:00+00:00,0.823428,0.9963403837462635
2025-11-05 00:00:00+00:00,0.9272560000000001,0.9997820278159059
2025-11-06 00:00:00+00:00,0.918314,0.9998759572691984
2025-11-07 00:00:00+00:00,0.8415949999999999,0.9987261759243861
2025-11-08 00:00:00+00:00,0.5620740000000001,0.9971358862569283
2025-11-09 00:00:00+00:00,0.9339049999999999,1.0
2025-11-10 00:00:00+00:00,0.689008,0.9995534324702603
2025-11-11 00:00:00+00:00,0.8812220000000002,0.99968504553078
2025-11-12 00:00:00+00:00,0.80472,0.99974477240508
2025-11-13 00:00:00+00:00,0.8313410000000002,0.9997924620076708
2025-11-14 00:00:00+00:00,0.73416,0.9993449234635903
2025-11-15 00:00:00+00:00,0.9632780000000001,0.9999999999979059
2025-11-16 00:00:00+00:00,0.5005350000000001,0.9999194870439667
2025-11-17 00:00:00+00:00,0.8643720000000001,0.9996580329636203
2025-11-18 00:00:00+00:00,0.81379,0.9998213648985972
2025-11-19 00:00:00+00:00,0.842722,0.9996766244851945
2025-11-20 00:00:00+00:00,0.631427,0.9996708241287584
2025-11-21 00:00:00+00:00,0.872549,0.9998048837214165
2025-11-22 00:00:00+00:00,0.8683470000000001,0.9991801194712299
2025-11-23 00:00:00+00:00,0.7693099999999999,0.9998137182081016
2025-11-24 00:00:00+00:00,0.9155969999999999,0.9999604908438473
2025-11-25 00:00:00+00:00,0.967666,0.9996557578225779
2025-11-26 00:00:00+00:00,0.8668720000000001,0.999777486531882
2025-11-27 00:00:00+00:00,0.8365969999999999,0.9998599552445678
2025-11-28 00:00:00+00:00,0.721362,0.9999630454675544
2025-11-29 00:00:00+00:00,0.951382,0.9999999999997526
2025-11-30 00:00:00+00:00,0.8495280000000001,1.0
2025-12-01 00:00:00+00:00,0.876202,0.9998166629174218
2025-12-02 00:00:00+00:00,0.584567,0.9997119944845164
2025-12-03 00:00:00+00:00,0.772791,0.9997757572404744
2025-12-04 00:00:00+00:00,0.8133279999999999,0.9995998209658651
2025-12-05 00:00:00+00:00,0.6973839999999999,0.9999347833629464
2025-12-06 00:00:00+00:00,0.6220439999999999,0.9998901939196537
2025-12-07 00:00:00+00:00,0.947212,1.0
2025-12-08 00:00:00+00:00,0.555636,0.9999421135409519
2025-12-09 00:00:00+00:00,0.7500100000000001,0.9997425527165852
2025-12-10 00:00:00+00:00,0.897127,0.9996970478623519
2025-12-11 00:00:00+00:00,0.81842,0.9994187375113979
2025-12-12 00:00:00+00:00,0.9477690000000001,0.9998618684885678
2025-12-13 00:00:00+00:00,0.9873259999999998,0.9996277097568944
2025-12-14 00:00:00+00:00,0.47373699999999996,0.9988809350591251
2025-12-15 00:00:00+00:00,0.8604219999999999,0.9995911927733943
2025-12-16 00:00:00+00:00,0.967301,0.9995392500314334
2025-12-17 00:00:00+00:00,0.803883,0.9996836432557472
2025-12-18 00:00:00+00:00,0.9326399999999999,0.9990366110468658
2025-12-19 00:00:00+00:00,0.875167,0.9995786965356677
2025-12-20 00:00:00+00:00,0.7974979999999999,0.9999991862016712
2025-12-21 00:00:00+00:00,0.582309,0.9991569557369291
2025-12-22 00:00:00+00:00,0.9205760000000001,0.9989723958608743
2025-12-23 00:00:00+00:00,0.9359439999999999,0.9997928080497714
2025-12-24 00:00:00+00:00,0.823515,0.9996965743035412
2025-12-25 00:00:00+00:00,0.987117,0.9998232460087882
2025-12-26 00:00:00+00:00,0.985133,0.999685072948482
2025-12-27 00:00:00+00:00,0.657156,0.9995154590043644
2025-12-28 00:00:00+00:00,0.492163,0.999751909228961
2025-12-29 00:00:00+00:00,0.7748,0.9997710742431347
2025-12-30 00:00:00+00:00,0.54409,0.9998668995230945
2025-12-31 00:00:00+00:00,0.7289399999999999,0.9997461413829226
2026-01-01 00:00:00+00:00,0.915826,0.9994028878653363
2026-01-02 00:00:00+00:00,0.856359,0.999477230382862
2026-01-03 00:00:00+00:00,0.48685500000000004,0.9980734023315275
2026-01-04 00:00:00+00:00,0.9734649999999999,0.9999999999977197
2026-01-05 00:00:00+00:00,0.82283,0.9995950303016903
2026-01-06 00:00:00+00:00,0.808984,0.999102889345337
2026-01-07 00:00:00+00:00,0.9633309999999999,0.9996398261978818
2026-01-08 00:00:00+00:00,0.595177,0.9994076830190536
2026-01-09 00:00:00+00:00,0.6724530000000001,0.9993010037547178
2026-01-10 00:00:00+00:00,0.495177,0.9997819277611187
2026-01-11 00:00:00+00:00,0.92701,0.9992314018720044
2026-01-12 00:00:00+00:00,0.9134150000000002,0.9998617576764811
2026-01-13 00:00:00+00:00,0.598312,0.9995029329903399
2026-01-14 00:00:00+00:00,0.602716,0.999560007125392
2026-01-15 00:00:00+00:00,0.9390539999999999,0.9983439455624924
2026-01-16 00:00:00+00:00,0.6497310000000001,0.9999525552710574
2026-01-17 00:00:00+00:00,0.9426689999999999,0.9999999999445464
2026-01-18 00:00:00+00:00,0.921059,0.999331663762767
2026-01-19 00:00:00+00:00,0.5848589999999999,0.9999167296672488
2026-01-20 00:00:00+00:00,0.42392399999999997,0.9999683017422891
2026-01-21 00:00:00+00:00,0.7898930000000001,0.9997175312687401
2026-01-22 00:00:00+00:00,0.9714660000000002,0.9999789817024168
2026-01-23 00:00:00+00:00,0.9678130000000001,0.9995078795487292
2026-01-24 00:00:00+00:00,0.578984,0.9994255390334321
2026-01-25 00:00:00+00:00,0.9211309999999999,0.9966694623121177
2026-01-26 00:00:00+00:00,0.799424,0.9999423887267724
2026-01-27 00:00:00+00:00,0.8882059999999999,0.99991506828137
2026-01-28 00:00:00+00:00,0.8680950000000001,0.9999084535275482
2026-01-29 00:00:00+00:00,0.782255,0.9995133957698897
2026-01-30 00:00:00+00:00,0.826818,0.9994697017408875
2026-01-31 00:00:00+00:00,0.45109499999999997,0.9989877742106555
