day,tier_hhi,entity_hhi,total_volume
2023-02-01 00:00:00+00:00,4715.038131227431,3270.8412857197677,5194757538.372315
2023-02-02 00:00:00+00:00,4319.760215226925,2468.147042929614,4190274826.9778533
2023-02-03 00:00:00+00:00,6391.191285217214,3424.1472212663734,15552765823.71635
2023-02-04 00:00:00+00:00,4157.482512734141,2539.08287464681,1820056547.891341
2023-02-05 00:00:00+00:00,3775.6379794746044,2370.14075161881,1636378152.9688358
2023-02-06 00:00:00+00:00,4442.83297318611,2409.334930041616,4693135300.49054
2023-02-07 00:00:00+00:00,5970.951030790094,2749.940992094637,9625330738.231298
2023-02-08 00:00:00+00:00,4451.34344750534,2330.450500958689,5663076356.155247
2023-02-09 00:00:00+00:00,4847.201008445742,2471.3982494523643,6229887773.982204
2023-02-10 00:00:00+00:00,8223.528024233701,4361.126891344443,34699267196.94945
2023-02-11 00:00:00+00:00,3944.671470738399,2327.38576720271,1900461802.8742948
2023-02-12 00:00:00+00:00,4609.030964564282,3025.416603977778,2095821653.578253
2023-02-13 00:00:00+00:00,4192.379656806424,2682.6256019687667,13628844620.428682
2023-02-14 00:00:00+00:00,6595.363340063537,3444.143714004434,21714288530.40037
2023-02-15 00:00:00+00:00,4934.69038941587,2489.0211051996403,8713947069.212568
2023-02-16 00:00:00+00:00,4542.587698207901,2205.326303646264,5828282637.522761
2023-02-17 00:00:00+00:00,4497.960872758194,2313.7895352443174,4811052709.493712
2023-02-18 00:00:00+00:00,3566.5361296490155,2127.879261475968,2854014029.562126
2023-02-19 00:00:00+00:00,5618.517715891582,3652.018043459426,1630769609.064276
2023-02-20 00:00:00+00:00,4507.080265982118,2405.6071741304595,2462157233.8054
2023-02-21 00:00:00+00:00,4661.890251713987,2313.9291269021887,3615372168.53879
2023-02-22 00:00:00+00:00,4684.36943203944,2461.4029280225905,4607974439.201801
2023-02-23 00:00:00+00:00,4934.5932422062515,3204.319753202107,7182723644.372324
2023-02-24 00:00:00+00:00,4645.498368230597,2565.183927457023,5248262100.8562155
2023-02-25 00:00:00+00:00,4477.835096090022,2502.617021142853,1737966514.0853841
2023-02-26 00:00:00+00:00,4437.647921060996,2078.834071086768,1352186489.19325
2023-02-27 00:00:00+00:00,4450.908037052246,2379.429211564912,3929774395.42117
2023-02-28 00:00:00+00:00,5261.016520643724,3878.579492156314,5134126146.316518
2023-03-01 00:00:00+00:00,4465.221566169833,2940.5539965809617,4747711229.200905
2023-03-02 00:00:00+00:00,4435.832631880999,2784.517927971789,7599832504.520428
2023-03-03 00:00:00+00:00,4914.866210091971,2897.893471477627,12017791508.249691
2023-03-04 00:00:00+00:00,7992.982485748698,3892.963742381268,13949342552.335657
2023-03-05 00:00:00+00:00,4294.1730745418745,2778.293953937105,1656149148.323597
2023-03-06 00:00:00+00:00,4575.418977881216,2410.63907326241,6255139849.165688
2023-03-07 00:00:00+00:00,4513.644382052325,2304.958773731605,7368871847.648251
2023-03-08 00:00:00+00:00,4514.536239274602,2716.3230606171014,4037251007.33316
2023-03-09 00:00:00+00:00,4573.460897958565,2549.14504802868,4938756520.493616
2023-03-10 00:00:00+00:00,4672.402456808345,2410.31416301085,18837544366.246773
2023-03-11 00:00:00+00:00,3352.005010791154,1864.8029588903719,28352371031.908875
2023-03-12 00:00:00+00:00,4398.018116735921,3059.1047236672252,12477787382.713478
2023-03-13 00:00:00+00:00,4219.17554734797,2175.8474389288585,19107859838.384674
2023-03-14 00:00:00+00:00,4498.865655745456,2303.190139208991,19406151001.600037
2023-03-15 00:00:00+00:00,4286.398217513776,2370.291990594131,15094039555.34191
2023-03-16 00:00:00+00:00,4699.585225777088,2308.8486415948864,16016823459.345865
2023-03-17 00:00:00+00:00,4409.794327874025,2558.4975599295713,11341731361.70169
2023-03-18 00:00:00+00:00,5332.731619478339,4173.9175788919965,3885210698.231276
2023-03-19 00:00:00+00:00,4724.535723135865,2696.2741274039777,1951297819.775481
2023-03-20 00:00:00+00:00,4683.318465390545,2872.1461767805326,11116767908.927605
2023-03-21 00:00:00+00:00,5081.772850363895,3167.152038118244,7752062468.590281
2023-03-22 00:00:00+00:00,4666.06969226495,2745.1386841080075,8870259101.575914
2023-03-23 00:00:00+00:00,4747.537746271402,2517.281016521298,8529491948.51375
2023-03-24 00:00:00+00:00,4947.4961574482495,2178.7488237359075,11383500361.602238
2023-03-25 00:00:00+00:00,5212.073495769755,2449.615422513984,1711598122.383385
2023-03-26 00:00:00+00:00,4596.827022766929,2852.886060683436,1496411276.827571
2023-03-27 00:00:00+00:00,4473.793141481644,2191.7328160485813,7245379331.1879015
2023-03-28 00:00:00+00:00,4393.6968546193,2377.5539729809366,4237597602.0738378
2023-03-29 00:00:00+00:00,4622.236402571702,2594.0379332748903,3011655646.0227146
2023-03-30 00:00:00+00:00,4586.50880669864,2554.4531118907985,5286409543.600464
2023-03-31 00:00:00+00:00,4585.332433126996,2772.7297877735737,5097118557.641805
2023-04-01 00:00:00+00:00,4998.937192929445,3117.257364742112,1168930577.60065
2023-04-02 00:00:00+00:00,4944.877098556935,3325.3797236505743,1067776150.3463831
2023-04-03 00:00:00+00:00,4542.339572082148,2553.0606714615174,4482845315.21134
2023-04-04 00:00:00+00:00,4649.351928406732,2439.3826739144465,3986596343.289491
2023-04-05 00:00:00+00:00,4928.058348233199,2986.3844871374463,3249781747.2081223
2023-04-06 00:00:00+00:00,4605.058938332768,2668.0632862604684,3053519217.9962683
2023-04-07 00:00:00+00:00,4484.678313427242,2001.6280857124166,1698964474.6468651
2023-04-08 00:00:00+00:00,5050.374138888869,3667.129484595324,1203823596.823212
2023-04-09 00:00:00+00:00,5150.523498306504,3223.063445133166,950920622.8709929
2023-04-10 00:00:00+00:00,4688.333935810955,2464.600001058841,4223471165.9143214
2023-04-11 00:00:00+00:00,4913.32474108674,2523.3825927342464,3778143917.457029
2023-04-12 00:00:00+00:00,4878.806925791983,2853.9769549404446,5572852920.634072
2023-04-13 00:00:00+00:00,4520.274036408891,2537.1028223711737,4027132496.249618
2023-04-14 00:00:00+00:00,4397.397546812533,2377.1893552528163,4135925719.505876
2023-04-15 00:00:00+00:00,5400.663373152112,2771.5246175176376,1677475114.5852518
2023-04-16 00:00:00+00:00,4944.574625981687,2883.220619334329,1003480887.38949
2023-04-17 00:00:00+00:00,4271.048283788004,2503.677603234616,4533670473.956875
2023-04-18 00:00:00+00:00,4517.970692153073,2254.330258183729,3677799935.807822
2023-04-19 00:00:00+00:00,4533.739993137522,2268.624040736114,4024984400.528534
2023-04-20 00:00:00+00:00,5162.410680950084,2158.030050268722,6235138294.620477
2023-04-21 00:00:00+00:00,4378.262561615811,2329.9325792531663,4883093635.381886
2023-04-22 00:00:00+00:00,4272.788961309311,2278.7390390595124,1234776863.937632
2023-04-23 00:00:00+00:00,6705.513859105382,3201.079138532642,1635456849.2735817
2023-04-24 00:00:00+00:00,4286.108935642652,2157.4787295109854,2714794267.163004
2023-04-25 00:00:00+00:00,4734.723720230108,2632.751890934088,2830057234.468382
2023-04-26 00:00:00+00:00,4415.987871848441,2367.617844875187,4101953548.1420975
2023-04-27 00:00:00+00:00,4364.942446648968,2368.111687787834,4251343322.664058
2023-04-28 00:00:00+00:00,4387.997691847564,2161.4954101066432,3597288995.390739
2023-04-29 00:00:00+00:00,4506.277092961602,2620.706727590855,1747670050.603077
2023-04-30 00:00:00+00:00,4924.110880993653,2967.6223209777563,879020420.337673
2023-05-01 00:00:00+00:00,4294.640286182869,2319.2334994820058,2603235187.8514943
2023-05-02 00:00:00+00:00,4501.427928491474,2188.118135265586,3679938783.8080955
2023-05-03 00:00:00+00:00,4449.022855104434,2323.1524823378513,3512468599.964452
2023-05-04 00:00:00+00:00,4760.654013674941,2467.670574178028,2745791080.396093
2023-05-05 00:00:00+00:00,4629.080578263622,2528.380588283295,4127883731.1100893
2023-05-06 00:00:00+00:00,6115.4993337013675,4134.933734790759,1692860037.440262
2023-05-07 00:00:00+00:00,6023.020597650002,3624.7148980674583,898556369.734661
2023-05-08 00:00:00+00:00,4497.780127646642,2159.5316832439808,3544780242.25127
2023-05-09 00:00:00+00:00,4649.460864616372,2344.0714158492806,3227276726.682377
2023-05-10 00:00:00+00:00,4603.650129651704,2557.9870761846614,2801173180.055602
2023-05-11 00:00:00+00:00,4469.292033026772,2302.707072815341,3163260396.9176407
2023-05-12 00:00:00+00:00,4543.678747257942,2472.6172443525293,3007029261.454533
2023-05-13 00:00:00+00:00,4865.324476035634,3213.6698672086272,776987368.421031
2023-05-14 00:00:00+00:00,6609.514289520427,3311.2429060079407,598549836.1753299
2023-05-15 00:00:00+00:00,4856.294631982774,2496.721710126739,3726411256.517494
2023-05-16 00:00:00+00:00,4844.029891101717,2510.99387631993,3449010021.9412026
2023-05-17 00:00:00+00:00,4597.794744806913,2449.5133607434536,3375132458.443187
2023-05-18 00:00:00+00:00,4564.116541901001,2707.0760991689217,2492619249.45614
2023-05-19 00:00:00+00:00,4661.4685043571635,2948.0303265386606,2882978625.86028
2023-05-20 00:00:00+00:00,5710.801686122243,2655.1559806792984,821043248.789378
2023-05-21 00:00:00+00:00,7185.172167384371,2717.555571271702,1360228979.2375898
2023-05-22 00:00:00+00:00,4611.899753887726,2127.9894616084,2884174871.8092475
2023-05-23 00:00:00+00:00,4497.451247135549,2395.018067736029,3263201877.048427
2023-05-24 00:00:00+00:00,5386.908708003212,2598.5575795258374,6922549185.106778
2023-05-25 00:00:00+00:00,4506.690847098843,1985.9018939239293,3312975218.407601
2023-05-26 00:00:00+00:00,4597.828160090677,2130.91894250858,2896703766.931325
2023-05-27 00:00:00+00:00,6176.340391624003,3987.0148737190943,886968334.4830259
2023-05-28 00:00:00+00:00,5486.696828531508,2863.8828893831187,849425560.8469989
2023-05-29 00:00:00+00:00,4975.971635429015,2540.3410434655284,2102009725.1911461
2023-05-30 00:00:00+00:00,4794.493838396884,2529.1554749523666,3150357811.318955
2023-05-31 00:00:00+00:00,4871.0559860847925,2541.7087757358313,3688875806.687652
2023-06-01 00:00:00+00:00,4754.538329864893,2705.8512793862474,2644957380.593027
2023-06-02 00:00:00+00:00,4682.850030745035,2452.6323826237767,2544363553.1785893
2023-06-03 00:00:00+00:00,6619.3632655437905,3564.506230074776,815810109.382975
2023-06-04 00:00:00+00:00,6216.998977951395,3633.2283980140223,635655103.07968
2023-06-05 00:00:00+00:00,4677.682244462817,2537.017096540177,4499180251.904208
2023-06-06 00:00:00+00:00,4524.749586998712,2415.9454290490085,5014431366.401524
2023-06-07 00:00:00+00:00,4564.592562871637,2535.230987568691,4173123671.722736
2023-06-08 00:00:00+00:00,4381.321806367966,2423.2218714871065,2897410521.231501
2023-06-09 00:00:00+00:00,4285.0704196176375,2131.842365792177,2928198317.60662
2023-06-10 00:00:00+00:00,4427.872519862157,2874.9286627874408,3178399168.85969
2023-06-11 00:00:00+00:00,4461.654895667057,2877.9220855505423,1576992414.23627
2023-06-12 00:00:00+00:00,6320.38276937252,2687.831210286258,7903291569.077388
2023-06-13 00:00:00+00:00,4545.208033771854,2046.1804318339173,3464224976.213137
2023-06-14 00:00:00+00:00,4287.534042695582,1954.6028339011866,3718689666.39949
2023-06-15 00:00:00+00:00,3603.636469261548,1556.5692289898595,8400740842.694762
2023-06-16 00:00:00+00:00,6367.810460483614,2640.6958461650897,9299564239.42847
2023-06-17 00:00:00+00:00,6416.144287482566,4422.397710130731,3132471634.728325
2023-06-18 00:00:00+00:00,4504.435798574575,1808.0251257526752,1198847402.780584
2023-06-19 00:00:00+00:00,4596.164662518192,2313.132101210831,3071568855.2899117
2023-06-20 00:00:00+00:00,5237.816493748403,2778.432579245197,7022996692.487477
2023-06-21 00:00:00+00:00,4292.835721835474,2239.641862827299,5412616310.99899
2023-06-22 00:00:00+00:00,4390.388942180952,2427.1764868038854,4541528088.384388
2023-06-23 00:00:00+00:00,4556.842940186839,2675.85753177495,5167681102.832288
2023-06-24 00:00:00+00:00,4631.067165244044,2108.7329052807186,1414527347.144744
2023-06-25 00:00:00+00:00,5294.109138738129,3494.2446325268065,1448547039.860048
2023-06-26 00:00:00+00:00,4424.910589179171,2469.2441460369937,3555800497.7133484
2023-06-27 00:00:00+00:00,4356.359562799537,2276.7491378371133,3610184680.409627
2023-06-28 00:00:00+00:00,5049.292651447375,3254.524336612051,4155526923.600427
2023-06-29 00:00:00+00:00,4520.754188454683,2296.4167357679557,3453094811.824144
2023-06-30 00:00:00+00:00,4930.388635998788,2518.697176404191,6685502973.5907545
2023-07-01 00:00:00+00:00,4199.114576469791,2530.586082244158,1597927342.4085832
2023-07-02 00:00:00+00:00,4239.592360479999,1927.1180989875074,752541084.873373
2023-07-03 00:00:00+00:00,4561.260523207701,2223.792281903242,4286397212.859403
2023-07-04 00:00:00+00:00,4508.725443537407,1759.4016835622056,2492478997.3636103
2023-07-05 00:00:00+00:00,4079.6479036697897,2031.4914751173653,2602956675.276539
2023-07-06 00:00:00+00:00,4564.734954692689,2372.3568568568144,3536756008.0425973
2023-07-07 00:00:00+00:00,4446.825925833733,2270.9730191291965,3055482215.9152713
2023-07-08 00:00:00+00:00,4121.577496259072,2587.1530367400146,1021630208.002675
2023-07-09 00:00:00+00:00,4580.956576870498,1921.3856706499814,615109200.009084
2023-07-10 00:00:00+00:00,4389.614556441984,2263.225708145551,3595984208.109414
2023-07-11 00:00:00+00:00,4597.67254691943,2032.6976913336734,2408501319.820887
2023-07-12 00:00:00+00:00,5298.847929706089,2592.1154059038436,5707380007.095831
2023-07-13 00:00:00+00:00,4443.6653263645585,2520.1789870273174,5390979548.857958
2023-07-14 00:00:00+00:00,4602.531419980489,2479.6751248248715,4791627836.030743
2023-07-15 00:00:00+00:00,5733.122463107434,3607.1341677171963,1623810678.868332
2023-07-16 00:00:00+00:00,5272.529379017845,2780.2615155300305,937430704.7333311
2023-07-17 00:00:00+00:00,6211.201217640127,3086.058036252352,7222497006.139167
2023-07-18 00:00:00+00:00,4520.382899092461,2222.4940441801377,3143158194.280528
2023-07-19 00:00:00+00:00,4733.214008367773,2385.2493864800826,3849814124.271883
2023-07-20 00:00:00+00:00,4604.457212851937,2393.402977534161,3369219880.0163374
2023-07-21 00:00:00+00:00,4513.401939361379,2250.9790197907587,2931217685.51463
2023-07-22 00:00:00+00:00,4653.184865193914,2254.8805314201713,1060636055.1834
2023-07-23 00:00:00+00:00,5448.0608951373615,2457.2107670742184,627528889.657016
2023-07-24 00:00:00+00:00,4888.518888456953,2353.781713547478,4857219759.617048
2023-07-25 00:00:00+00:00,4460.589621155962,2355.7701004555556,2507576282.89384
2023-07-26 00:00:00+00:00,4393.294743433231,2230.1914523137502,3720440491.519045
2023-07-27 00:00:00+00:00,4736.980371438779,3023.155160884937,4274920300.512834
2023-07-28 00:00:00+00:00,4391.211012392803,2161.2223922841886,3250429103.1662154
2023-07-29 00:00:00+00:00,4907.554580585572,2719.2826662062057,694203463.755683
2023-07-30 00:00:00+00:00,4254.62336060864,2033.44468535444,899625809.141181
2023-07-31 00:00:00+00:00,4552.8596449739125,2241.844030516775,4832886880.833166
2023-08-01 00:00:00+00:00,3666.5760465493177,2043.8770111403278,5311530466.7125435
2023-08-02 00:00:00+00:00,4412.290404698068,2564.429266788276,4693680937.575449
2023-08-03 00:00:00+00:00,4563.822662399058,2132.6730464343727,4608962055.185138
2023-08-04 00:00:00+00:00,4513.77783004598,2963.4425541810438,4693323856.886355
2023-08-05 00:00:00+00:00,4622.3778516798775,3093.6847014262257,1382535693.500366
2023-08-06 00:00:00+00:00,4306.1662264555725,2119.6731223369657,1070016569.4038999
2023-08-07 00:00:00+00:00,4241.566726697671,2046.6686088506174,5444043428.543457
2023-08-08 00:00:00+00:00,4476.18292310823,2719.713997924688,5649751788.931948
2023-08-09 00:00:00+00:00,4286.365481629011,1962.795568509185,2839212157.213949
2023-08-10 00:00:00+00:00,4386.660409959366,2299.5741988695877,3722825186.430256
2023-08-11 00:00:00+00:00,4467.967600821623,2358.4909946463385,4674344765.039381
2023-08-12 00:00:00+00:00,4406.728212855957,2443.291232802949,1025715307.1950711
2023-08-13 00:00:00+00:00,4200.004573750157,2404.6175792030954,834476078.645746
2023-08-14 00:00:00+00:00,4939.772006301364,2631.8571689127616,5876830138.906191
2023-08-15 00:00:00+00:00,4306.669586191641,2407.09168111927,3856074834.5094204
2023-08-16 00:00:00+00:00,5077.99766554223,3149.8541481419106,5039242657.533761
2023-08-17 00:00:00+00:00,4541.636112599711,2185.5261545652775,6478048744.633274
2023-08-18 00:00:00+00:00,4178.700632156046,2410.9875881582616,6650300920.532817
2023-08-19 00:00:00+00:00,4872.746503334404,2560.2302419881294,2449090358.7058353
2023-08-20 00:00:00+00:00,4298.375739968128,2445.7332341214033,803469674.292904
2023-08-21 00:00:00+00:00,5092.350898912042,3503.856581757092,4321285676.087835
2023-08-22 00:00:00+00:00,4389.4133954668905,2524.7493205034525,3292347318.518129
2023-08-23 00:00:00+00:00,4657.572150451729,2113.49863375611,3640067509.806402
2023-08-24 00:00:00+00:00,4583.148106507566,2210.0828495661485,2696056429.451931
2023-08-25 00:00:00+00:00,4504.939711949726,2206.8724906507623,2911962194.0514383
2023-08-26 00:00:00+00:00,4530.954426110449,2331.569740824271,1343695362.09656
2023-08-27 00:00:00+00:00,4241.466286639319,2391.443384577047,890132456.4793869
2023-08-28 00:00:00+00:00,4737.755441405295,2707.557253329915,2879771897.9477673
2023-08-29 00:00:00+00:00,4388.743488815643,2410.4080729800185,5157397610.055342
2023-08-30 00:00:00+00:00,4769.549799460064,2530.5669342325177,2711868283.3864317
2023-08-31 00:00:00+00:00,4522.244105769457,2479.2487030323036,3252465691.0237517
2023-09-01 00:00:00+00:00,4342.751596694978,2486.8166925643814,3681649210.0126624
2023-09-02 00:00:00+00:00,4185.507681407198,2631.3074183669255,1430787750.9137712
2023-09-03 00:00:00+00:00,4743.968728302262,2665.0841444616485,948488449.0867779
2023-09-04 00:00:00+00:00,5439.364013918689,3112.580723189427,2681312673.997257
2023-09-05 00:00:00+00:00,4647.8703728708715,2427.560055000626,3906918908.8807034
2023-09-06 00:00:00+00:00,4607.96670809576,2606.994601489748,3077402950.181138
2023-09-07 00:00:00+00:00,4428.4900924161,2318.8968100119564,2534562865.64047
2023-09-08 00:00:00+00:00,4605.594086749137,2500.4144311670443,3309297314.836175
2023-09-09 00:00:00+00:00,5138.859952914504,3235.8620929764147,692709329.293957
2023-09-10 00:00:00+00:00,4462.859193430384,2403.1009172751183,1006092797.9462299
2023-09-11 00:00:00+00:00,4533.935807571739,2587.575171373653,4031225474.2939453
2023-09-12 00:00:00+00:00,4094.975710918662,1834.5325370187725,3927212266.054735
2023-09-13 00:00:00+00:00,4507.1736207927615,2283.955080831939,3176096199.3113174
2023-09-14 00:00:00+00:00,4615.6415215096185,2311.2240711684526,3626998798.9917483
2023-09-15 00:00:00+00:00,4444.807330416285,2094.47519494014,2687686317.668294
2023-09-16 00:00:00+00:00,4119.412126476302,1943.3116598235745,1009223893.834066
2023-09-17 00:00:00+00:00,5627.391467242075,2653.462137235848,726615487.627544
2023-09-18 00:00:00+00:00,4527.908159307592,2289.1097614715427,3352246570.743029
2023-09-19 00:00:00+00:00,4455.9084016388915,2087.1553184612617,3212504526.478223
2023-09-20 00:00:00+00:00,4694.213234741655,2418.63157788332,2832755403.22319
2023-09-21 00:00:00+00:00,4392.076625887378,2343.0604646742104,2949273382.2484612
2023-09-22 00:00:00+00:00,4822.007944894269,2512.881271871109,2209865149.5972776
2023-09-23 00:00:00+00:00,4358.786024621712,2889.5152831195014,738076707.510737
2023-09-24 00:00:00+00:00,5103.236440706794,2980.9276273745854,565830871.736817
2023-09-25 00:00:00+00:00,4360.604082871991,2349.1572700445067,3294477263.730469
2023-09-26 00:00:00+00:00,4579.939789888913,2331.936350624248,2536390759.1216455
2023-09-27 00:00:00+00:00,4479.237954161224,2327.4288753593673,3176549826.325181
2023-09-28 00:00:00+00:00,4316.9939438881975,2251.8224446016916,4026156218.017205
2023-09-29 00:00:00+00:00,4839.449841386783,2536.172282241753,3647721543.323507
2023-09-30 00:00:00+00:00,4287.6656363123075,2473.124738695065,1664937284.4384549
2023-10-01 00:00:00+00:00,4598.904865932035,2403.3849882159775,1122531264.247005
2023-10-02 00:00:00+00:00,4422.484381634635,2260.2604296240606,4631651937.653822
2023-10-03 00:00:00+00:00,4619.2250755393125,2476.644757233918,3385443111.714489
2023-10-04 00:00:00+00:00,4682.906960184518,2295.4286550101424,2595998610.5807247
2023-10-05 00:00:00+00:00,4436.645233014139,2311.27312844186,2708038968.120451
2023-10-06 00:00:00+00:00,4893.479738687054,2393.0718426463127,3360719639.466727
2023-10-07 00:00:00+00:00,8281.117372683633,5890.16253701587,3348510205.7876267
2023-10-08 00:00:00+00:00,4564.655527145305,2910.9971449345776,1018093466.8586789
2023-10-09 00:00:00+00:00,4617.763560824906,2366.5628284876975,2418301286.880535
2023-10-10 00:00:00+00:00,4323.835545038201,1981.458984860593,3670851627.839126
2023-10-11 00:00:00+00:00,4593.878997282123,2192.558606430514,3353853016.1510143
2023-10-12 00:00:00+00:00,4239.436713675398,2146.26143193218,2824373070.236844
2023-10-13 00:00:00+00:00,4262.8806683637085,2169.4722614068005,2653470482.094014
2023-10-14 00:00:00+00:00,4305.538575971769,2370.0861420324004,744911025.21678
2023-10-15 00:00:00+00:00,4701.998546090068,2481.7372777542837,962294606.467932
2023-10-16 00:00:00+00:00,4412.197440958586,2334.1122704178274,5040513102.389363
2023-10-17 00:00:00+00:00,4769.339246227521,2532.5245603638696,3982029799.519293
2023-10-18 00:00:00+00:00,4334.207104742305,2217.7814460463683,3730577270.6198683
2023-10-19 00:00:00+00:00,4686.534312505055,2327.939052135017,4048313814.617732
2023-10-20 00:00:00+00:00,4483.573237367368,2174.430818116614,5027518275.741071
2023-10-21 00:00:00+00:00,5266.924358853284,2453.2214191220437,1501678217.342529
2023-10-22 00:00:00+00:00,6028.449353135081,3083.036940063319,1942900641.7407918
2023-10-23 00:00:00+00:00,4408.761032622931,1930.1578327748855,5393802242.029836
2023-10-24 00:00:00+00:00,4589.420377536995,2288.8735260400654,6312597494.944721
2023-10-25 00:00:00+00:00,4719.918180268297,2323.046881695848,4559995455.954232
2023-10-26 00:00:00+00:00,4633.405960178775,2398.658520018334,4398411636.989802
2023-10-27 00:00:00+00:00,4298.284214687611,2034.0856398977278,3422920363.826462
2023-10-28 00:00:00+00:00,6019.794115174584,3872.638804859014,2009069026.709752
2023-10-29 00:00:00+00:00,4217.372360147558,2134.0674296645816,946156871.820066
2023-10-30 00:00:00+00:00,4354.246462742817,2122.883969746072,4143672378.2257385
2023-10-31 00:00:00+00:00,4435.271631987801,2162.0972936069525,5340856946.513269
2023-11-01 00:00:00+00:00,4578.019463408118,2276.2862304672667,4293103646.872034
2023-11-02 00:00:00+00:00,4300.034018161069,2146.5819309322865,6066850782.8904085
2023-11-03 00:00:00+00:00,4266.405017832037,2005.5579460383146,4287119074.733499
2023-11-04 00:00:00+00:00,4426.532419918148,2147.3517228440974,1764621797.6432672
2023-11-05 00:00:00+00:00,4646.503625973122,2534.821492611508,1564602765.4590719
2023-11-06 00:00:00+00:00,4290.372043676409,2080.0877861276626,5305939766.027097
2023-11-07 00:00:00+00:00,4487.109464021984,2154.2648914744423,5237654722.458173
2023-11-08 00:00:00+00:00,4458.448702897827,2294.1050395350876,4430281744.009678
2023-11-09 00:00:00+00:00,4806.5901919790185,1887.2611228835294,9598329113.44941
2023-11-10 00:00:00+00:00,5108.308127854176,3344.4061118662653,7661916431.346181
2023-11-11 00:00:00+00:00,4597.656578553378,2424.940365828824,2444275722.3631053
2023-11-12 00:00:00+00:00,5547.1941838714665,3207.5292095331224,1796720373.327698
2023-11-13 00:00:00+00:00,4482.271807235123,2385.038356549455,6419182619.499172
2023-11-14 00:00:00+00:00,4664.686327335095,2498.7649326320425,5307280186.030033
2023-11-15 00:00:00+00:00,4452.729322381623,2101.3133592800345,5170816518.713864
2023-11-16 00:00:00+00:00,4568.339109464931,2371.7175272931945,5561478962.859617
2023-11-17 00:00:00+00:00,4452.7292838903295,2084.2766444719828,4819005897.615333
2023-11-18 00:00:00+00:00,4587.903574468572,2717.8800920447775,2471930334.606103
2023-11-19 00:00:00+00:00,4673.165996108961,2194.1817386857106,1350548771.732609
2023-11-20 00:00:00+00:00,4809.671718730422,2185.4275303262507,4597655225.425479
2023-11-21 00:00:00+00:00,4789.567796216648,2275.196464470165,5972694127.221183
2023-11-22 00:00:00+00:00,4525.07159847078,2117.028798881312,5534990151.369499
2023-11-23 00:00:00+00:00,4990.812971421665,1806.2020671804587,3156277571.5145
2023-11-24 00:00:00+00:00,4438.517352195919,2152.1683096691095,5248639960.772568
2023-11-25 00:00:00+00:00,4798.9933483466775,1967.462632998399,1130994748.95881
2023-11-26 00:00:00+00:00,4971.500027296898,2865.1339013725806,1756756551.806178
2023-11-27 00:00:00+00:00,5371.244840893054,2028.121377406777,6443916314.473258
2023-11-28 00:00:00+00:00,4596.915626275085,2009.000917762508,4216594231.673142
2023-11-29 00:00:00+00:00,4544.694273155422,2064.467636786219,5329924099.527329
2023-11-30 00:00:00+00:00,4144.235271516401,2012.9658145119245,4429113741.994989
2023-12-01 00:00:00+00:00,4558.0137418544455,2005.1301612364389,4040376426.891116
2023-12-02 00:00:00+00:00,4771.446644406385,2254.978537032144,1776888855.363993
2023-12-03 00:00:00+00:00,5671.735325991602,2209.993719907408,1592061771.233279
2023-12-04 00:00:00+00:00,4873.311715119294,2427.861211738116,5572090722.243898
2023-12-05 00:00:00+00:00,5158.695044385442,3361.6661230197333,8496575769.017169
2023-12-06 00:00:00+00:00,5276.929360135527,2854.5012841307253,4496317967.277748
2023-12-07 00:00:00+00:00,4504.46757771738,2093.970708224076,4674194153.251523
2023-12-08 00:00:00+00:00,4687.0014228214595,2258.922690587787,4876179886.480222
2023-12-09 00:00:00+00:00,4629.985301986724,2444.068468448756,2260308422.199972
2023-12-10 00:00:00+00:00,5558.677008287009,2897.898062986263,1762950320.257483
2023-12-11 00:00:00+00:00,4313.789989627433,2335.9898618248358,6768300980.462285
2023-12-12 00:00:00+00:00,4675.688587382087,2792.5651229259993,5705811204.674314
2023-12-13 00:00:00+00:00,4382.291752834308,2356.014460400198,6812858264.021839
2023-12-14 00:00:00+00:00,4529.751380757553,2404.2345703233823,5494972118.568683
2023-12-15 00:00:00+00:00,4594.2726697332155,2499.2343654214687,5607783400.480123
2023-12-16 00:00:00+00:00,4208.971723469504,2337.5859978358603,2605557769.0764503
2023-12-17 00:00:00+00:00,4479.990649635637,2606.449392938672,2403376141.8683352
2023-12-18 00:00:00+00:00,4581.478019320533,2276.0672548912576,5804339540.845693
2023-12-19 00:00:00+00:00,4722.186099551005,2445.376483892037,5263144437.573741
2023-12-20 00:00:00+00:00,4435.573463692362,2238.052643047807,5944387382.75584
2023-12-21 00:00:00+00:00,4665.035408143523,2251.0466051168273,4592209915.59321
2023-12-22 00:00:00+00:00,4646.618073882312,2185.2753393626717,5105119562.931866
2023-12-23 00:00:00+00:00,5105.901387501521,2395.876078010147,2144595632.733488
2023-12-24 00:00:00+00:00,6723.103587644204,4368.873425117747,3056286297.65052
2023-12-25 00:00:00+00:00,7319.872291900557,3170.695951960991,4341617607.953552
2023-12-26 00:00:00+00:00,4588.196755289714,2148.92823216496,5303378706.101812
2023-12-27 00:00:00+00:00,4514.379995819079,2305.822932636827,6243237413.675268
2023-12-28 00:00:00+00:00,4765.343092370886,2677.3395905846537,7641665372.600617
2023-12-29 00:00:00+00:00,4617.734171392487,2255.809920944494,5701435902.187952
2023-12-30 00:00:00+00:00,5600.715383295942,3618.238609124631,3666216907.815556
2023-12-31 00:00:00+00:00,4569.620473056203,2389.799065929917,2464000015.023897
2024-01-01 00:00:00+00:00,4676.622560360251,3037.6713365861574,2753243802.6995573
2024-01-02 00:00:00+00:00,4576.072210883851,2083.6592136714335,7896500189.499337
2024-01-03 00:00:00+00:00,4571.163510819574,2310.3117555301183,8303340764.471146
2024-01-04 00:00:00+00:00,4978.668345065511,1871.816571764312,9363522283.68223
2024-01-05 00:00:00+00:00,4463.845601854685,1928.0850356052233,6254388111.486268
2024-01-06 00:00:00+00:00,5583.676245512876,3112.5727986444344,2951550545.250088
2024-01-07 00:00:00+00:00,5477.474247895643,1917.45963266113,1949258447.447853
2024-01-08 00:00:00+00:00,4705.953058516768,2048.1813683947958,6820608079.381874
2024-01-09 00:00:00+00:00,5250.292531139945,1961.5212090081964,9055880920.402822
2024-01-10 00:00:00+00:00,4605.206382701463,2144.2668894050207,7322891633.285979
2024-01-11 00:00:00+00:00,4321.372688496521,2161.782736397077,9936278271.291061
2024-01-12 00:00:00+00:00,4274.194459466225,2160.9156705022287,8340772565.525611
2024-01-13 00:00:00+00:00,4127.4825684595,2011.2992604548804,2502926484.820391
2024-01-14 00:00:00+00:00,4638.94644358398,2967.157497478018,1871286864.576349
2024-01-15 00:00:00+00:00,4385.089637294363,2423.4986377691484,3918093887.604025
2024-01-16 00:00:00+00:00,4409.741012997947,2312.413911133406,6821811680.496779
2024-01-17 00:00:00+00:00,4614.410714358842,2735.277357984489,7991701382.809256
2024-01-18 00:00:00+00:00,4295.900952244112,2299.0366889088996,6799533799.205063
2024-01-19 00:00:00+00:00,4518.6509717807985,2487.6092322335508,6910508061.133532
2024-01-20 00:00:00+00:00,5563.167951779931,3899.8922301290027,4710303288.117625
2024-01-21 00:00:00+00:00,5296.539979241118,1601.3612001157649,1179483314.0478559
2024-01-22 00:00:00+00:00,4297.413326111743,2084.890403267854,5138605605.509634
2024-01-23 00:00:00+00:00,4455.60878192691,2258.4242960492234,5983027226.707264
2024-01-24 00:00:00+00:00,4634.814205527435,2497.7538217171045,4967621138.221615
2024-01-25 00:00:00+00:00,4622.162194087752,2488.6650560925304,4330775917.597471
2024-01-26 00:00:00+00:00,4937.699783257608,2362.193275380392,5896716039.8982315
2024-01-27 00:00:00+00:00,5341.438246479798,2837.6717565657714,1336529937.1367412
2024-01-28 00:00:00+00:00,4927.587697631132,2326.5044372865555,1348136149.0515969
2024-01-29 00:00:00+00:00,4564.1338460863035,2368.3854638489693,6029683998.16581
2024-01-30 00:00:00+00:00,4998.435894640253,3078.8516340146202,8120842556.898009
2024-01-31 00:00:00+00:00,4651.202032822577,2593.881785183499,7251741107.040517
2024-02-01 00:00:00+00:00,4625.9798761003385,2336.4278837974534,5428821901.367368
2024-02-02 00:00:00+00:00,4698.786539721865,2385.1362533351394,5002213154.580425
2024-02-03 00:00:00+00:00,4182.5350941337265,1966.2798554059445,1338177260.2009299
2024-02-04 00:00:00+00:00,5724.9899271738095,2383.0644673123256,1165324072.9134479
2024-02-05 00:00:00+00:00,4437.965844689149,2241.689916505489,5286340558.589855
2024-02-06 00:00:00+00:00,4595.011148732189,2496.2142593531275,6149808723.893512
2024-02-07 00:00:00+00:00,4538.488360475198,2354.921249186729,5880165102.020711
2024-02-08 00:00:00+00:00,4639.115822050311,2438.7479867130614,6166628673.858761
2024-02-09 00:00:00+00:00,4936.296194318621,2912.385036809049,7298219172.295571
2024-02-10 00:00:00+00:00,4923.8953569549,2339.969222823206,2348178065.720318
2024-02-11 00:00:00+00:00,4115.726935429823,2195.742013962104,2062267774.9379869
2024-02-12 00:00:00+00:00,4380.791710134636,2109.59328097157,5526362377.503207
2024-02-13 00:00:00+00:00,4630.90202314367,2399.8095353294607,6472957849.456385
2024-02-14 00:00:00+00:00,4566.454226558961,2182.5130152127795,6020496648.26774
2024-02-15 00:00:00+00:00,5024.355445866282,2555.1237759185274,6502581692.021852
2024-02-16 00:00:00+00:00,4495.864615792522,2079.1418122115983,5704593273.755892
2024-02-17 00:00:00+00:00,4722.651313731232,2213.606111983836,2046863910.0661569
2024-02-18 00:00:00+00:00,4774.639781296533,2587.6844047242057,1722484175.165712
2024-02-19 00:00:00+00:00,4867.476095486747,2350.64794919532,4036498127.510208
2024-02-20 00:00:00+00:00,5088.734436596814,1942.0043470636567,8749989861.627893
2024-02-21 00:00:00+00:00,5058.789835713437,2905.1635737232446,6925479319.374775
2024-02-22 00:00:00+00:00,5021.601516176071,2890.9264819591845,8423118046.631853
2024-02-23 00:00:00+00:00,4797.7779367109115,2429.8943459884645,5424120955.155172
2024-02-24 00:00:00+00:00,5312.173418182575,2807.1904195901184,1775351955.131854
2024-02-25 00:00:00+00:00,6430.5779325477215,3777.8260916100517,2339382203.40525
2024-02-26 00:00:00+00:00,4434.0349709255515,2239.703225423206,7046689602.279158
2024-02-27 00:00:00+00:00,4711.75864879456,2400.0276415495478,9214704717.127226
2024-02-28 00:00:00+00:00,4628.9453567123755,2193.318689588178,10351846757.03116
2024-02-29 00:00:00+00:00,4812.478263824167,2991.923925048221,13719944692.212332
2024-03-01 00:00:00+00:00,4789.149913460951,2321.492482673468,7510105449.420541
2024-03-02 00:00:00+00:00,4585.908990277646,1859.5508394164333,4438097545.454142
2024-03-03 00:00:00+00:00,8008.5127253097,3671.486174591012,8335057281.810937
2024-03-04 00:00:00+00:00,4704.801197964445,2144.9785263373496,11081191585.934772
2024-03-05 00:00:00+00:00,4750.015121107427,2453.497579948095,13127936303.934101
2024-03-06 00:00:00+00:00,5157.559362393616,3009.9695501896163,13051946377.501614
2024-03-07 00:00:00+00:00,4693.750678843967,2273.3009696181102,9785225293.162243
2024-03-08 00:00:00+00:00,5042.544031913228,2107.9558374775374,16127117903.7468
2024-03-09 00:00:00+00:00,6741.656093243663,3206.8958978593796,9201108685.482159
2024-03-10 00:00:00+00:00,5043.298298119727,3137.659431202499,5423670969.0346775
2024-03-11 00:00:00+00:00,4716.6245966451515,2416.873133631406,13158565136.364134
2024-03-12 00:00:00+00:00,4673.779706260034,2650.8072320735296,11835255375.519146
2024-03-13 00:00:00+00:00,4573.975895975778,1996.2974402166378,8868349184.438072
2024-03-14 00:00:00+00:00,4579.338623616092,2544.911114142834,11294859606.822935
2024-03-15 00:00:00+00:00,4511.641581289371,2461.611944076317,13622283772.689043
2024-03-16 00:00:00+00:00,4719.084601609016,2297.2028022483487,4402108908.514434
2024-03-17 00:00:00+00:00,5160.434791367977,2816.146276943603,4368348144.447682
2024-03-18 00:00:00+00:00,4577.745570757132,2425.210686527135,8119497467.377284
2024-03-19 00:00:00+00:00,4490.5585514825925,2613.4056569971217,13320837631.182825
2024-03-20 00:00:00+00:00,4678.884122242215,2540.979157954401,11843874977.714344
2024-03-21 00:00:00+00:00,4877.7368507551255,2712.2824393028664,9397076648.661165
2024-03-22 00:00:00+00:00,4586.937859354695,2412.1600478044743,8388905030.734507
2024-03-23 00:00:00+00:00,5325.5255246634215,3354.467351113102,2784952078.8414392
2024-03-24 00:00:00+00:00,3970.6604775767087,2201.5623502733442,2359169584.290928
2024-03-25 00:00:00+00:00,4921.550808479933,2347.171490554736,8370437928.543253
2024-03-26 00:00:00+00:00,4650.848708667656,2296.0202099968947,7761853290.440142
2024-03-27 00:00:00+00:00,4634.628017411749,2463.092043917604,10313528383.413345
2024-03-28 00:00:00+00:00,4694.429644630591,2449.3313286819985,8956459892.329779
2024-03-29 00:00:00+00:00,5281.04046526743,2950.2831127169356,8885170724.922848
2024-03-30 00:00:00+00:00,4882.847310922787,2403.1027406274134,2387640014.418243
2024-03-31 00:00:00+00:00,4910.596055707213,2926.6274618289463,2471628108.715587
2024-04-01 00:00:00+00:00,4742.079271106023,2541.453362243319,11043397176.826403
2024-04-02 00:00:00+00:00,4484.136415653902,2403.223962566106,13321744307.27936
2024-04-03 00:00:00+00:00,4673.611311860446,2276.9212038990067,9685022885.806469
2024-04-04 00:00:00+00:00,4718.356811928706,2399.606365605627,11027594880.865992
2024-04-05 00:00:00+00:00,5145.6628690713305,2181.722895801446,12758865879.248936
2024-04-06 00:00:00+00:00,4813.007018882888,2350.4564210028957,2419901252.9919243
2024-04-07 00:00:00+00:00,5226.888517608876,2630.115534933087,2820744227.7105227
2024-04-08 00:00:00+00:00,4534.432627964607,2424.0756651454944,9326676631.636633
2024-04-09 00:00:00+00:00,5347.704773629694,3470.5454068406716,12994355295.542393
2024-04-10 00:00:00+00:00,4651.827355211631,2557.038703586302,6931340387.424641
2024-04-11 00:00:00+00:00,4599.725771507093,2495.108007906942,6319863127.260653
2024-04-12 00:00:00+00:00,4560.8867081504295,2464.797052281444,12184209876.22131
2024-04-13 00:00:00+00:00,4496.639728649299,2443.906883291438,8167636457.768632
2024-04-14 00:00:00+00:00,5206.862692207247,2691.253880484868,6953732256.336693
2024-04-15 00:00:00+00:00,4898.981194841577,2401.926411543453,9630479123.095661
2024-04-16 00:00:00+00:00,4948.295497549067,2137.8239362144623,10929091009.415003
2024-04-17 00:00:00+00:00,4775.673419339912,2476.8903054514276,10235382687.158188
2024-04-18 00:00:00+00:00,4743.898616583117,2255.6727052548886,10054901536.243996
2024-04-19 00:00:00+00:00,4718.2963317433605,1921.208347599399,14644931199.278994
2024-04-20 00:00:00+00:00,5609.719058561246,3334.130234772409,3975297622.7103252
2024-04-21 00:00:00+00:00,4842.773682381365,2744.8872995643346,3119099103.3412013
2024-04-22 00:00:00+00:00,4748.250704240685,2315.264470521986,9898956872.467796
2024-04-23 00:00:00+00:00,4721.886150968867,2341.737059504593,8178430109.466336
2024-04-24 00:00:00+00:00,4690.3285535827345,2504.858659553113,9219535014.43082
2024-04-25 00:00:00+00:00,4955.03762320862,3031.316147994075,8641981453.345491
2024-04-26 00:00:00+00:00,5007.742082982531,2953.585461535752,6558615908.984433
2024-04-27 00:00:00+00:00,4427.713486258445,2686.7641818352354,2575964485.2907977
2024-04-28 00:00:00+00:00,5901.316368372992,2883.541819402677,1876865346.3683147
2024-04-29 00:00:00+00:00,4788.125257277052,2590.0101029326797,6603129392.918896
2024-04-30 00:00:00+00:00,4666.383489740594,2506.3578523296424,10370088837.822773
2024-05-01 00:00:00+00:00,4781.234050567298,2619.9989335924574,7610698775.603987
2024-05-02 00:00:00+00:00,4771.313338114476,2406.5713930369348,9598794201.876272
2024-05-03 00:00:00+00:00,4719.931168970923,2427.2032396185946,6980022353.682928
2024-05-04 00:00:00+00:00,4502.848718366348,2258.8581460997625,3502783747.8007307
2024-05-05 00:00:00+00:00,5566.395546313985,2780.782563033803,1471981626.5011764
2024-05-06 00:00:00+00:00,5044.0729853101575,2163.785724755976,8378340589.065016
2024-05-07 00:00:00+00:00,4868.007361163887,2558.9762988777684,4914992959.828946
2024-05-08 00:00:00+00:00,4849.528935711802,2572.216543098447,5072734222.248916
2024-05-09 00:00:00+00:00,4789.786784007147,2453.1871246657915,5509758085.022078
2024-05-10 00:00:00+00:00,5309.518571077859,2945.1184961444033,5845948396.969768
2024-05-11 00:00:00+00:00,4874.353844274291,2677.139710965329,1716850305.164231
2024-05-12 00:00:00+00:00,4840.349235306195,2398.3444076751757,990352790.5533459
2024-05-13 00:00:00+00:00,4788.209934133508,2391.369908513094,4883171205.278021
2024-05-14 00:00:00+00:00,4769.421453266513,2218.210545350545,5363196625.817949
2024-05-15 00:00:00+00:00,4530.831676944493,2376.6392091999855,6990622481.788145
2024-05-16 00:00:00+00:00,4934.214580087772,2159.1787653173833,6540103184.385031
2024-05-17 00:00:00+00:00,4457.368442677013,2151.9885791632987,6646848617.203845
2024-05-18 00:00:00+00:00,4558.197647384757,2040.8221395126923,2741244178.72577
2024-05-19 00:00:00+00:00,5017.881060892118,2737.720777991792,1806964319.828908
2024-05-20 00:00:00+00:00,4423.809741301353,2366.337839463275,8804762106.39924
2024-05-21 00:00:00+00:00,5269.703646534967,2303.7574434634485,15407481911.426342
2024-05-22 00:00:00+00:00,4577.155506075783,2218.9386036712453,7425837264.663401
2024-05-23 00:00:00+00:00,4540.808190238705,2343.406399579689,9387824218.839382
2024-05-24 00:00:00+00:00,4879.6519274402945,2562.7628622359416,6655475600.358041
2024-05-25 00:00:00+00:00,5398.1011349561495,1935.9266958671496,1894429110.285365
2024-05-26 00:00:00+00:00,4540.348011131357,1821.496072345516,2073508817.158183
2024-05-27 00:00:00+00:00,5008.816161256486,2469.418767474332,4783748626.580949
2024-05-28 00:00:00+00:00,4581.986586869907,2358.3276045989655,6979153203.013592
2024-05-29 00:00:00+00:00,4637.636016992658,2350.412086264954,6540139387.651736
2024-05-30 00:00:00+00:00,5101.070147886558,2416.4186981032603,7304303116.923656
2024-05-31 00:00:00+00:00,4742.123857705577,2222.4802138181326,6159400772.648353
2024-06-01 00:00:00+00:00,4336.07097277716,1881.3780424401002,1373589222.364458
2024-06-02 00:00:00+00:00,4797.080487413314,2351.8783043405288,1842221843.7603548
2024-06-03 00:00:00+00:00,4732.049379431112,2550.2004974713327,7354986395.834012
2024-06-04 00:00:00+00:00,4728.13542662417,2453.5777230882686,6512150838.145824
2024-06-05 00:00:00+00:00,4563.475186505834,2010.7255800052874,6334063375.711721
2024-06-06 00:00:00+00:00,5160.238877545417,2531.9312903010464,7810799286.941873
2024-06-07 00:00:00+00:00,4797.171577046795,2351.9889110737054,7247230138.132386
2024-06-08 00:00:00+00:00,4699.302770400378,1757.6101596344586,2602929194.502696
2024-06-09 00:00:00+00:00,5626.34664725913,1995.1998851990677,1491030071.577625
2024-06-10 00:00:00+00:00,4751.056111026922,2267.88172268752,4936461262.081153
2024-06-11 00:00:00+00:00,4754.875632352325,2495.0724115191733,7844786700.817652
2024-06-12 00:00:00+00:00,4728.375696546126,2455.3935599817223,6799683565.272596
2024-06-13 00:00:00+00:00,4783.885368491069,2465.530184259368,7147430739.955284
2024-06-14 00:00:00+00:00,4630.083625473765,2356.108997307425,7782460226.515214
2024-06-15 00:00:00+00:00,5274.216940866243,2338.9343915144327,2152828222.6719103
2024-06-16 00:00:00+00:00,4523.311999098773,2090.2308259083907,1371130158.78817
2024-06-17 00:00:00+00:00,4701.325889693748,2562.937800395166,6831330539.612162
2024-06-18 00:00:00+00:00,4766.071813606617,2534.9114647773545,7412003463.171719
2024-06-19 00:00:00+00:00,6571.0693587153055,3299.304615126192,4280177333.444861
2024-06-20 00:00:00+00:00,4768.55133095192,2524.87977955793,5446619571.279261
2024-06-21 00:00:00+00:00,5162.6597645754155,2711.9745998683466,6472622258.937253
2024-06-22 00:00:00+00:00,5268.06049430667,2753.3017846902203,1626124894.6830118
2024-06-23 00:00:00+00:00,5407.80211468891,2945.220759899458,1372907564.5405948
2024-06-24 00:00:00+00:00,4768.361455766924,2716.7629382885475,8245594893.712317
2024-06-25 00:00:00+00:00,4859.777046935192,2505.7225520646475,9608629215.44195
2024-06-26 00:00:00+00:00,5022.936898226254,2752.223538288576,8232325767.592823
2024-06-27 00:00:00+00:00,4989.066954556889,2958.2859270461427,9373292694.829048
2024-06-28 00:00:00+00:00,4864.130266285143,2644.6216403719195,8416743786.557589
2024-06-29 00:00:00+00:00,6250.557283157043,3046.1481428512107,1838542255.051168
2024-06-30 00:00:00+00:00,4354.3033416684975,1970.8379673376642,2493626381.9770207
2024-07-01 00:00:00+00:00,4906.681459320067,2536.6564830808866,8308966574.001371
2024-07-02 00:00:00+00:00,4866.589090214591,2468.93932730208,6706734127.90833
2024-07-03 00:00:00+00:00,4955.262950875479,2771.7010551858402,7139766876.451325
2024-07-04 00:00:00+00:00,5244.97570250753,2908.249052478777,5644654145.269637
2024-07-05 00:00:00+00:00,4791.629087465491,2676.475745581211,12035880546.116488
2024-07-06 00:00:00+00:00,5235.433656188521,3218.5408418525726,2736876967.724573
2024-07-07 00:00:00+00:00,4585.6989624095195,2243.175064955522,1880348381.8558543
2024-07-08 00:00:00+00:00,4829.942685202694,2807.1314655597075,8051019944.13807
2024-07-09 00:00:00+00:00,4888.989150352277,2502.247235280458,6008321029.0260105
2024-07-10 00:00:00+00:00,4906.947253092397,2649.87032722904,6267300684.1479435
2024-07-11 00:00:00+00:00,4873.764468665372,2568.0417558693293,6270255944.8817005
2024-07-12 00:00:00+00:00,4796.963547834389,2478.792435097015,6301625356.731836
2024-07-13 00:00:00+00:00,5248.036770679846,3054.187322853536,1820395102.261842
2024-07-14 00:00:00+00:00,4909.544363860432,1985.739543305912,1420698468.032799
2024-07-15 00:00:00+00:00,4614.7309926600565,2353.5545482497137,8806857243.88356
2024-07-16 00:00:00+00:00,5014.4761691422245,2466.1890418168555,8632835499.977009
2024-07-17 00:00:00+00:00,4897.034018601404,2239.8891412879852,7068217001.724795
2024-07-18 00:00:00+00:00,5266.844625954309,2662.2222057383165,5817576959.23322
2024-07-19 00:00:00+00:00,4866.138745752374,2779.1268399267506,9107453870.17774
2024-07-20 00:00:00+00:00,4632.926312281731,2065.9112378531227,3056005808.255088
2024-07-21 00:00:00+00:00,4559.89839448011,2016.933343343538,3342630001.613966
2024-07-22 00:00:00+00:00,5065.966950384162,2485.3120947332404,6416037336.294965
2024-07-23 00:00:00+00:00,4835.242063545453,2714.382386249718,10727535684.63774
2024-07-24 00:00:00+00:00,4994.772768593262,2696.981269693211,6971525764.690419
2024-07-25 00:00:00+00:00,5093.82708487073,2869.852795453997,5875243919.804609
2024-07-26 00:00:00+00:00,4819.6368946817165,2577.164857916792,6040028157.1326475
2024-07-27 00:00:00+00:00,5621.878696652005,3027.184686273974,2531531615.005662
2024-07-28 00:00:00+00:00,5157.991098058275,2411.7207491954678,1073734712.833326
2024-07-29 00:00:00+00:00,4820.43721346967,2492.967000131859,7719061802.160581
2024-07-30 00:00:00+00:00,5079.142950768338,3097.5372382882774,6335032179.980502
2024-07-31 00:00:00+00:00,5069.9152353953195,2954.580340316192,6843112583.303393
2024-08-01 00:00:00+00:00,4686.310085547362,2483.07177246582,7548861268.425156
2024-08-02 00:00:00+00:00,4831.727058416037,2573.514399095731,6230326283.478476
2024-08-03 00:00:00+00:00,5108.276449361587,2955.438222983426,3287590981.3107567
2024-08-04 00:00:00+00:00,4814.9644146159435,2591.9829461367185,3616053817.924391
2024-08-05 00:00:00+00:00,4306.641088343327,2179.564222357054,16746443340.320183
2024-08-06 00:00:00+00:00,5109.373873063437,2637.074589183454,11745620372.217112
2024-08-07 00:00:00+00:00,4879.159508638714,2278.3049923163476,8815815710.123837
2024-08-08 00:00:00+00:00,4937.9125702677675,2286.6675969608323,7894612773.638885
2024-08-09 00:00:00+00:00,5479.71543292218,3284.2527719258405,9364909988.397776
2024-08-10 00:00:00+00:00,5453.733015237686,2683.219168343071,1540593696.310756
2024-08-11 00:00:00+00:00,5174.720843992392,2619.0721685558483,1354316726.173238
2024-08-12 00:00:00+00:00,4805.2809001976,2382.2047394318247,7883174527.998276
2024-08-13 00:00:00+00:00,5605.472426106481,2003.3054518204654,9624019220.87515
2024-08-14 00:00:00+00:00,5008.558271002327,2574.1419198241883,9192933254.025108
2024-08-15 00:00:00+00:00,5310.96653881553,2535.453096196488,6096521152.095325
2024-08-16 00:00:00+00:00,4971.597334220595,2807.171548498518,7448202448.954864
2024-08-17 00:00:00+00:00,4753.170309246501,1990.361779312983,1757510444.771849
2024-08-18 00:00:00+00:00,5297.129848188796,3005.012132846603,1455438477.415857
2024-08-19 00:00:00+00:00,5411.110414467927,3206.6127919504174,7397915156.313032
2024-08-20 00:00:00+00:00,5170.400784615284,1981.9251534824746,9613665320.276442
2024-08-21 00:00:00+00:00,4844.028394433795,2487.095702193175,6141867156.536458
2024-08-22 00:00:00+00:00,4975.9600933411575,2511.6081208942987,8569487034.517674
2024-08-23 00:00:00+00:00,4800.760331811888,2542.8958062459346,9885940965.311434
2024-08-24 00:00:00+00:00,5229.57746529845,2766.685779288536,3537681547.166892
2024-08-25 00:00:00+00:00,5494.953242732026,2358.622324790757,2189964866.673688
2024-08-26 00:00:00+00:00,4899.624070932226,2266.3449834092617,6655005888.757885
2024-08-27 00:00:00+00:00,4920.5612748803715,2316.233604108062,6727278423.838984
2024-08-28 00:00:00+00:00,5378.122677596727,3022.5325516511894,7726305009.9851675
2024-08-29 00:00:00+00:00,4965.092278746909,2704.475487115865,7657264420.642462
2024-08-30 00:00:00+00:00,4879.863693245039,2474.246561094848,5648077607.454365
2024-08-31 00:00:00+00:00,6288.453865338305,3348.4750412229473,1450308955.4171782
2024-09-01 00:00:00+00:00,5499.047581078585,2951.8989928524406,1475653206.580321
2024-09-02 00:00:00+00:00,6478.077429541917,3384.4097129065794,3622584741.6026845
2024-09-03 00:00:00+00:00,5070.569647555655,2951.49230308141,5860498893.632226
2024-09-04 00:00:00+00:00,4900.870140047234,2561.1279832800683,6650728897.939849
2024-09-05 00:00:00+00:00,5023.253036867477,2772.443363343999,4944885164.90144
2024-09-06 00:00:00+00:00,4722.753494355589,2504.052435091845,7534360448.118848
2024-09-07 00:00:00+00:00,5480.171543389043,2986.0376176831082,2880491966.1966715
2024-09-08 00:00:00+00:00,5294.079125620569,2776.963896463014,1408160266.1253529
2024-09-09 00:00:00+00:00,4920.380337925107,2698.3622569315503,6671675774.944887
2024-09-10 00:00:00+00:00,4883.185473145831,2878.8888300879967,6822519933.841251
2024-09-11 00:00:00+00:00,4907.937486986721,2935.876068725359,5014547058.550716
2024-09-12 00:00:00+00:00,5038.951361706129,2748.2481949309827,4850355426.744953
2024-09-13 00:00:00+00:00,4792.66755346689,2548.1325199185276,7561730873.399575
2024-09-14 00:00:00+00:00,5268.784565237368,2745.4057003693715,2459979473.826156
2024-09-15 00:00:00+00:00,6405.842053430704,4310.393606290171,1763071750.886626
2024-09-16 00:00:00+00:00,5251.134164195938,1994.9250629045373,8748572754.040785
2024-09-17 00:00:00+00:00,4902.03371817297,2646.8793042289217,6315628606.115236
2024-09-18 00:00:00+00:00,4786.3093627074095,2552.9959634169036,5794514441.562577
2024-09-19 00:00:00+00:00,4809.100050535495,2464.4271606350744,8673523402.594746
2024-09-20 00:00:00+00:00,4839.6967515457545,2511.0811668189353,7666110696.489395
2024-09-21 00:00:00+00:00,5674.351857117059,2869.089048037911,1895535310.080014
2024-09-22 00:00:00+00:00,4584.464072385288,2495.4180921529696,2040575841.341672
2024-09-23 00:00:00+00:00,4854.238699016801,2561.3068022365114,6120982554.162872
2024-09-24 00:00:00+00:00,5413.921122965743,3056.887044862763,6291679834.246279
2024-09-25 00:00:00+00:00,4878.2756016266785,2355.4711438614054,5583512197.387548
2024-09-26 00:00:00+00:00,5056.807084454709,2651.3471657496757,6329167986.948945
2024-09-27 00:00:00+00:00,4750.464115743406,2615.2981982822007,8050380392.093374
2024-09-28 00:00:00+00:00,5804.964657974994,3547.3861574785014,1368436293.424282
2024-09-29 00:00:00+00:00,5612.401217754421,2608.2991064646408,1432253701.050895
2024-09-30 00:00:00+00:00,4718.822904731176,2593.2186559541647,10294324520.493776
2024-10-01 00:00:00+00:00,4739.810635906494,2448.7771276015615,9351826216.224157
2024-10-02 00:00:00+00:00,5453.808748892035,3174.4350441416304,7272032261.5822735
2024-10-03 00:00:00+00:00,5060.537763648268,2969.132729595185,5639541865.152328
2024-10-04 00:00:00+00:00,4907.28630952696,2826.3305368414162,7358033664.811286
2024-10-05 00:00:00+00:00,5394.29413561084,3326.7512419851105,1599600318.0983748
2024-10-06 00:00:00+00:00,5090.279659042519,3017.8715451311728,1175296182.6062899
2024-10-07 00:00:00+00:00,4868.081801639917,2749.5368230036675,8700477624.237411
2024-10-08 00:00:00+00:00,5296.257238393959,3501.549559532095,9488587330.545504
2024-10-09 00:00:00+00:00,4808.418766594154,2770.1518490189515,7248824280.3725395
2024-10-10 00:00:00+00:00,4869.2380828122205,2531.665174340474,6047661398.835376
2024-10-11 00:00:00+00:00,4596.46708354184,2414.8652477461683,6710840774.037544
2024-10-12 00:00:00+00:00,5414.980147318692,3518.604168002072,1937920493.485269
2024-10-13 00:00:00+00:00,5534.953851597396,2862.2601275420625,1449747429.539055
2024-10-14 00:00:00+00:00,4964.915088398912,2554.23856647872,6531850980.268695
2024-10-15 00:00:00+00:00,4876.189020286673,2669.017763858706,9143383770.104012
2024-10-16 00:00:00+00:00,5249.661612393112,3566.722699867157,11924796268.470167
2024-10-17 00:00:00+00:00,5145.141845039306,2316.304152276261,7590878846.554241
2024-10-18 00:00:00+00:00,4994.654227032723,2568.915466324359,6033264308.492595
2024-10-19 00:00:00+00:00,5919.24974132077,3456.702861390369,1950515183.506396
2024-10-20 00:00:00+00:00,5776.311851362567,2922.2218036395266,1377392750.855199
2024-10-21 00:00:00+00:00,4808.967357481953,2629.0187478722755,9069923528.79731
2024-10-22 00:00:00+00:00,5564.140861824378,2721.5905367161818,6904453479.333272
2024-10-23 00:00:00+00:00,4973.090558441849,2925.124928543687,10160219683.48425
2024-10-24 00:00:00+00:00,5242.77175176189,3368.508988690542,8194939464.129419
2024-10-25 00:00:00+00:00,4774.524812720751,2952.598776075137,11463999012.182936
2024-10-26 00:00:00+00:00,6189.342385188371,4198.940787725095,3812537910.861052
2024-10-27 00:00:00+00:00,6133.581138635989,3828.98423627255,1795627605.924911
2024-10-28 00:00:00+00:00,5147.954311521474,2858.486588913159,7331336102.613214
2024-10-29 00:00:00+00:00,4863.100542421876,2580.9423822921876,9776631198.51853
2024-10-30 00:00:00+00:00,4960.813606681993,2433.9940151548644,7368450644.933468
2024-10-31 00:00:00+00:00,4701.617943378885,2484.772003331743,8779275474.719389
2024-11-01 00:00:00+00:00,4771.020830475811,2630.497140930662,8932040624.704525
2024-11-02 00:00:00+00:00,6250.552107892063,3425.1738042422935,1657544739.683958
2024-11-03 00:00:00+00:00,6045.607363932204,3065.4664161667315,1746297021.200552
2024-11-04 00:00:00+00:00,5211.314525333502,2577.1417115788204,8016808506.322543
2024-11-05 00:00:00+00:00,4931.716796759684,2856.2725540594515,8449909129.65252
2024-11-06 00:00:00+00:00,5489.193900068048,2546.616435243471,31660544886.399376
2024-11-07 00:00:00+00:00,4817.089248978563,2761.5780496313296,15255945549.01842
2024-11-08 00:00:00+00:00,5225.098110898455,2322.430344578491,18400005552.892834
2024-11-09 00:00:00+00:00,5156.899731415471,2244.9482890475783,8423538545.47625
2024-11-10 00:00:00+00:00,5436.777419937087,2517.7946684714093,7310716747.365634
2024-11-11 00:00:00+00:00,5931.579727027055,2255.4277008016124,19147334455.793297
2024-11-12 00:00:00+00:00,6243.751432805014,4313.662926397001,34375921728.34334
2024-11-13 00:00:00+00:00,5170.072917450467,2289.6326324537968,20968483508.517303
2024-11-14 00:00:00+00:00,4956.845677134583,2012.8121620520053,16641277012.769648
2024-11-15 00:00:00+00:00,4926.56026954685,2970.147239666082,13401515169.842735
2024-11-16 00:00:00+00:00,5032.8938735801785,2334.9101469359293,5277800168.514539
2024-11-17 00:00:00+00:00,5021.027697866333,2396.74589905987,3482422521.6565547
2024-11-18 00:00:00+00:00,6243.483550554607,2591.3329270981912,19527186386.953556
2024-11-19 00:00:00+00:00,6699.259121542802,3951.9066871781997,22975947083.650185
2024-11-20 00:00:00+00:00,5220.420866774682,2247.2909654987566,20150003629.76831
2024-11-21 00:00:00+00:00,4850.14827971178,2432.3867674721255,16905400091.008123
2024-11-22 00:00:00+00:00,4960.857185782224,2145.4065314341983,22582306351.751514
2024-11-23 00:00:00+00:00,6297.966887024935,2525.2780864753245,15050798065.036991
2024-11-24 00:00:00+00:00,5837.984324641563,2391.610596988997,5757885825.757019
2024-11-25 00:00:00+00:00,4899.757159094189,2579.9958662452564,15333695688.59663
2024-11-26 00:00:00+00:00,4822.987484262377,3005.4862621149973,12902299127.630072
2024-11-27 00:00:00+00:00,4751.554913816797,2381.202984142838,17254820350.956745
2024-11-28 00:00:00+00:00,5325.1318738597365,2476.806450997146,8863644139.796711
2024-11-29 00:00:00+00:00,5076.925430433595,2011.0533506730778,15575813294.956568
2024-11-30 00:00:00+00:00,4704.851183951229,2236.054087659634,4068447148.827936
2024-12-01 00:00:00+00:00,5915.535047820435,2680.8710786405677,4579471720.990889
2024-12-02 00:00:00+00:00,5335.059072321351,2080.3496518980664,17228093830.20701
2024-12-03 00:00:00+00:00,6088.263761200758,3333.494565255801,21535419528.38118
2024-12-04 00:00:00+00:00,5104.734976137344,2392.5562414213664,17667983135.762703
2024-12-05 00:00:00+00:00,5162.408756349042,2325.7448541504564,25379498520.525814
2024-12-06 00:00:00+00:00,5233.432000686737,1989.8734053091168,21908448658.642242
2024-12-07 00:00:00+00:00,6867.4056158989215,3771.2574572865838,11216020147.0405
2024-12-08 00:00:00+00:00,4828.21913720094,2575.5233671268015,7228471889.908479
2024-12-09 00:00:00+00:00,4923.7187044456205,2758.4286171014933,16182671536.028557
2024-12-10 00:00:00+00:00,5293.091905104222,2401.746445440538,15395600979.922676
2024-12-11 00:00:00+00:00,5094.202217374143,2075.4586173778603,20346544085.678814
2024-12-12 00:00:00+00:00,5259.283481848751,2015.8914310530938,14407596302.537336
2024-12-13 00:00:00+00:00,5098.476120636046,3214.2167345460225,14830160815.902182
2024-12-14 00:00:00+00:00,6057.248521482657,2966.79687195509,3670243323.9856143
2024-12-15 00:00:00+00:00,5614.740900631911,3349.5563422910445,4254814729.6443925
2024-12-16 00:00:00+00:00,4908.511100574188,2810.1119200092744,13823468886.129263
2024-12-17 00:00:00+00:00,5141.530078884473,2519.8591542462973,12391032070.200014
2024-12-18 00:00:00+00:00,5629.357322576621,3072.080229640018,11671768673.679653
2024-12-19 00:00:00+00:00,5199.728842454122,2645.2124567154397,14980362654.34659
2024-12-20 00:00:00+00:00,4784.36496328961,2784.3798785445747,20452246244.05609
2024-12-21 00:00:00+00:00,4983.237245100607,2467.6071390284715,4678541589.4002495
2024-12-22 00:00:00+00:00,5273.723831377718,3028.0262624696084,3680741903.8963504
2024-12-23 00:00:00+00:00,4929.7214180658275,2792.653755781345,13001490089.624144
2024-12-24 00:00:00+00:00,5077.5216858000595,2853.67626542662,10154620906.213346
2024-12-25 00:00:00+00:00,5368.181285828251,2705.132602577487,3348680831.963965
2024-12-26 00:00:00+00:00,4716.357845271502,2539.715561394905,8557292762.208995
2024-12-27 00:00:00+00:00,4899.678935126391,2246.881691888872,9446360126.705502
2024-12-28 00:00:00+00:00,5657.566027846414,2678.3658029387993,2884898481.723938
2024-12-29 00:00:00+00:00,6953.69695571368,4905.209124013831,3455855441.5554886
2024-12-30 00:00:00+00:00,4727.595116601664,2881.8561199409573,13846348942.992105
2024-12-31 00:00:00+00:00,4741.466732867324,2604.8392880054284,10055794471.264101
2025-01-01 00:00:00+00:00,5086.204258395757,3437.223413713236,7565464677.513596
2025-01-02 00:00:00+00:00,4812.870157895716,2388.0958720259337,9971608599.412838
2025-01-03 00:00:00+00:00,4886.606557276207,2828.2868392080936,11702480986.33948
2025-01-04 00:00:00+00:00,4812.588389976128,2490.1473404870057,2628567474.461708
2025-01-05 00:00:00+00:00,5044.391451583653,2467.0465129261033,2066402782.64479
2025-01-06 00:00:00+00:00,4975.277494499032,2972.8708319532243,12038895650.615545
2025-01-07 00:00:00+00:00,4793.2884029031065,2457.3548673877135,14345916936.190166
2025-01-08 00:00:00+00:00,4805.545865129859,2567.5925326784177,10509435462.29081
2025-01-09 00:00:00+00:00,4872.1140228246695,2508.00052985216,8386527795.588014
2025-01-10 00:00:00+00:00,4683.986647271833,2575.4692155079247,6926469793.807803
2025-01-11 00:00:00+00:00,6150.018378722028,3548.1491289986984,2333772746.28188
2025-01-12 00:00:00+00:00,6561.4429095251135,2957.747338200234,1753831441.1841612
2025-01-13 00:00:00+00:00,4777.9133337485055,2806.8827198886434,10661656678.838425
2025-01-14 00:00:00+00:00,4697.177871973191,2502.7871820991345,6960914021.9713125
2025-01-15 00:00:00+00:00,5173.551778349727,3510.8876813947713,12016144145.854156
2025-01-16 00:00:00+00:00,4839.666270378508,2562.9313770494464,10189685118.640203
2025-01-17 00:00:00+00:00,4805.95390959666,2654.3046281049164,13599367404.86384
2025-01-18 00:00:00+00:00,4978.838653287017,2772.02337412888,8591824350.52174
2025-01-19 00:00:00+00:00,5345.566920966617,3322.0688495242407,18116531409.719112
2025-01-20 00:00:00+00:00,5004.517886903278,3038.647312491545,22080392960.20353
2025-01-21 00:00:00+00:00,4948.506230855999,2792.26746778436,26321243860.069023
2025-01-22 00:00:00+00:00,4826.443353839399,2451.1716231386313,12329015316.016289
2025-01-23 00:00:00+00:00,4655.820710419778,2401.711454411794,14330693052.687986
2025-01-24 00:00:00+00:00,4887.263653481794,2840.587481806395,11113083913.351347
2025-01-25 00:00:00+00:00,6151.762685863958,3709.9174656283117,3600108097.758762
2025-01-26 00:00:00+00:00,5095.232184876776,2773.9007586594726,3086269284.1681237
2025-01-27 00:00:00+00:00,5030.223769711699,2892.837073631692,14866580102.030901
2025-01-28 00:00:00+00:00,5273.121264686472,3338.3139239724233,7719737011.041452
2025-01-29 00:00:00+00:00,4990.025631073709,2996.1569942682722,7587516611.640644
2025-01-30 00:00:00+00:00,4841.417125299471,2644.2474967522385,8814980846.562004
2025-01-31 00:00:00+00:00,4794.327868533051,2891.427699411493,11302717831.090128
2025-02-01 00:00:00+00:00,6479.68017744004,4661.254537591152,3784792283.5084724
2025-02-02 00:00:00+00:00,5784.1863387188405,4192.488078786602,5208202968.9974165
2025-02-03 00:00:00+00:00,4745.981720841007,2954.227839015002,25176064026.80944
2025-02-04 00:00:00+00:00,4876.9874965550525,2888.57857641352,15483720888.569244
2025-02-05 00:00:00+00:00,5475.322979752074,2716.374697262175,10412045036.521553
2025-02-06 00:00:00+00:00,5446.310177277552,2551.9374897895505,9482810573.135513
2025-02-07 00:00:00+00:00,5170.881100551154,3219.5879757149446,13182348866.774366
2025-02-08 00:00:00+00:00,4908.191227379177,3295.8128886961795,5404437171.702843
2025-02-09 00:00:00+00:00,5428.178773483704,3742.5209346678025,3118078133.3193727
2025-02-10 00:00:00+00:00,4959.808548559572,2827.4367551069604,10873218666.001717
2025-02-11 00:00:00+00:00,4888.897491944387,2656.3725624136637,9694385409.862677
2025-02-12 00:00:00+00:00,5116.010377582489,3546.6299745333804,15400212581.503374
2025-02-13 00:00:00+00:00,5288.121454776354,3348.0988996826068,9907308641.326937
2025-02-14 00:00:00+00:00,4877.870555087625,2701.5376933947346,8603359098.024815
2025-02-15 00:00:00+00:00,5599.680243278833,3459.1227347048525,2951322192.595534
2025-02-16 00:00:00+00:00,4876.221758283893,3013.5050298292585,2411390550.038015
2025-02-17 00:00:00+00:00,5744.64108741834,3142.632810336022,4550148714.403022
2025-02-18 00:00:00+00:00,4859.727982498672,2666.19323954959,11303237020.837776
2025-02-19 00:00:00+00:00,4879.611260312477,2476.1687846561613,9782024273.541231
2025-02-20 00:00:00+00:00,4865.279241354066,2771.064296415453,9777526372.122036
2025-02-21 00:00:00+00:00,4834.1916306749845,2634.7286258119284,15823991939.165133
2025-02-22 00:00:00+00:00,6666.756030878687,2957.480874378036,10982151321.215975
2025-02-23 00:00:00+00:00,5914.142576372401,4202.107909207892,5518843428.510754
2025-02-24 00:00:00+00:00,4885.385848071586,2775.965050459084,13764183677.18395
2025-02-25 00:00:00+00:00,4834.353002098933,2986.028764842134,18508494827.067123
2025-02-26 00:00:00+00:00,5287.474640118586,3734.1025079967685,17044377815.984413
2025-02-27 00:00:00+00:00,5108.262132237457,2423.8779330277584,14373589134.226147
2025-02-28 00:00:00+00:00,5116.233977281483,2404.443943054783,26133879565.667515
2025-03-01 00:00:00+00:00,6127.014943288475,3735.9487355706588,4266381236.9943914
2025-03-02 00:00:00+00:00,5597.158474529534,2680.2260696806497,8743431860.596157
2025-03-03 00:00:00+00:00,4926.604321915013,2953.7273648887085,12167794937.194693
2025-03-04 00:00:00+00:00,4988.905884515091,2771.5468747536383,10724809495.376503
2025-03-05 00:00:00+00:00,4937.023071521844,2625.821304595952,9179458395.867489
2025-03-06 00:00:00+00:00,5152.718961052378,2885.569056978934,9595686828.19917
2025-03-07 00:00:00+00:00,4914.083351315126,2801.4041309460868,11011790530.261679
2025-03-08 00:00:00+00:00,6743.626129751741,3545.886113101422,1845901939.217655
2025-03-09 00:00:00+00:00,5427.420679586918,3367.4116728085323,2653632363.5474725
2025-03-10 00:00:00+00:00,5077.566157005897,3126.036565553644,14664633535.573004
2025-03-11 00:00:00+00:00,5650.273059571222,2711.489057164774,9644675929.649647
2025-03-12 00:00:00+00:00,4576.390703002148,2180.177351110535,10767708560.776995
2025-03-13 00:00:00+00:00,4947.678147284428,2711.581879876142,10786471597.460833
2025-03-14 00:00:00+00:00,4925.3346375288675,2727.923469271899,10892630143.91177
2025-03-15 00:00:00+00:00,5047.215553675985,3219.7676281142635,4108622269.091011
2025-03-16 00:00:00+00:00,5226.358597520694,3645.348214925596,2633864210.276148
2025-03-17 00:00:00+00:00,4964.145899140884,2600.2298777387796,8084364348.683043
2025-03-18 00:00:00+00:00,5014.4951228709615,2808.573738718531,7472009175.472339
2025-03-19 00:00:00+00:00,4953.7100775848585,2318.469907475289,13373136800.049
2025-03-20 00:00:00+00:00,4873.1294028705,2880.279288771595,11168477983.57506
2025-03-21 00:00:00+00:00,4947.555699483245,2973.002369584084,12916577607.84674
2025-03-22 00:00:00+00:00,5473.36238063815,3422.975782019364,2176167017.331869
2025-03-23 00:00:00+00:00,5536.940191459434,4636.931035710966,2598040417.387182
2025-03-24 00:00:00+00:00,4930.246390787585,3092.3363054619576,16065137375.92438
2025-03-25 00:00:00+00:00,5459.533267148803,3013.722497272094,12259986031.913393
2025-03-26 00:00:00+00:00,4946.243148585899,2528.8151556114813,8710733245.241055
2025-03-27 00:00:00+00:00,4902.311534269501,2990.8869532823596,8703320740.619745
2025-03-28 00:00:00+00:00,4932.360329478061,3107.061194221942,13294356544.225607
2025-03-29 00:00:00+00:00,6629.857199842881,5122.718387901288,3615480735.3501596
2025-03-30 00:00:00+00:00,6060.436522925746,2847.4585654724965,3093711819.360302
2025-03-31 00:00:00+00:00,5169.730632765928,3599.0609607600395,10594566810.91034
2025-04-01 00:00:00+00:00,5028.027921259563,3437.791809645602,8029805878.432762
2025-04-02 00:00:00+00:00,4942.897405918181,3025.754615249795,9373802939.189703
2025-04-03 00:00:00+00:00,4922.390055664175,2694.1135057980046,8815753592.92452
2025-04-04 00:00:00+00:00,4930.828495948806,3202.6014106397024,9282220661.873425
2025-04-05 00:00:00+00:00,5587.283783877554,4106.085915243663,1376174866.7158608
2025-04-06 00:00:00+00:00,5456.671850315387,2745.5523192939977,2488196814.865002
2025-04-07 00:00:00+00:00,5080.2232307707145,3323.069731800337,13420967890.945791
2025-04-08 00:00:00+00:00,4969.803725980469,3032.500394508821,12332083018.790228
2025-04-09 00:00:00+00:00,4902.030809577974,3054.9150409340646,12990233728.427965
2025-04-10 00:00:00+00:00,4912.3641228457955,2931.3473234285393,9569365349.687973
2025-04-11 00:00:00+00:00,4938.789431611025,2913.8947665148867,8981085352.781096
2025-04-12 00:00:00+00:00,7922.029631710433,4385.014829730711,7727019175.476452
2025-04-13 00:00:00+00:00,7657.713835438172,6482.856000763782,4149151308.8744435
2025-04-14 00:00:00+00:00,4948.6465919131415,3278.5896411848853,9032366400.223574
2025-04-15 00:00:00+00:00,4959.277450895639,3235.284986561367,8906376572.85881
2025-04-16 00:00:00+00:00,4992.942573031241,2818.144081211244,7398174672.321689
2025-04-17 00:00:00+00:00,4791.657516897279,2735.485647218673,7766931366.158913
2025-04-18 00:00:00+00:00,4907.505615584529,2588.580695721346,5625056336.402016
2025-04-19 00:00:00+00:00,5224.179166865714,3638.5764947687626,1387883326.6753368
2025-04-20 00:00:00+00:00,4769.485621539212,3153.1550856718454,1361754722.95286
2025-04-21 00:00:00+00:00,5851.643640902809,2785.7477103017736,13381668432.931824
2025-04-22 00:00:00+00:00,4915.228840211259,2898.937386806084,19023472676.420918
2025-04-23 00:00:00+00:00,4961.040178688147,2842.6324254278907,15061313066.510952
2025-04-24 00:00:00+00:00,4918.918553653347,2476.690203489396,13918693511.4617
2025-04-25 00:00:00+00:00,4934.983977269859,2900.8268426596132,16412319454.27961
2025-04-26 00:00:00+00:00,4976.208085148249,2727.728172703018,6196258265.625746
2025-04-27 00:00:00+00:00,4962.233157983874,3372.0984010541224,3707079855.41164
2025-04-28 00:00:00+00:00,5040.01590774815,2514.7955569133546,12495021504.367794
2025-04-29 00:00:00+00:00,5795.423358051406,2307.152952123524,13515291864.459433
2025-04-30 00:00:00+00:00,4893.505329058835,2518.86462083197,8962885447.024616
2025-05-01 00:00:00+00:00,4914.466983078144,2679.1923149977847,8806725401.892653
2025-05-02 00:00:00+00:00,4979.468938458611,2202.2198356806143,7906427531.220576
2025-05-03 00:00:00+00:00,5888.871031666913,2393.305297522184,2374771760.135368
2025-05-04 00:00:00+00:00,6066.370109808498,2976.3087671958324,2060660936.490797
2025-05-05 00:00:00+00:00,4972.733458011051,2916.4842682279195,8807195476.141954
2025-05-06 00:00:00+00:00,4964.230760222606,2981.640383867818,10624335984.87022
2025-05-07 00:00:00+00:00,5100.34228301343,2466.9668260574085,9150102641.585878
2025-05-08 00:00:00+00:00,5117.049105136629,3172.7624986480173,14918716742.789055
2025-05-09 00:00:00+00:00,4906.263765465868,3108.309007311387,15665577684.468452
2025-05-10 00:00:00+00:00,4976.48243042815,3452.5994645774617,3270006916.7002344
2025-05-11 00:00:00+00:00,6242.615523184252,4056.699427257055,3216185664.603932
2025-05-12 00:00:00+00:00,4876.3867432656425,2810.9369498320552,11094093096.224033
2025-05-13 00:00:00+00:00,4933.066092913899,3077.8339980939477,10889908278.777863
2025-05-14 00:00:00+00:00,4897.187807934556,3035.6455454520287,10142907406.157906
2025-05-15 00:00:00+00:00,4936.031896799251,2684.0060598217237,15982955204.898275
2025-05-16 00:00:00+00:00,5184.927218087076,3505.6761742362096,11806563640.776833
2025-05-17 00:00:00+00:00,6294.266636907451,4462.164818543752,3094269735.517378
2025-05-18 00:00:00+00:00,4887.178293232932,3134.0637898862,2733554901.0434046
2025-05-19 00:00:00+00:00,5007.987888251551,3069.0766245928053,8307755059.716923
2025-05-20 00:00:00+00:00,5437.0341126168205,3452.4606169169833,10792435219.29231
2025-05-21 00:00:00+00:00,4955.990716335725,2343.019578448833,19452778549.931583
2025-05-22 00:00:00+00:00,4855.107557238219,2875.1986456728278,12165288163.732342
2025-05-23 00:00:00+00:00,4821.689894469147,2629.210090813463,13104369762.399418
2025-05-24 00:00:00+00:00,5627.466036305163,2864.708440908077,2139924159.7148268
2025-05-25 00:00:00+00:00,5291.200079088856,3206.285453376851,2498831639.72225
2025-05-26 00:00:00+00:00,6017.436492756754,3381.870489307982,6351954101.678884
2025-05-27 00:00:00+00:00,4941.81783951497,2688.012838714372,10648593497.939049
2025-05-28 00:00:00+00:00,4924.502886865131,3023.1608715275283,7531509801.158683
2025-05-29 00:00:00+00:00,4878.282526943215,2813.359083964657,8957439022.036943
2025-05-30 00:00:00+00:00,4911.258513313061,2949.5231929754673,9210033870.575798
2025-05-31 00:00:00+00:00,6120.416356504772,2346.4315971483034,2602985320.857683
2025-06-01 00:00:00+00:00,6829.930389324257,4213.178271328101,2046661535.0302
2025-06-02 00:00:00+00:00,4946.814826791819,2563.109960236795,9024518688.455593
2025-06-03 00:00:00+00:00,4883.273048137637,2449.8603225556953,11722577836.793852
2025-06-04 00:00:00+00:00,4831.218606177522,2367.6602626046288,6394106374.856183
2025-06-05 00:00:00+00:00,4978.341902828577,3022.1998905407336,10362370641.697048
2025-06-06 00:00:00+00:00,4937.783714161226,2541.743097260782,11095572711.894289
2025-06-07 00:00:00+00:00,6691.494812062938,2424.7777474541076,3503402850.610219
2025-06-08 00:00:00+00:00,6264.361133727518,2707.2270331993404,2175192352.893335
2025-06-09 00:00:00+00:00,5895.0729976397,2856.012780895899,12577186146.096504
2025-06-10 00:00:00+00:00,5249.346216154054,2904.4326002393263,9596091016.082985
2025-06-11 00:00:00+00:00,4857.453001367848,2814.22512874497,9260454460.564571
2025-06-12 00:00:00+00:00,5036.120167594943,3292.4171725923634,8179767339.958208
2025-06-13 00:00:00+00:00,4908.537802287621,2675.8201700178065,11248256060.581587
2025-06-14 00:00:00+00:00,6756.986077931931,4567.58913040303,2126924691.038383
2025-06-15 00:00:00+00:00,5392.857189142751,3393.964627711197,2238202785.48119
2025-06-16 00:00:00+00:00,4904.221971193053,2863.7523570597405,8949726978.294676
2025-06-17 00:00:00+00:00,4841.849131227173,2790.057856186613,8210589488.341233
2025-06-18 00:00:00+00:00,5415.519030484621,2159.4513981065065,9309430653.642475
2025-06-19 00:00:00+00:00,5518.01340480849,3243.7577873184973,4244863053.0848107
2025-06-20 00:00:00+00:00,4928.338329753117,2892.852516154896,8628820758.10402
2025-06-21 00:00:00+00:00,5618.205158142843,2594.942675562862,2955557508.811224
2025-06-22 00:00:00+00:00,6138.322539829536,4707.491770555324,4950311970.533069
2025-06-23 00:00:00+00:00,5138.10276116562,2235.2478062458927,11614920663.40114
2025-06-24 00:00:00+00:00,5001.205068076487,2644.5583338154293,11905619344.956043
2025-06-25 00:00:00+00:00,5550.461422589175,3423.35025091255,10930996835.538706
2025-06-26 00:00:00+00:00,5040.862274324352,2596.0087808951007,8492924793.036323
2025-06-27 00:00:00+00:00,5125.269118174657,2767.861656517758,8032368716.24806
2025-06-28 00:00:00+00:00,6431.706675664222,2741.37521360543,1671234009.792001
2025-06-29 00:00:00+00:00,5276.887643107477,2280.0319296506764,1561766391.951546
2025-06-30 00:00:00+00:00,4992.359074164238,2969.5177797392635,8366402888.271763
2025-07-01 00:00:00+00:00,4994.841585898194,2205.683437831553,6374858153.677947
2025-07-02 00:00:00+00:00,5002.001276034507,2500.5220408025657,10507726677.976303
2025-07-03 00:00:00+00:00,5067.105243079735,2049.040149455695,12465691115.811838
2025-07-04 00:00:00+00:00,6030.045654008283,2787.2970176390804,5497397219.265983
2025-07-05 00:00:00+00:00,4903.353817094664,2335.3027495045753,1778493610.6368709
2025-07-06 00:00:00+00:00,5072.993525659106,3037.9307123041945,2151585357.584227
2025-07-07 00:00:00+00:00,4917.280554453334,2514.086486398368,8464409108.8764715
2025-07-08 00:00:00+00:00,4968.138773711519,2665.1920468947383,5477012030.310531
2025-07-09 00:00:00+00:00,4980.813228337291,2962.833340559766,11535173358.803865
2025-07-10 00:00:00+00:00,4931.171558149769,2679.45020190639,14826851547.004791
2025-07-11 00:00:00+00:00,5043.433421199242,2902.39507244738,14400841507.379515
2025-07-12 00:00:00+00:00,5135.955372530778,2902.4745163550488,4430421674.943926
2025-07-13 00:00:00+00:00,5017.785507544719,2876.3060890967945,3750899223.434106
2025-07-14 00:00:00+00:00,4952.375089910064,3240.438419516953,15534216838.49627
2025-07-15 00:00:00+00:00,5122.91656639044,2834.947754110382,16076733726.190369
2025-07-16 00:00:00+00:00,5241.5857223638795,2442.963120158099,21967559093.901855
2025-07-17 00:00:00+00:00,5782.967456431946,3255.475535191175,32760538913.517166
2025-07-18 00:00:00+00:00,4997.396403896263,3072.7718961106775,27888773045.122673
2025-07-19 00:00:00+00:00,5312.579680008836,2566.521308771025,7730653295.576785
2025-07-20 00:00:00+00:00,5428.233910075492,3568.706107209208,4395253274.420892
2025-07-21 00:00:00+00:00,4949.584855046328,2833.764680039358,14126771029.405888
2025-07-22 00:00:00+00:00,4949.102368426584,2505.207631896698,12491333035.972134
2025-07-23 00:00:00+00:00,5018.797304692501,2647.3839924937897,12803084000.610943
2025-07-24 00:00:00+00:00,5430.809308248031,2168.916510526391,21382910295.09336
2025-07-25 00:00:00+00:00,4976.909801286759,2682.1621075040434,26418003222.13875
2025-07-26 00:00:00+00:00,5124.219422095492,2581.782323965547,5676592242.628983
2025-07-27 00:00:00+00:00,5552.13529321477,3795.657668656069,3862365892.6235967
2025-07-28 00:00:00+00:00,4945.97088079639,2774.0570115938226,13878375240.249958
2025-07-29 00:00:00+00:00,5034.426808477688,2969.5154461963834,15571439280.639584
2025-07-30 00:00:00+00:00,4978.402495346727,3304.7905868031808,11738857168.33331
2025-07-31 00:00:00+00:00,4952.153764979033,2803.1703643336405,14602801236.261003
2025-08-01 00:00:00+00:00,4935.916549777622,3016.4151418101296,15168186977.74091
2025-08-02 00:00:00+00:00,5141.234018433379,3435.098215136579,4006184571.68166
2025-08-03 00:00:00+00:00,4765.768468349254,3046.3442803008847,3925559442.122621
2025-08-04 00:00:00+00:00,5033.2650631078595,2856.5964449250196,13155558563.381607
2025-08-05 00:00:00+00:00,4990.163336560022,2934.286632272288,11491253100.223766
2025-08-06 00:00:00+00:00,5021.550574109355,3417.1503379039273,10943777591.86271
2025-08-07 00:00:00+00:00,5477.060924260675,2665.553146687582,11258512257.005993
2025-08-08 00:00:00+00:00,5599.112322248237,2922.8317781854685,13060350970.517931
2025-08-09 00:00:00+00:00,4678.855047366335,2466.9894022524068,4387571187.454785
2025-08-10 00:00:00+00:00,5123.9832784453465,2564.29984312446,3956073288.68152
2025-08-11 00:00:00+00:00,5971.215357400465,3018.1327374794682,13067229768.226797
2025-08-12 00:00:00+00:00,5536.5375093437615,2779.8764094924422,12158267875.283968
2025-08-13 00:00:00+00:00,5697.801465373553,2907.4243685929428,15107939983.070906
2025-08-14 00:00:00+00:00,4958.080227923036,2342.9635112844094,28387426543.911423
2025-08-15 00:00:00+00:00,5008.692380917783,2239.3996327984414,19496019405.58062
2025-08-16 00:00:00+00:00,5046.949252214739,2159.354277155276,6329010344.6255665
2025-08-17 00:00:00+00:00,5154.374941142788,2723.727805866657,5362073962.2856455
2025-08-18 00:00:00+00:00,4955.685161664036,2234.122182468988,11645198560.531857
2025-08-19 00:00:00+00:00,5006.884657662415,2593.26086566943,12189093070.71789
2025-08-20 00:00:00+00:00,5070.690671870387,2281.383446118529,13612023141.873524
2025-08-21 00:00:00+00:00,5154.4532435817055,2525.803559616594,9369215289.410498
2025-08-22 00:00:00+00:00,5615.808386787618,2891.9141228946796,24127488481.27533
2025-08-23 00:00:00+00:00,4899.531531940779,3006.475796874964,5535492455.022913
2025-08-24 00:00:00+00:00,4845.737295972049,2925.868130407549,5391086276.0887
2025-08-25 00:00:00+00:00,5129.131746501267,2668.9711288756425,14835535453.66319
2025-08-26 00:00:00+00:00,6014.312089078743,3089.7859243776397,15137883370.943535
2025-08-27 00:00:00+00:00,4956.570563444946,2226.093073975451,12772304470.918983
2025-08-28 00:00:00+00:00,5060.504079011828,2343.9561588086026,18747469674.066288
2025-08-29 00:00:00+00:00,5341.198673167728,2926.2995488005604,17826540871.015026
2025-08-30 00:00:00+00:00,5558.621170391227,2862.7461904247734,6404629979.352771
2025-08-31 00:00:00+00:00,4950.1632586455635,3106.097095792544,3139397170.6751523
2025-09-01 00:00:00+00:00,5049.3831555319375,2647.138637318266,8760983420.719166
2025-09-02 00:00:00+00:00,5023.132147065766,2332.1339708503688,13134207398.789078
2025-09-03 00:00:00+00:00,5214.233008524097,2845.8921505838894,11914400135.663538
2025-09-04 00:00:00+00:00,6280.752831530892,2805.153036866612,19511241931.27355
2025-09-05 00:00:00+00:00,5007.40347018646,2494.5483363071803,9626382096.850712
2025-09-06 00:00:00+00:00,5256.709234515952,3635.207259084329,2480699917.662284
2025-09-07 00:00:00+00:00,4751.01262027016,2592.803296194146,1675266192.8841999
2025-09-08 00:00:00+00:00,5115.970903465101,2705.900139564969,10218785194.899746
2025-09-09 00:00:00+00:00,5125.103220523957,2604.123614407763,8593463229.853071
2025-09-10 00:00:00+00:00,5278.544803690305,2718.4917011491834,9700098401.653822
2025-09-11 00:00:00+00:00,5450.654775205215,2858.2675609784505,10422584888.689442
2025-09-12 00:00:00+00:00,5303.75648755554,2674.2203242745477,16889223217.509668
2025-09-13 00:00:00+00:00,4911.256882632326,2729.611883005032,4846409433.122882
2025-09-14 00:00:00+00:00,5306.49693834488,2515.0343689165015,6034868704.198701
2025-09-15 00:00:00+00:00,4915.756400047284,3233.5401716910224,13257010264.449526
2025-09-16 00:00:00+00:00,5866.434414166061,2846.0498035234027,22142225100.589615
2025-09-17 00:00:00+00:00,4974.820052074061,3068.167018075144,8207006850.255115
2025-09-18 00:00:00+00:00,6466.02260043031,3364.032833545662,15399993234.684689
2025-09-19 00:00:00+00:00,4930.653612956183,2393.816352001176,11195359684.500307
2025-09-20 00:00:00+00:00,5082.333023133457,3336.5754451049215,4086909020.846094
2025-09-21 00:00:00+00:00,5912.05398516578,5150.0653675888825,7257682952.508204
2025-09-22 00:00:00+00:00,5110.090107011867,2728.12898459023,16943246545.350714
2025-09-23 00:00:00+00:00,4882.723686412452,3023.2988726110975,10340165665.864292
2025-09-24 00:00:00+00:00,5388.481800138182,3061.9320147417066,13823398717.961584
2025-09-25 00:00:00+00:00,5068.167626857187,2803.5560688175465,15777447551.678415
2025-09-26 00:00:00+00:00,5004.664105581108,3469.2800197795086,15927303361.786108
2025-09-27 00:00:00+00:00,6579.9036907824475,3494.729039449007,4820327309.135614
2025-09-28 00:00:00+00:00,4818.467402767792,4024.3055121563575,2317421462.7744093
2025-09-29 00:00:00+00:00,5251.008216757212,3016.8997303239425,12104157423.712986
2025-09-30 00:00:00+00:00,5506.522623852547,3175.5696301456433,11923529218.774147
2025-10-01 00:00:00+00:00,4964.196059036934,3425.0616053133654,12384701720.43344
2025-10-02 00:00:00+00:00,5004.645414551816,2568.7972617961955,14088050074.524607
2025-10-03 00:00:00+00:00,5997.6659822425245,3168.373856150229,13576006491.60855
2025-10-04 00:00:00+00:00,5604.445045534018,4567.246637361847,5295651484.255134
2025-10-05 00:00:00+00:00,5303.572091402645,4265.8194647631035,3633816318.727643
2025-10-06 00:00:00+00:00,5431.494461515244,2982.106163912091,11042866078.44609
2025-10-07 00:00:00+00:00,4877.409281258118,3158.749189061726,12700043983.060497
2025-10-08 00:00:00+00:00,5135.225716096772,2836.5882584477945,7859388219.463931
2025-10-09 00:00:00+00:00,4994.446057642045,2389.4659231356973,10266426892.191797
2025-10-10 00:00:00+00:00,4902.530078881431,2446.6890742089604,14196222061.760244
2025-10-11 00:00:00+00:00,5046.846413714795,3566.2651284475905,17199878582.85614
2025-10-12 00:00:00+00:00,4900.5940336240965,3044.4328316579713,6160474629.746893
2025-10-13 00:00:00+00:00,5126.445227501939,2411.401558433616,11177287334.904158
2025-10-14 00:00:00+00:00,5904.412326684758,3153.502963970607,14322081996.280134
2025-10-15 00:00:00+00:00,4949.161006603996,2446.1601844140296,10842056547.012379
2025-10-16 00:00:00+00:00,5367.170484362715,2993.61719738537,9791080760.631203
2025-10-17 00:00:00+00:00,5416.667540130808,3030.793693840783,10938132575.326294
2025-10-18 00:00:00+00:00,6745.640259318714,3808.7666770249657,4319559810.762157
2025-10-19 00:00:00+00:00,4915.348376874572,3410.8210583813225,2772086817.493427
2025-10-20 00:00:00+00:00,5520.113794131275,3128.9363267213294,8888160210.825516
2025-10-21 00:00:00+00:00,5125.668019603583,2549.4304478058184,13059245696.170214
2025-10-22 00:00:00+00:00,4892.876755856227,2672.057204130225,12238408349.73404
2025-10-23 00:00:00+00:00,4945.039392483106,3012.396749138375,9462424700.456766
2025-10-24 00:00:00+00:00,5246.5113776069375,3051.5355303465726,7984748910.979003
2025-10-25 00:00:00+00:00,4970.929118911078,3215.021776237705,1622911875.626592
2025-10-26 00:00:00+00:00,5500.218201783702,4513.194174249338,3046924546.265175
2025-10-27 00:00:00+00:00,5424.053263872345,3270.997570684075,9162166210.428596
2025-10-28 00:00:00+00:00,4935.135583626508,3148.6001936704447,8714628422.876951
2025-10-29 00:00:00+00:00,5419.324034998493,3029.1684892611643,8563450756.949218
2025-10-30 00:00:00+00:00,4891.248720127663,3030.3999325929744,8322665336.728443
2025-10-31 00:00:00+00:00,4936.586699099284,3241.532989632719,12320118588.115452
2025-11-01 00:00:00+00:00,5612.6663061627505,4500.226741976377,2309697155.931183
2025-11-02 00:00:00+00:00,5232.5373513969225,3777.332287512423,2809260062.554339
2025-11-03 00:00:00+00:00,4913.871622164403,3024.1196913108165,7559031156.557408
2025-11-04 00:00:00+00:00,4981.564738608462,3980.971733291817,10220531830.13875
2025-11-05 00:00:00+00:00,4999.407512378861,3367.5393652617304,13513433386.827953
2025-11-06 00:00:00+00:00,6100.4391110885845,3295.887027771922,10122201437.750761
2025-11-07 00:00:00+00:00,5027.560707984684,3044.530798226285,8883705995.748709
2025-11-08 00:00:00+00:00,4877.102964833779,3846.424903279322,2722851145.122629
2025-11-09 00:00:00+00:00,6516.9660157403305,4920.273054984913,4554434042.062362
2025-11-10 00:00:00+00:00,5111.440558622843,2623.752952770562,15117316743.464176
2025-11-11 00:00:00+00:00,5492.282783285248,3171.1628681139714,6260270631.603116
2025-11-12 00:00:00+00:00,5322.208322443115,2986.3032605185113,8818168261.883673
2025-11-13 00:00:00+00:00,5115.0543700615435,3014.4395369347694,6757688694.377407
2025-11-14 00:00:00+00:00,4954.791774704549,2883.647685070279,8592519888.90684
2025-11-15 00:00:00+00:00,5180.383176824766,4028.6113461282935,1956935630.140566
2025-11-16 00:00:00+00:00,5177.632606285622,2809.788709551933,4795405452.769168
2025-11-17 00:00:00+00:00,5023.660056326937,3178.2896987664803,8853576109.683647
2025-11-18 00:00:00+00:00,4950.556543584967,2842.2557627782976,8989701783.772715
2025-11-19 00:00:00+00:00,5102.585346416224,3008.9344977152737,9276944965.35208
2025-11-20 00:00:00+00:00,5009.028935548692,2661.360720990904,10705494346.73049
2025-11-21 00:00:00+00:00,6033.298725251811,3341.2559007155137,13097588443.044277
2025-11-22 00:00:00+00:00,4905.730786308501,3291.8094244998106,2420471695.2402697
2025-11-23 00:00:00+00:00,6479.198843459604,4554.158198045002,4944619693.4929905
2025-11-24 00:00:00+00:00,6775.624410871869,3507.4925406603074,11171741161.831299
2025-11-25 00:00:00+00:00,6532.064677351156,3630.238511537094,8034773555.153597
2025-11-26 00:00:00+00:00,5179.988754476031,3100.0776986792753,9515677800.5798
2025-11-27 00:00:00+00:00,5102.465315102163,3085.4519717132016,5522677096.506833
2025-11-28 00:00:00+00:00,4958.586216076232,3084.1935190708245,10401160007.956259
2025-11-29 00:00:00+00:00,5052.435951137449,3912.4602328213537,2310474503.3723416
2025-11-30 00:00:00+00:00,4668.19268369011,3230.2144332428097,976439481.96382
2025-12-01 00:00:00+00:00,6623.060689227511,3480.7164850522045,10679193086.25237
2025-12-02 00:00:00+00:00,5117.831520613702,2588.0730854998073,8548372342.52176
2025-12-03 00:00:00+00:00,5016.693534321018,3088.380609063768,7098223676.948178
2025-12-04 00:00:00+00:00,5490.42916424902,2964.5772373676855,5755399542.268366
2025-12-05 00:00:00+00:00,5238.601519714457,3794.846114594577,7808139321.75229
2025-12-06 00:00:00+00:00,6855.09220253172,3490.7557385823657,1998210530.8821678
2025-12-07 00:00:00+00:00,5076.137407440738,3924.548880716983,1085379261.795844
2025-12-08 00:00:00+00:00,4992.486659333744,2578.1554341981337,7483204648.593389
2025-12-09 00:00:00+00:00,5448.901085532929,2978.7714221939414,8856792987.536537
2025-12-10 00:00:00+00:00,5093.265744302046,3111.9907543661798,6350600807.994383
2025-12-11 00:00:00+00:00,5226.7834321841,3064.6559000110637,7892689570.016843
2025-12-12 00:00:00+00:00,5243.115229573594,3186.969613438525,5067096805.462742
2025-12-13 00:00:00+00:00,5073.134950227784,4079.6817009350975,1545867202.4122987
2025-12-14 00:00:00+00:00,6788.536090154023,3680.3592049180575,2020414691.286745
2025-12-15 00:00:00+00:00,5044.191831077853,2544.799901699705,5916588207.673073
2025-12-16 00:00:00+00:00,4913.890512099141,2963.5915131761863,5446890003.081259
2025-12-17 00:00:00+00:00,5091.671091799916,2644.5950658565944,4986658622.985193
2025-12-18 00:00:00+00:00,5465.2135171257905,2894.731104880166,6819251777.506172
2025-12-19 00:00:00+00:00,5285.215857659119,2926.665921997581,7094859058.18302
2025-12-20 00:00:00+00:00,6419.902378506409,3117.4490955527226,1281366389.295409
2025-12-21 00:00:00+00:00,4907.476981741552,2275.170281604989,701650896.374575
2025-12-22 00:00:00+00:00,5329.846845699775,3214.42789271753,4918837487.230426
2025-12-23 00:00:00+00:00,5413.385233041275,3096.711677418201,5803098064.886143
2025-12-24 00:00:00+00:00,5000.566011789268,3596.488049214464,7404405493.690237
2025-12-25 00:00:00+00:00,5179.594227569289,3544.574616021952,2635839883.1619387
2025-12-26 00:00:00+00:00,6102.054328460515,3588.730651028856,5794602108.804626
2025-12-27 00:00:00+00:00,4912.194682852259,3775.0348158844554,1086899906.2437892
2025-12-28 00:00:00+00:00,4926.4411363883255,2876.29163049372,865790778.220173
2025-12-29 00:00:00+00:00,5416.1608172406495,2891.95452620092,8384831631.102778
2025-12-30 00:00:00+00:00,4956.996932682554,2473.9557904931994,8361555229.411701
2025-12-31 00:00:00+00:00,5314.404857136936,3027.535225390894,8194739249.649435
2026-01-01 00:00:00+00:00,7800.8289066895395,6824.894766448929,6402264677.496399
2026-01-02 00:00:00+00:00,5734.228414094963,3175.009549613712,6094630109.792452
2026-01-03 00:00:00+00:00,5357.169386525501,3088.108870285422,1045034021.3600401
2026-01-04 00:00:00+00:00,6499.954963148402,4813.2506907641755,1196336667.6251361
2026-01-05 00:00:00+00:00,5654.935005277499,3101.6226573545173,6191737466.55785
2026-01-06 00:00:00+00:00,5131.726515883831,2892.025782772499,5778268748.107123
2026-01-07 00:00:00+00:00,5079.077205666313,3273.7745207222265,4938920453.93798
2026-01-08 00:00:00+00:00,4981.8978474614505,2727.1408399580932,7681665436.345953
2026-01-09 00:00:00+00:00,6086.643235027342,4333.433554006424,10036909844.438955
2026-01-10 00:00:00+00:00,5733.945453861782,3219.496379119889,944315673.178189
2026-01-11 00:00:00+00:00,5034.189710579892,3561.5879874277803,715067436.860772
2026-01-12 00:00:00+00:00,5966.373853130444,3255.6121440850507,7580190461.840272
2026-01-13 00:00:00+00:00,5036.3737094356275,2894.4434896459934,6556988634.384619
2026-01-14 00:00:00+00:00,5155.959474603597,3591.071984617866,9122167347.21556
2026-01-15 00:00:00+00:00,5056.032909532842,3205.817281204862,5974451542.202522
2026-01-16 00:00:00+00:00,5385.417077510533,2940.327609358038,7929448407.06681
2026-01-17 00:00:00+00:00,5048.199256783026,4111.153528282489,1104234655.837976
2026-01-18 00:00:00+00:00,5345.174162267032,3330.9321340472948,1022122775.479525
2026-01-19 00:00:00+00:00,5023.496599733685,2831.4191689886006,6102111902.866541
2026-01-20 00:00:00+00:00,5117.931453374293,2976.4574080815964,15755196719.3745
2026-01-21 00:00:00+00:00,4963.500058515217,3208.9273352828486,6170859324.133049
2026-01-22 00:00:00+00:00,5046.81676910943,3443.936966787378,6247781636.300193
2026-01-23 00:00:00+00:00,4987.558247507609,3802.9013893261126,10529563774.941092
2026-01-24 00:00:00+00:00,5238.657305900878,3329.1690688281883,2899056311.70192
2026-01-25 00:00:00+00:00,5054.598669990159,3915.1212257963452,2141357180.7878377
2026-01-26 00:00:00+00:00,5635.2256841209055,3061.3672012543975,6775174052.20149
2026-01-27 00:00:00+00:00,5401.651789228911,3181.562397347284,6088551432.947399
2026-01-28 00:00:00+00:00,5383.474508198585,3118.0744624743024,6286403549.78924
2026-01-29 00:00:00+00:00,5699.521182514432,2993.910489923365,10147018536.917288
2026-01-30 00:00:00+00:00,4906.611043680748,3068.1937870260786,9286852677.984703
2026-01-31 00:00:00+00:00,4549.956577139375,3125.342302293005,3047859433.7484894
