date,aave_v3_usdc_apy,aave_v3_usdc_apy_base,supply_rate
2023-02-06,1.80182,1.80182,1.80182
2023-02-07,1.97735,1.97735,1.97735
2023-02-08,1.73451,1.73451,1.73451
2023-02-09,1.0749,1.0749,1.0749
2023-02-10,1.05823,1.05823,1.05823
2023-02-11,1.35111,1.35111,1.35111
2023-02-12,1.47719,1.47719,1.47719
2023-02-13,1.24523,1.24523,1.24523
2023-02-14,1.71585,1.71585,1.71585
2023-02-15,1.88962,1.88962,1.88962
2023-02-16,2.00243,2.00243,2.00243
2023-02-17,1.92538,1.92538,1.92538
2023-02-18,1.54773,1.54773,1.54773
2023-02-19,1.95834,1.95834,1.95834
2023-02-20,2.04867,2.04867,2.04867
2023-02-21,2.14632,2.14632,2.14632
2023-02-22,2.04761,2.04761,2.04761
2023-02-23,2.14809,2.14809,2.14809
2023-02-24,1.96046,1.96046,1.96046
2023-02-25,1.83693,1.83693,1.83693
2023-02-26,2.0019,2.0019,2.0019
2023-02-27,2.00604,2.00604,2.00604
2023-02-28,2.2728,2.2728,2.2728
2023-03-01,2.27665,2.27665,2.27665
2023-03-02,2.11839,2.11839,2.11839
2023-03-03,2.00565,2.00565,2.00565
2023-03-04,1.9362,1.9362,1.9362
2023-03-05,1.93045,1.93045,1.93045
2023-03-06,1.78654,1.78654,1.78654
2023-03-07,1.8405,1.8405,1.8405
2023-03-08,1.90456,1.90456,1.90456
2023-03-09,1.65696,1.65696,1.65696
2023-03-10,1.82627,1.82627,1.82627
2023-03-11,0.45335,0.45335,0.45335
2023-03-12,0.30325,0.30325,0.30325
2023-03-13,0.82528,0.82528,0.82528
2023-03-14,1.03616,1.03616,1.03616
2023-03-15,1.55068,1.55068,1.55068
2023-03-16,1.31765,1.31765,1.31765
2023-03-17,1.43826,1.43826,1.43826
2023-03-18,1.37282,1.37282,1.37282
2023-03-19,1.40539,1.40539,1.40539
2023-03-20,1.42419,1.42419,1.42419
2023-03-21,1.68975,1.68975,1.68975
2023-03-22,1.78793,1.78793,1.78793
2023-03-23,1.6473,1.6473,1.6473
2023-03-24,1.42846,1.42846,1.42846
2023-03-25,1.65166,1.65166,1.65166
2023-03-26,1.73471,1.73471,1.73471
2023-03-27,1.69824,1.69824,1.69824
2023-03-28,1.60915,1.60915,1.60915
2023-03-29,1.23576,1.23576,1.23576
2023-03-30,1.34841,1.34841,1.34841
2023-03-31,1.3059,1.3059,1.3059
2023-04-01,1.53382,1.53382,1.53382
2023-04-02,1.50676,1.50676,1.50676
2023-04-03,1.66215,1.66215,1.66215
2023-04-04,1.65961,1.65961,1.65961
2023-04-05,1.93178,1.93178,1.93178
2023-04-06,1.97769,1.97769,1.97769
2023-04-07,1.63919,1.63919,1.63919
2023-04-08,1.77874,1.77874,1.77874
2023-04-09,1.81617,1.81617,1.81617
2023-04-10,1.70714,1.70714,1.70714
2023-04-11,1.72344,1.72344,1.72344
2023-04-12,1.87502,1.87502,1.87502
2023-04-13,2.0233,2.0233,2.0233
2023-04-14,2.16172,2.16172,2.16172
2023-04-15,1.89914,1.89914,1.89914
2023-04-16,1.96776,1.96776,1.96776
2023-04-17,1.59423,1.59423,1.59423
2023-04-18,1.8172,1.8172,1.8172
2023-04-19,2.39334,2.39334,2.39334
2023-04-20,2.49518,2.49518,2.49518
2023-04-21,2.41192,2.41192,2.41192
2023-04-22,2.87098,2.87098,2.87098
2023-04-23,2.79977,2.79977,2.79977
2023-04-24,2.94301,2.94301,2.94301
2023-04-25,2.88715,2.88715,2.88715
2023-04-26,2.93063,2.93063,2.93063
2023-04-27,2.66396,2.66396,2.66396
2023-04-28,2.47537,2.47537,2.47537
2023-04-29,2.38553,2.38553,2.38553
2023-04-30,3.03529,3.03529,3.03529
2023-05-01,2.96878,2.96878,2.96878
2023-05-02,2.79348,2.79348,2.79348
2023-05-03,2.82696,2.82696,2.82696
2023-05-04,2.72451,2.72451,2.72451
2023-05-05,2.6843,2.6843,2.6843
2023-05-06,2.45628,2.45628,2.45628
2023-05-07,2.3112,2.3112,2.3112
2023-05-08,2.5548,2.5548,2.5548
2023-05-09,2.78615,2.78615,2.78615
2023-05-10,2.56407,2.56407,2.56407
2023-05-11,2.46891,2.46891,2.46891
2023-05-12,2.50946,2.50946,2.50946
2023-05-13,2.57356,2.57356,2.57356
2023-05-14,2.52005,2.52005,2.52005
2023-05-15,2.57008,2.57008,2.57008
2023-05-16,2.57763,2.57763,2.57763
2023-05-17,2.51051,2.51051,2.51051
2023-05-18,2.49466,2.49466,2.49466
2023-05-19,2.3671,2.3671,2.3671
2023-05-20,2.34188,2.34188,2.34188
2023-05-21,2.25909,2.25909,2.25909
2023-05-22,1.94221,1.94221,1.94221
2023-05-23,2.07587,2.07587,2.07587
2023-05-24,2.08023,2.08023,2.08023
2023-05-25,2.09099,2.09099,2.09099
2023-05-26,2.16583,2.16583,2.16583
2023-05-27,2.21519,2.21519,2.21519
2023-05-28,2.4855,2.4855,2.4855
2023-05-29,2.64181,2.64181,2.64181
2023-05-30,2.74738,2.74738,2.74738
2023-05-31,2.69628,2.69628,2.69628
2023-06-01,2.60473,2.60473,2.60473
2023-06-02,2.57925,2.57925,2.57925
2023-06-03,2.53927,2.53927,2.53927
2023-06-04,2.65139,2.65139,2.65139
2023-06-05,2.73641,2.73641,2.73641
2023-06-06,2.45771,2.45771,2.45771
2023-06-07,2.40535,2.40535,2.40535
2023-06-08,2.46421,2.46421,2.46421
2023-06-09,1.99946,1.99946,1.99946
2023-06-10,1.92369,1.92369,1.92369
2023-06-11,1.87139,1.87139,1.87139
2023-06-12,1.62375,1.62375,1.62375
2023-06-13,1.80093,1.80093,1.80093
2023-06-14,1.80746,1.80746,1.80746
2023-06-15,2.04875,2.04875,2.04875
2023-06-16,2.39642,2.39642,2.39642
2023-06-17,2.43941,2.43941,2.43941
2023-06-18,2.33783,2.33783,2.33783
2023-06-19,2.32112,2.32112,2.32112
2023-06-20,2.486,2.486,2.486
2023-06-21,2.68118,2.68118,2.68118
2023-06-22,2.66741,2.66741,2.66741
2023-06-23,2.98807,2.98807,2.98807
2023-06-24,2.78457,2.78457,2.78457
2023-06-25,2.56143,2.56143,2.56143
2023-06-26,2.34108,2.34108,2.34108
2023-06-27,2.39418,2.39418,2.39418
2023-06-28,2.45372,2.45372,2.45372
2023-06-29,2.32131,2.32131,2.32131
2023-06-30,2.4759,2.4759,2.4759
2023-07-01,2.74757,2.74757,2.74757
2023-07-02,2.75733,2.75733,2.75733
2023-07-03,2.68513,2.68513,2.68513
2023-07-04,2.65132,2.65132,2.65132
2023-07-05,2.60205,2.60205,2.60205
2023-07-06,2.6399,2.6399,2.6399
2023-07-07,2.65178,2.65178,2.65178
2023-07-08,2.53729,2.53729,2.53729
2023-07-09,2.48533,2.48533,2.48533
2023-07-10,2.48802,2.48802,2.48802
2023-07-11,2.6824,2.6824,2.6824
2023-07-12,2.75476,2.75476,2.75476
2023-07-13,2.81057,2.81057,2.81057
2023-07-14,2.66779,2.66779,2.66779
2023-07-15,2.66828,2.66828,2.66828
2023-07-16,2.81608,2.81608,2.81608
2023-07-17,2.831,2.831,2.831
2023-07-18,2.73991,2.73991,2.73991
2023-07-19,4.84135,4.84135,4.84135
2023-07-20,4.22935,4.22935,4.22935
2023-07-21,2.60084,2.60084,2.60084
2023-07-22,2.6102,2.6102,2.6102
2023-07-23,2.615,2.615,2.615
2023-07-24,2.67061,2.67061,2.67061
2023-07-25,2.79341,2.79341,2.79341
2023-07-26,2.79643,2.79643,2.79643
2023-07-27,2.78471,2.78471,2.78471
2023-07-28,2.78318,2.78318,2.78318
2023-07-29,2.78276,2.78276,2.78276
2023-07-30,56.67768,56.67768,56.67768
2023-07-31,16.82771,16.82771,16.82771
2023-08-01,7.20894,7.20894,7.20894
2023-08-02,14.04924,14.04924,14.04924
2023-08-03,8.89763,8.89763,8.89763
2023-08-04,9.4154,9.4154,9.4154
2023-08-05,2.80106,2.80106,2.80106
2023-08-06,4.92496,4.92496,4.92496
2023-08-07,2.78385,2.78385,2.78385
2023-08-08,5.76423,5.76423,5.76423
2023-08-09,8.88313,8.88313,8.88313
2023-08-10,7.24695,7.24695,7.24695
2023-08-11,9.70942,9.70942,9.70942
2023-08-12,5.32779,5.32779,5.32779
2023-08-13,7.25604,7.25604,7.25604
2023-08-14,10.31724,10.31724,10.31724
2023-08-15,7.39845,7.39845,7.39845
2023-08-16,2.83123,2.83123,2.83123
2023-08-17,2.77324,2.77324,2.77324
2023-08-18,2.6423,2.6423,2.6423
2023-08-19,2.6126,2.6126,2.6126
2023-08-20,2.82929,2.82929,2.82929
2023-08-21,2.67641,2.67641,2.67641
2023-08-22,2.28683,2.28683,2.28683
2023-08-23,2.38591,2.38591,2.38591
2023-08-24,2.40177,2.40177,2.40177
2023-08-25,2.58032,2.58032,2.58032
2023-08-26,2.61847,2.61847,2.61847
2023-08-27,2.72511,2.72511,2.72511
2023-08-28,2.87064,2.87064,2.87064
2023-08-29,2.72461,2.72461,2.72461
2023-08-30,2.83306,2.83306,2.83306
2023-08-31,2.76312,2.76312,2.76312
2023-09-01,2.70237,2.70237,2.70237
2023-09-02,2.70516,2.70516,2.70516
2023-09-03,2.79009,2.79009,2.79009
2023-09-04,2.7805,2.7805,2.7805
2023-09-05,7.55309,7.55309,7.55309
2023-09-06,2.80591,2.80591,2.80591
2023-09-07,2.75692,2.75692,2.75692
2023-09-08,2.80338,2.80338,2.80338
2023-09-09,2.80323,2.80323,2.80323
2023-09-10,2.90461,2.90461,2.90461
2023-09-11,3.23475,3.23475,3.23475
2023-09-12,2.83438,2.83438,2.83438
2023-09-13,4.13236,4.13236,4.13236
2023-09-14,2.80957,2.80957,2.80957
2023-09-15,4.62803,4.62803,4.62803
2023-09-16,3.22763,3.22763,3.22763
2023-09-17,2.83316,2.83316,2.83316
2023-09-18,4.77091,4.77091,4.77091
2023-09-19,3.09828,3.09828,3.09828
2023-09-20,2.82188,2.82188,2.82188
2023-09-21,4.2466,4.2466,4.2466
2023-09-22,4.72936,4.72936,4.72936
2023-09-23,4.90598,4.90598,4.90598
2023-09-24,2.84161,2.84161,2.84161
2023-09-25,3.97532,3.97532,3.97532
2023-09-26,3.25835,3.25835,3.25835
2023-09-27,2.8325,2.8325,2.8325
2023-09-28,3.18343,3.18343,3.18343
2023-09-29,8.85944,8.85944,8.85944
2023-09-30,2.82806,2.82806,2.82806
2023-10-01,2.73795,2.73795,2.73795
2023-10-02,8.28157,8.28157,8.28157
2023-10-03,2.79267,2.79267,2.79267
2023-10-04,2.71868,2.71868,2.71868
2023-10-05,3.89075,3.89075,3.89075
2023-10-06,4.6299,4.6299,4.6299
2023-10-07,2.83298,2.83298,2.83298
2023-10-08,2.77481,2.77481,2.77481
2023-10-09,3.77325,3.77325,3.77325
2023-10-10,3.63362,3.63362,3.63362
2023-10-11,3.48396,3.48396,3.48396
2023-10-12,3.82446,3.82446,3.82446
2023-10-13,2.81137,2.81137,2.81137
2023-10-14,2.81725,2.81725,2.81725
2023-10-15,5.89278,5.89278,5.89278
2023-10-16,4.32943,4.32943,4.32943
2023-10-17,4.08438,4.08438,4.08438
2023-10-18,2.78451,2.78451,2.78451
2023-10-19,2.81437,2.81437,2.81437
2023-10-20,2.77938,2.77938,2.77938
2023-10-21,2.76156,2.76156,2.76156
2023-10-22,3.31516,3.31516,3.31516
2023-10-23,4.45294,4.45294,4.45294
2023-10-24,7.9646,7.9646,7.9646
2023-10-25,2.74216,2.74216,2.74216
2023-10-26,3.53203,3.53203,3.53203
2023-10-27,4.43746,4.43746,4.43746
2023-10-28,6.72077,6.72077,6.72077
2023-10-29,4.87063,4.87063,4.87063
2023-10-30,3.19558,3.19558,3.19558
2023-10-31,2.79434,2.79434,2.79434
2023-11-01,6.6754,6.6754,6.6754
2023-11-02,6.41853,6.41853,6.41853
2023-11-03,4.6331,4.6331,4.6331
2023-11-04,5.90003,5.90003,5.90003
2023-11-05,6.06825,6.06825,6.06825
2023-11-06,2.71536,2.71536,2.71536
2023-11-07,5.90421,5.90421,5.90421
2023-11-08,5.00471,5.00471,5.00471
2023-11-09,7.25017,7.25017,7.25017
2023-11-10,2.82082,2.82082,2.82082
2023-11-11,3.39426,3.39426,3.39426
2023-11-12,2.74154,2.74154,2.74154
2023-11-13,16.76569,16.76569,16.76569
2023-11-14,11.06458,11.06458,11.06458
2023-11-15,8.3249,8.3249,8.3249
2023-11-16,11.09886,11.09886,11.09886
2023-11-17,6.93829,6.93829,6.93829
2023-11-18,4.49367,4.49367,4.49367
2023-11-19,6.86532,6.86532,6.86532
2023-11-20,6.2712,6.2712,6.2712
2023-11-21,5.66622,5.66622,5.66622
2023-11-22,4.45792,4.45792,4.45792
2023-11-23,7.68337,7.68337,7.68337
2023-11-24,5.88531,5.88531,5.88531
2023-11-25,5.73073,5.73073,5.73073
2023-11-26,3.98365,3.98365,3.98365
2023-11-27,7.79542,7.79542,7.79542
2023-11-28,8.56757,8.56757,8.56757
2023-11-29,4.0438,4.0438,4.0438
2023-11-30,10.04075,10.04075,10.04075
2023-12-01,8.6621,8.6621,8.6621
2023-12-02,4.00725,4.00725,4.00725
2023-12-03,6.90651,6.90651,6.90651
2023-12-04,5.50884,5.50884,5.50884
2023-12-05,4.01453,4.01453,4.01453
2023-12-06,7.26191,7.26191,7.26191
2023-12-07,12.28148,12.28148,12.28148
2023-12-08,6.85122,6.85122,6.85122
2023-12-09,5.74248,5.74248,5.74248
2023-12-10,5.98125,5.98125,5.98125
2023-12-11,9.76691,9.76691,9.76691
2023-12-12,7.53548,7.53548,7.53548
2023-12-13,9.20291,9.20291,9.20291
2023-12-14,9.59883,9.59883,9.59883
2023-12-15,9.86303,9.86303,9.86303
2023-12-16,6.15156,6.15156,6.15156
2023-12-17,5.41314,5.41314,5.41314
2023-12-18,7.06693,7.06693,7.06693
2023-12-19,6.94545,6.94545,6.94545
2023-12-20,4.02411,4.02411,4.02411
2023-12-21,6.3946,6.3946,6.3946
2023-12-22,9.53844,9.53844,9.53844
2023-12-23,5.33319,5.33319,5.33319
2023-12-24,6.08253,6.08253,6.08253
2023-12-25,7.67005,7.67005,7.67005
2023-12-26,3.91047,3.91047,3.91047
2023-12-27,6.53622,6.53622,6.53622
2023-12-28,7.76824,7.76824,7.76824
2023-12-29,9.63715,9.63715,9.63715
2023-12-30,6.45709,6.45709,6.45709
2023-12-31,8.58208,8.58208,8.58208
2024-01-01,8.91946,8.91946,8.91946
2024-01-02,8.24653,8.24653,8.24653
2024-01-03,11.45628,11.45628,11.45628
2024-01-04,6.16041,6.16041,6.16041
2024-01-05,7.17308,7.17308,7.17308
2024-01-06,6.77425,6.77425,6.77425
2024-01-07,11.57392,11.57392,11.57392
2024-01-08,8.46167,8.46167,8.46167
2024-01-09,5.68334,5.68334,5.68334
2024-01-10,7.7951,7.7951,7.7951
2024-01-11,8.11029,8.11029,8.11029
2024-01-12,7.40824,7.40824,7.40824
2024-01-13,5.09265,5.09265,5.09265
2024-01-14,6.83364,6.83364,6.83364
2024-01-15,12.4989,12.4989,12.4989
2024-01-16,4.79076,4.79076,4.79076
2024-01-17,4.84186,4.84186,4.84186
2024-01-18,16.64215,16.64215,16.64215
2024-01-19,8.46018,8.46018,8.46018
2024-01-20,4.84151,4.84151,4.84151
2024-01-21,5.93033,5.93033,5.93033
2024-01-22,9.54075,9.54075,9.54075
2024-01-23,4.82656,4.82656,4.82656
2024-01-24,4.81033,4.81033,4.81033
2024-01-25,4.49724,4.49724,4.49724
2024-01-26,4.47191,4.47191,4.47191
2024-01-27,4.45519,4.45519,4.45519
2024-01-28,4.46216,4.46216,4.46216
2024-01-29,4.54802,4.54802,4.54802
2024-01-30,4.7612,4.7612,4.7612
2024-01-31,4.78609,4.78609,4.78609
2024-02-01,5.54958,5.54958,5.54958
2024-02-02,4.94167,4.94167,4.94167
2024-02-03,4.83813,4.83813,4.83813
2024-02-04,4.7545,4.7545,4.7545
2024-02-05,4.71591,4.71591,4.71591
2024-02-06,4.82352,4.82352,4.82352
2024-02-07,6.66857,6.66857,6.66857
2024-02-08,8.26863,8.26863,8.26863
2024-02-09,9.36965,9.36965,9.36965
2024-02-10,9.39132,9.39132,9.39132
2024-02-11,9.84569,9.84569,9.84569
2024-02-12,5.42018,5.42018,5.42018
2024-02-13,9.28351,9.28351,9.28351
2024-02-14,6.97633,6.97633,6.97633
2024-02-15,7.06404,7.06404,7.06404
2024-02-16,7.57624,7.57624,7.57624
2024-02-17,6.66313,6.66313,6.66313
2024-02-18,11.01418,11.01418,11.01418
2024-02-19,5.36935,5.36935,5.36935
2024-02-20,6.846,6.846,6.846
2024-02-21,6.72079,6.72079,6.72079
2024-02-22,9.57199,9.57199,9.57199
2024-02-23,7.73274,7.73274,7.73274
2024-02-24,8.82632,8.82632,8.82632
2024-02-25,8.99474,8.99474,8.99474
2024-02-26,8.78475,8.78475,8.78475
2024-02-27,7.96127,7.96127,7.96127
2024-02-28,12.64706,12.64706,12.64706
2024-02-29,13.03457,13.03457,13.03457
2024-03-01,7.66191,7.66191,7.66191
2024-03-02,13.75214,13.75214,13.75214
2024-03-03,14.84814,14.84814,14.84814
2024-03-04,8.10906,8.10906,8.10906
2024-03-05,13.68718,13.68718,13.68718
2024-03-06,11.62157,11.62157,11.62157
2024-03-07,9.3338,9.3338,9.3338
2024-03-08,4.68892,4.68892,4.68892
2024-03-09,7.42659,7.42659,7.42659
2024-03-10,10.14453,10.14453,10.14453
2024-03-11,12.87621,12.87621,12.87621
2024-03-12,12.50685,12.50685,12.50685
2024-03-13,12.69946,12.69946,12.69946
2024-03-14,18.53557,18.53557,18.53557
2024-03-15,6.06322,6.06322,6.06322
2024-03-16,8.32292,8.32292,8.32292
2024-03-17,16.14951,16.14951,16.14951
2024-03-18,10.4465,10.4465,10.4465
2024-03-19,10.89514,10.89514,10.89514
2024-03-20,4.75494,4.75494,4.75494
2024-03-21,7.40902,7.40902,7.40902
2024-03-22,6.38291,6.38291,6.38291
2024-03-23,9.02254,9.02254,9.02254
2024-03-24,8.08405,8.08405,8.08405
2024-03-25,15.56771,15.56771,15.56771
2024-03-26,7.93447,7.93447,7.93447
2024-03-27,12.27846,12.27846,12.27846
2024-03-28,9.30002,9.30002,9.30002
2024-03-29,13.2723,13.2723,13.2723
2024-03-30,21.52831,21.52831,21.52831
2024-03-31,4.67842,4.67842,4.67842
2024-04-01,9.38861,9.38861,9.38861
2024-04-02,5.84635,5.84635,5.84635
2024-04-03,6.40959,6.40959,6.40959
2024-04-04,9.34498,9.34498,9.34498
2024-04-05,8.53844,8.53844,8.53844
2024-04-06,8.33793,8.33793,8.33793
2024-04-07,8.35233,8.35233,8.35233
2024-04-08,8.69388,8.69388,8.69388
2024-04-09,11.31184,11.31184,11.31184
2024-04-10,9.64747,9.64747,9.64747
2024-04-11,9.37101,9.37101,9.37101
2024-04-12,9.16509,9.16509,9.16509
2024-04-13,8.65691,8.65691,8.65691
2024-04-14,7.80712,7.80712,7.80712
2024-04-15,7.50682,7.50682,7.50682
2024-04-16,7.90506,7.90506,7.90506
2024-04-17,7.49939,7.49939,7.49939
2024-04-18,7.44672,7.44672,7.44672
2024-04-19,6.95963,6.95963,6.95963
2024-04-20,6.79281,6.79281,6.79281
2024-04-21,6.76856,6.76856,6.76856
2024-04-22,6.74397,6.74397,6.74397
2024-04-23,6.76114,6.76114,6.76114
2024-04-24,6.80867,6.80867,6.80867
2024-04-25,6.91533,6.91533,6.91533
2024-04-26,6.58091,6.58091,6.58091
2024-04-27,7.39615,7.39615,7.39615
2024-04-28,7.48634,7.48634,7.48634
2024-04-29,7.17942,7.17942,7.17942
2024-04-30,7.11473,7.11473,7.11473
2024-05-01,6.95134,6.95134,6.95134
2024-05-02,6.71958,6.71958,6.71958
2024-05-03,6.48861,6.48861,6.48861
2024-05-04,6.42519,6.42519,6.42519
2024-05-05,6.47076,6.47076,6.47076
2024-05-06,5.26003,5.26003,5.26003
2024-05-07,5.36737,5.36737,5.36737
2024-05-08,5.55425,5.55425,5.55425
2024-05-09,5.72804,5.72804,5.72804
2024-05-10,5.41566,5.41566,5.41566
2024-05-11,5.52323,5.52323,5.52323
2024-05-12,5.49173,5.49173,5.49173
2024-05-13,5.95916,5.95916,5.95916
2024-05-14,5.91923,5.91923,5.91923
2024-05-15,5.64703,5.64703,5.64703
2024-05-16,5.63057,5.63057,5.63057
2024-05-17,5.34639,5.34639,5.34639
2024-05-18,5.33636,5.33636,5.33636
2024-05-19,5.44045,5.44045,5.44045
2024-05-20,5.98279,5.98279,5.98279
2024-05-21,6.56429,6.56429,6.56429
2024-05-22,6.46101,6.46101,6.46101
2024-05-23,17.72163,17.72163,17.72163
2024-05-24,7.13761,7.13761,7.13761
2024-05-25,7.10318,7.10318,7.10318
2024-05-26,6.77323,6.77323,6.77323
2024-05-27,7.15975,7.15975,7.15975
2024-05-28,7.16179,7.16179,7.16179
2024-05-29,8.48854,8.48854,8.48854
2024-05-30,16.41821,16.41821,16.41821
2024-05-31,7.06746,7.06746,7.06746
2024-06-01,7.0505,7.0505,7.0505
2024-06-02,7.05436,7.05436,7.05436
2024-06-03,7.10689,7.10689,7.10689
2024-06-04,6.86735,6.86735,6.86735
2024-06-05,7.18848,7.18848,7.18848
2024-06-06,11.91186,11.91186,11.91186
2024-06-07,11.98452,11.98452,11.98452
2024-06-08,7.4014,7.4014,7.4014
2024-06-09,7.31854,7.31854,7.31854
2024-06-10,7.44194,7.44194,7.44194
2024-06-11,7.36741,7.36741,7.36741
2024-06-12,7.27602,7.27602,7.27602
2024-06-13,11.77067,11.77067,11.77067
2024-06-14,7.36127,7.36127,7.36127
2024-06-15,7.24692,7.24692,7.24692
2024-06-16,7.24708,7.24708,7.24708
2024-06-17,7.15784,7.15784,7.15784
2024-06-18,6.72609,6.72609,6.72609
2024-06-19,6.86607,6.86607,6.86607
2024-06-20,7.19988,7.19988,7.19988
2024-06-21,7.13966,7.13966,7.13966
2024-06-22,6.97633,6.97633,6.97633
2024-06-23,7.43405,7.43405,7.43405
2024-06-24,7.32917,7.32917,7.32917
2024-06-25,7.18243,7.18243,7.18243
2024-06-26,7.01275,7.01275,7.01275
2024-06-27,6.54328,6.54328,6.54328
2024-06-28,6.59879,6.59879,6.59879
2024-06-29,6.57371,6.57371,6.57371
2024-06-30,6.83022,6.83022,6.83022
2024-07-01,6.84607,6.84607,6.84607
2024-07-02,6.93287,6.93287,6.93287
2024-07-03,6.73327,6.73327,6.73327
2024-07-04,6.56111,6.56111,6.56111
2024-07-05,5.47216,5.47216,5.47216
2024-07-06,6.32501,6.32501,6.32501
2024-07-07,6.18919,6.18919,6.18919
2024-07-08,5.27048,5.27048,5.27048
2024-07-09,5.1349,5.1349,5.1349
2024-07-10,5.09996,5.09996,5.09996
2024-07-11,5.13968,5.13968,5.13968
2024-07-12,5.24514,5.24514,5.24514
2024-07-13,5.54226,5.54226,5.54226
2024-07-14,5.60851,5.60851,5.60851
2024-07-15,5.80756,5.80756,5.80756
2024-07-16,5.72192,5.72192,5.72192
2024-07-17,5.71049,5.71049,5.71049
2024-07-18,5.88562,5.88562,5.88562
2024-07-19,5.93459,5.93459,5.93459
2024-07-20,6.57736,6.57736,6.57736
2024-07-21,6.53417,6.53417,6.53417
2024-07-22,6.44345,6.44345,6.44345
2024-07-23,6.6612,6.6612,6.6612
2024-07-24,6.61459,6.61459,6.61459
2024-07-25,4.77023,4.77023,4.77023
2024-07-26,4.58593,4.58593,4.58593
2024-07-27,4.95808,4.95808,4.95808
2024-07-28,5.04408,5.04408,5.04408
2024-07-29,5.15556,5.15556,5.15556
2024-07-30,5.10995,5.10995,5.10995
2024-07-31,5.03158,5.03158,5.03158
2024-08-01,4.66863,4.66863,4.66863
2024-08-02,4.63197,4.63197,4.63197
2024-08-03,5.2438,5.2438,5.2438
2024-08-04,4.94868,4.94868,4.94868
2024-08-05,3.36969,3.36969,3.36969
2024-08-06,3.45529,3.45529,3.45529
2024-08-07,3.6785,3.6785,3.6785
2024-08-08,3.76689,3.76689,3.76689
2024-08-09,4.08916,4.08916,4.08916
2024-08-10,3.99968,3.99968,3.99968
2024-08-11,3.80773,3.80773,3.80773
2024-08-12,3.59992,3.59992,3.59992
2024-08-13,3.6851,3.6851,3.6851
2024-08-14,3.59977,3.59977,3.59977
2024-08-15,3.81293,3.81293,3.81293
2024-08-16,3.56504,3.56504,3.56504
2024-08-17,3.81571,3.81571,3.81571
2024-08-18,3.95007,3.95007,3.95007
2024-08-19,3.80916,3.80916,3.80916
2024-08-20,3.96202,3.96202,3.96202
2024-08-21,4.17164,4.17164,4.17164
2024-08-22,4.22629,4.22629,4.22629
2024-08-23,4.29146,4.29146,4.29146
2024-08-24,4.50058,4.50058,4.50058
2024-08-25,4.51315,4.51315,4.51315
2024-08-26,4.55791,4.55791,4.55791
2024-08-27,4.41494,4.41494,4.41494
2024-08-28,4.2451,4.2451,4.2451
2024-08-29,4.20444,4.20444,4.20444
2024-08-30,3.92542,3.92542,3.92542
2024-08-31,4.13441,4.13441,4.13441
2024-09-01,4.12406,4.12406,4.12406
2024-09-02,3.8223,3.8223,3.8223
2024-09-03,3.86359,3.86359,3.86359
2024-09-04,3.89727,3.89727,3.89727
2024-09-05,3.93981,3.93981,3.93981
2024-09-06,3.42542,3.42542,3.42542
2024-09-07,3.69078,3.69078,3.69078
2024-09-08,3.84929,3.84929,3.84929
2024-09-09,3.79044,3.79044,3.79044
2024-09-10,3.20624,3.20624,3.20624
2024-09-11,3.24059,3.24059,3.24059
2024-09-12,3.38741,3.38741,3.38741
2024-09-13,3.51601,3.51601,3.51601
2024-09-14,3.6719,3.6719,3.6719
2024-09-15,3.63518,3.63518,3.63518
2024-09-16,5.0834,5.0834,5.0834
2024-09-17,3.50096,3.50096,3.50096
2024-09-18,3.46131,3.46131,3.46131
2024-09-19,3.78803,3.78803,3.78803
2024-09-20,3.98372,3.98372,3.98372
2024-09-21,4.235,4.235,4.235
2024-09-22,4.21533,4.21533,4.21533
2024-09-23,4.12611,4.12611,4.12611
2024-09-24,4.30955,4.30955,4.30955
2024-09-25,4.00977,4.00977,4.00977
2024-09-26,4.44414,4.44414,4.44414
2024-09-27,4.42469,4.42469,4.42469
2024-09-28,4.43761,4.43761,4.43761
2024-09-29,4.44244,4.44244,4.44244
2024-09-30,4.42615,4.42615,4.42615
2024-10-01,4.31319,4.31319,4.31319
2024-10-02,4.2415,4.2415,4.2415
2024-10-03,4.17273,4.17273,4.17273
2024-10-04,4.05102,4.05102,4.05102
2024-10-05,4.13046,4.13046,4.13046
2024-10-06,4.13966,4.13966,4.13966
2024-10-07,4.28221,4.28221,4.28221
2024-10-08,4.3553,4.3553,4.3553
2024-10-09,4.20921,4.20921,4.20921
2024-10-10,4.25114,4.25114,4.25114
2024-10-11,4.43027,4.43027,4.43027
2024-10-12,4.32083,4.32083,4.32083
2024-10-13,4.29437,4.29437,4.29437
2024-10-14,4.54224,4.54224,4.54224
2024-10-15,4.48284,4.48284,4.48284
2024-10-16,4.14229,4.14229,4.14229
2024-10-17,4.07182,4.07182,4.07182
2024-10-18,9.50266,9.50266,9.50266
2024-10-19,4.46578,4.46578,4.46578
2024-10-20,4.51558,4.51558,4.51558
2024-10-21,4.4489,4.4489,4.4489
2024-10-22,4.10452,4.10452,4.10452
2024-10-23,4.54587,4.54587,4.54587
2024-10-24,4.54941,4.54941,4.54941
2024-10-25,8.4924,8.4924,8.4924
2024-10-26,5.45137,5.45137,5.45137
2024-10-27,4.54339,4.54339,4.54339
2024-10-28,4.47241,4.47241,4.47241
2024-10-29,5.92805,5.92805,5.92805
2024-10-30,4.30048,4.30048,4.30048
2024-10-31,4.37935,4.37935,4.37935
2024-11-01,5.08134,5.08134,5.08134
2024-11-02,4.396,4.396,4.396
2024-11-03,4.49185,4.49185,4.49185
2024-11-04,5.42333,5.42333,5.42333
2024-11-05,8.21068,8.21068,8.21068
2024-11-06,7.34446,7.34446,7.34446
2024-11-07,4.40127,4.40127,4.40127
2024-11-08,4.48201,4.48201,4.48201
2024-11-09,4.43693,4.43693,4.43693
2024-11-10,4.53741,4.53741,4.53741
2024-11-11,7.01659,7.01659,7.01659
2024-11-12,4.54759,4.54759,4.54759
2024-11-13,11.81532,11.81532,11.81532
2024-11-14,4.28221,4.28221,4.28221
2024-11-15,4.16756,4.16756,4.16756
2024-11-16,4.38309,4.38309,4.38309
2024-11-17,4.25904,4.25904,4.25904
2024-11-18,7.53857,7.53857,7.53857
2024-11-19,13.06984,13.06984,13.06984
2024-11-20,4.45949,4.45949,4.45949
2024-11-21,15.43948,15.43948,15.43948
2024-11-22,4.38637,4.38637,4.38637
2024-11-23,8.51858,8.51858,8.51858
2024-11-24,8.07459,8.07459,8.07459
2024-11-25,13.03409,13.03409,13.03409
2024-11-26,10.87179,10.87179,10.87179
2024-11-27,7.96685,7.96685,7.96685
2024-11-28,9.16588,9.16588,9.16588
2024-11-29,9.30167,9.30167,9.30167
2024-11-30,10.15352,10.15352,10.15352
2024-12-01,9.77064,9.77064,9.77064
2024-12-02,41.39938,41.39938,41.39938
2024-12-03,14.18216,14.18216,14.18216
2024-12-04,8.94287,8.94287,8.94287
2024-12-05,29.44473,29.44473,29.44473
2024-12-06,10.78779,10.78779,10.78779
2024-12-07,4.53173,4.53173,4.53173
2024-12-08,19.81434,19.81434,19.81434
2024-12-09,13.3179,13.3179,13.3179
2024-12-10,7.3712,7.3712,7.3712
2024-12-11,15.02169,15.02169,15.02169
2024-12-12,10.56378,10.56378,10.56378
2024-12-13,12.48325,12.48325,12.48325
2024-12-14,11.00819,11.00819,11.00819
2024-12-15,10.42644,10.42644,10.42644
2024-12-16,13.10755,13.10755,13.10755
2024-12-17,10.29893,10.29893,10.29893
2024-12-18,12.50896,12.50896,12.50896
2024-12-19,12.17848,12.17848,12.17848
2024-12-20,13.71923,13.71923,13.71923
2024-12-21,9.93794,9.93794,9.93794
2024-12-22,9.62192,9.62192,9.62192
2024-12-23,9.73311,9.73311,9.73311
2024-12-24,9.88199,9.88199,9.88199
2024-12-25,10.15326,10.15326,10.15326
2024-12-26,10.29741,10.29741,10.29741
2024-12-27,10.16327,10.16327,10.16327
2024-12-28,10.01395,10.01395,10.01395
2024-12-29,9.92251,9.92251,9.92251
2024-12-30,9.18647,9.18647,9.18647
2024-12-31,9.16578,9.16578,9.16578
2025-01-01,10.00571,10.00571,10.00571
2025-01-02,9.08394,9.08394,9.08394
2025-01-03,9.06658,9.06658,9.06658
2025-01-04,8.84268,8.84268,8.84268
2025-01-05,8.72169,8.72169,8.72169
2025-01-06,9.07242,9.07242,9.07242
2025-01-07,8.54004,8.54004,8.54004
2025-01-08,8.5627,8.5627,8.5627
2025-01-09,8.27664,8.27664,8.27664
2025-01-10,8.2588,8.2588,8.2588
2025-01-11,8.24229,8.24229,8.24229
2025-01-12,8.13099,8.13099,8.13099
2025-01-13,7.93647,7.93647,7.93647
2025-01-14,7.61419,7.61419,7.61419
2025-01-15,8.27206,8.27206,8.27206
2025-01-16,7.83896,7.83896,7.83896
2025-01-17,8.52139,8.52139,8.52139
2025-01-18,8.50128,8.50128,8.50128
2025-01-19,9.24035,9.24035,9.24035
2025-01-20,8.85182,8.85182,8.85182
2025-01-21,8.58664,8.58664,8.58664
2025-01-22,7.86393,7.86393,7.86393
2025-01-23,7.43024,7.43024,7.43024
2025-01-24,7.1385,7.1385,7.1385
2025-01-25,6.92615,6.92615,6.92615
2025-01-26,6.78294,6.78294,6.78294
2025-01-27,6.64822,6.64822,6.64822
2025-01-28,6.46669,6.46669,6.46669
2025-01-29,6.42766,6.42766,6.42766
2025-01-30,6.49592,6.49592,6.49592
2025-01-31,6.07688,6.07688,6.07688
2025-02-01,5.97805,5.97805,5.97805
2025-02-02,5.97205,5.97205,5.97205
2025-02-03,4.73504,4.73504,4.73504
2025-02-04,4.79249,4.79249,4.79249
2025-02-05,4.88968,4.88968,4.88968
2025-02-06,4.79089,4.79089,4.79089
2025-02-07,4.96097,4.96097,4.96097
2025-02-08,4.7255,4.7255,4.7255
2025-02-09,4.67614,4.67614,4.67614
2025-02-10,4.49355,4.49355,4.49355
2025-02-11,3.55242,3.55242,3.55242
2025-02-12,3.98756,3.98756,3.98756
2025-02-13,4.01972,4.01972,4.01972
2025-02-14,4.12668,4.12668,4.12668
2025-02-15,4.13509,4.13509,4.13509
2025-02-16,4.09106,4.09106,4.09106
2025-02-17,4.15934,4.15934,4.15934
2025-02-18,4.25721,4.25721,4.25721
2025-02-19,4.32459,4.32459,4.32459
2025-02-20,4.16245,4.16245,4.16245
2025-02-21,4.18517,4.18517,4.18517
2025-02-22,4.23585,4.23585,4.23585
2025-02-23,4.24817,4.24817,4.24817
2025-02-24,4.09746,4.09746,4.09746
2025-02-25,3.78483,3.78483,3.78483
2025-02-26,4.77405,4.77405,4.77405
2025-02-27,4.87561,4.87561,4.87561
2025-02-28,3.46657,3.46657,3.46657
2025-03-01,3.4335,3.4335,3.4335
2025-03-02,3.36937,3.36937,3.36937
2025-03-03,3.18048,3.18048,3.18048
2025-03-04,3.32912,3.32912,3.32912
2025-03-05,3.39031,3.39031,3.39031
2025-03-06,3.47602,3.47602,3.47602
2025-03-07,3.27341,3.27341,3.27341
2025-03-08,3.29938,3.29938,3.29938
2025-03-09,3.30125,3.30125,3.30125
2025-03-10,2.62912,2.62912,2.62912
2025-03-11,2.71629,2.71629,2.71629
2025-03-12,2.37849,2.37849,2.37849
2025-03-13,2.76053,2.76053,2.76053
2025-03-14,2.85411,2.85411,2.85411
2025-03-15,2.79214,2.79214,2.79214
2025-03-16,2.6532,2.6532,2.6532
2025-03-17,2.65834,2.65834,2.65834
2025-03-18,2.72347,2.72347,2.72347
2025-03-19,2.22727,2.22727,2.22727
2025-03-20,2.49219,2.49219,2.49219
2025-03-21,3.03662,3.03662,3.03662
2025-03-22,3.10443,3.10443,3.10443
2025-03-23,2.96481,2.96481,2.96481
2025-03-24,2.89034,2.89034,2.89034
2025-03-25,2.91089,2.91089,2.91089
2025-03-26,2.85389,2.85389,2.85389
2025-03-27,3.04199,3.04199,3.04199
2025-03-28,3.36562,3.36562,3.36562
2025-03-29,3.14379,3.14379,3.14379
2025-03-30,3.10019,3.10019,3.10019
2025-03-31,2.9492,2.9492,2.9492
2025-04-01,2.9139,2.9139,2.9139
2025-04-02,2.86269,2.86269,2.86269
2025-04-03,2.64098,2.64098,2.64098
2025-04-04,2.71484,2.71484,2.71484
2025-04-05,2.74007,2.74007,2.74007
2025-04-06,2.5725,2.5725,2.5725
2025-04-07,2.57492,2.57492,2.57492
2025-04-08,2.58583,2.58583,2.58583
2025-04-09,2.67683,2.67683,2.67683
2025-04-10,2.81635,2.81635,2.81635
2025-04-11,3.21554,3.21554,3.21554
2025-04-12,3.13246,3.13246,3.13246
2025-04-13,3.04988,3.04988,3.04988
2025-04-14,3.03576,3.03576,3.03576
2025-04-15,2.71479,2.71479,2.71479
2025-04-16,2.60676,2.60676,2.60676
2025-04-17,2.56107,2.56107,2.56107
2025-04-18,2.5883,2.5883,2.5883
2025-04-19,2.52591,2.52591,2.52591
2025-04-20,2.47381,2.47381,2.47381
2025-04-21,2.59213,2.59213,2.59213
2025-04-22,2.39371,2.39371,2.39371
2025-04-23,2.32432,2.32432,2.32432
2025-04-24,2.3131,2.3131,2.3131
2025-04-25,2.28569,2.28569,2.28569
2025-04-26,2.70079,2.70079,2.70079
2025-04-27,2.85224,2.85224,2.85224
2025-04-28,2.85707,2.85707,2.85707
2025-04-29,2.79153,2.79153,2.79153
2025-04-30,2.80662,2.80662,2.80662
2025-05-01,2.9605,2.9605,2.9605
2025-05-02,2.86129,2.86129,2.86129
2025-05-03,2.95036,2.95036,2.95036
2025-05-04,3.14103,3.14103,3.14103
2025-05-05,2.97519,2.97519,2.97519
2025-05-06,3.26147,3.26147,3.26147
2025-05-07,3.04863,3.04863,3.04863
2025-05-08,3.12704,3.12704,3.12704
2025-05-09,3.24834,3.24834,3.24834
2025-05-10,3.29008,3.29008,3.29008
2025-05-11,3.34252,3.34252,3.34252
2025-05-12,3.59898,3.59898,3.59898
2025-05-13,3.71617,3.71617,3.71617
2025-05-14,3.66214,3.66214,3.66214
2025-05-15,3.69498,3.69498,3.69498
2025-05-16,3.80671,3.80671,3.80671
2025-05-17,3.85419,3.85419,3.85419
2025-05-18,3.87894,3.87894,3.87894
2025-05-19,3.98215,3.98215,3.98215
2025-05-20,3.92227,3.92227,3.92227
2025-05-21,3.80665,3.80665,3.80665
2025-05-22,3.61293,3.61293,3.61293
2025-05-23,3.91083,3.91083,3.91083
2025-05-24,3.95309,3.95309,3.95309
2025-05-25,4.12603,4.12603,4.12603
2025-05-26,3.85487,3.85487,3.85487
2025-05-27,3.82898,3.82898,3.82898
2025-05-28,3.88816,3.88816,3.88816
2025-05-29,4.03087,4.03087,4.03087
2025-05-30,3.74995,3.74995,3.74995
2025-05-31,3.88941,3.88941,3.88941
2025-06-01,3.85111,3.85111,3.85111
2025-06-02,3.89288,3.89288,3.89288
2025-06-03,3.8952,3.8952,3.8952
2025-06-04,4.18542,4.18542,4.18542
2025-06-05,4.3703,4.3703,4.3703
2025-06-06,4.4831,4.4831,4.4831
2025-06-07,4.26812,4.26812,4.26812
2025-06-08,4.20013,4.20013,4.20013
2025-06-09,5.14191,5.14191,5.14191
2025-06-10,3.92608,3.92608,3.92608
2025-06-11,4.43792,4.43792,4.43792
2025-06-12,4.50784,4.50784,4.50784
2025-06-13,5.12594,5.12594,5.12594
2025-06-14,5.104,5.104,5.104
2025-06-15,4.54772,4.54772,4.54772
2025-06-16,2.97454,2.97454,2.97454
2025-06-17,3.28209,3.28209,3.28209
2025-06-18,3.33068,3.33068,3.33068
2025-06-19,3.35854,3.35854,3.35854
2025-06-20,3.65333,3.65333,3.65333
2025-06-21,3.68876,3.68876,3.68876
2025-06-22,3.62409,3.62409,3.62409
2025-06-23,3.80069,3.80069,3.80069
2025-06-24,3.74871,3.74871,3.74871
2025-06-25,3.72463,3.72463,3.72463
2025-06-26,3.74109,3.74109,3.74109
2025-06-27,3.8983,3.8983,3.8983
2025-06-28,3.85036,3.85036,3.85036
2025-06-29,3.84142,3.84142,3.84142
2025-06-30,3.72529,3.72529,3.72529
2025-07-01,3.92897,3.92897,3.92897
2025-07-02,3.90992,3.90992,3.90992
2025-07-03,3.94493,3.94493,3.94493
2025-07-04,3.97838,3.97838,3.97838
2025-07-05,3.93304,3.93304,3.93304
2025-07-06,3.95422,3.95422,3.95422
2025-07-07,4.01827,4.01827,4.01827
2025-07-08,3.83587,3.83587,3.83587
2025-07-09,3.41085,3.41085,3.41085
2025-07-10,3.55332,3.55332,3.55332
2025-07-11,3.54332,3.54332,3.54332
2025-07-12,3.5471,3.5471,3.5471
2025-07-13,3.62878,3.62878,3.62878
2025-07-14,3.48658,3.48658,3.48658
2025-07-15,3.5614,3.5614,3.5614
2025-07-16,3.75482,3.75482,3.75482
2025-07-17,4.02359,4.02359,4.02359
2025-07-18,3.93063,3.93063,3.93063
2025-07-19,3.94575,3.94575,3.94575
2025-07-20,3.45604,3.45604,3.45604
2025-07-21,3.77274,3.77274,3.77274
2025-07-22,3.84326,3.84326,3.84326
2025-07-23,3.94072,3.94072,3.94072
2025-07-24,3.72073,3.72073,3.72073
2025-07-25,3.79342,3.79342,3.79342
2025-07-26,3.82431,3.82431,3.82431
2025-07-27,3.78415,3.78415,3.78415
2025-07-28,3.94168,3.94168,3.94168
2025-07-29,3.89611,3.89611,3.89611
2025-07-30,4.01348,4.01348,4.01348
2025-07-31,4.20097,4.20097,4.20097
2025-08-01,4.27381,4.27381,4.27381
2025-08-02,4.00212,4.00212,4.00212
2025-08-03,4.16745,4.16745,4.16745
2025-08-04,4.24574,4.24574,4.24574
2025-08-05,4.17585,4.17585,4.17585
2025-08-06,4.23259,4.23259,4.23259
2025-08-07,3.91946,3.91946,3.91946
2025-08-08,3.83204,3.83204,3.83204
2025-08-09,4.01497,4.01497,4.01497
2025-08-10,3.97631,3.97631,3.97631
2025-08-11,4.19137,4.19137,4.19137
2025-08-12,3.87749,3.87749,3.87749
2025-08-13,4.50554,4.50554,4.50554
2025-08-14,4.37134,4.37134,4.37134
2025-08-15,4.35719,4.35719,4.35719
2025-08-16,4.45589,4.45589,4.45589
2025-08-17,4.48002,4.48002,4.48002
2025-08-18,4.73018,4.73018,4.73018
2025-08-19,4.55873,4.55873,4.55873
2025-08-20,4.60985,4.60985,4.60985
2025-08-21,4.65554,4.65554,4.65554
2025-08-22,4.88223,4.88223,4.88223
2025-08-23,4.62893,4.62893,4.62893
2025-08-24,4.75774,4.75774,4.75774
2025-08-25,4.50388,4.50388,4.50388
2025-08-26,4.38187,4.38187,4.38187
2025-08-27,4.2605,4.2605,4.2605
2025-08-28,4.11901,4.11901,4.11901
2025-08-29,4.00136,4.00136,4.00136
2025-08-30,4.03327,4.03327,4.03327
2025-08-31,4.00827,4.00827,4.00827
2025-09-01,4.08203,4.08203,4.08203
2025-09-02,4.06098,4.06098,4.06098
2025-09-03,4.18944,4.18944,4.18944
2025-09-04,4.38793,4.38793,4.38793
2025-09-05,4.30739,4.30739,4.30739
2025-09-06,4.32504,4.32504,4.32504
2025-09-07,4.30191,4.30191,4.30191
2025-09-08,4.40721,4.40721,4.40721
2025-09-09,4.681,4.681,4.681
2025-09-10,4.82262,4.82262,4.82262
2025-09-11,4.72272,4.72272,4.72272
2025-09-12,4.77308,4.77308,4.77308
2025-09-13,4.37652,4.37652,4.37652
2025-09-14,4.38434,4.38434,4.38434
2025-09-15,4.58087,4.58087,4.58087
2025-09-16,4.55953,4.55953,4.55953
2025-09-17,5.13826,5.13826,5.13826
2025-09-18,5.13928,5.13928,5.13928
2025-09-19,5.3167,5.3167,5.3167
2025-09-20,5.14086,5.14086,5.14086
2025-09-21,4.92938,4.92938,4.92938
2025-09-22,5.07671,5.07671,5.07671
2025-09-23,4.55841,4.55841,4.55841
2025-09-24,4.60902,4.60902,4.60902
2025-09-25,4.13084,4.13084,4.13084
2025-09-26,3.87877,3.87877,3.87877
2025-09-27,3.88891,3.88891,3.88891
2025-09-28,3.87883,3.87883,3.87883
2025-09-29,3.79223,3.79223,3.79223
2025-09-30,3.97312,3.97312,3.97312
2025-10-01,3.96577,3.96577,3.96577
2025-10-02,3.95881,3.95881,3.95881
2025-10-03,3.6412,3.6412,3.6412
2025-10-04,3.62742,3.62742,3.62742
2025-10-05,3.70037,3.70037,3.70037
2025-10-06,3.66415,3.66415,3.66415
2025-10-07,3.9167,3.9167,3.9167
2025-10-08,3.77864,3.77864,3.77864
2025-10-09,3.8124,3.8124,3.8124
2025-10-10,4.12854,4.12854,4.12854
2025-10-11,3.63831,3.63831,3.63831
2025-10-12,3.60393,3.60393,3.60393
2025-10-13,3.69802,3.69802,3.69802
2025-10-14,3.64035,3.64035,3.64035
2025-10-15,3.6993,3.6993,3.6993
2025-10-16,3.73551,3.73551,3.73551
2025-10-17,3.56495,3.56495,3.56495
2025-10-18,3.48086,3.48086,3.48086
2025-10-19,3.91595,3.91595,3.91595
2025-10-20,3.13133,3.13133,3.13133
2025-10-21,3.81004,3.81004,3.81004
2025-10-22,3.82051,3.82051,3.82051
2025-10-23,3.90914,3.90914,3.90914
2025-10-24,3.59423,3.59423,3.59423
2025-10-25,3.56808,3.56808,3.56808
2025-10-26,3.60303,3.60303,3.60303
2025-10-27,3.54414,3.54414,3.54414
2025-10-28,3.66421,3.66421,3.66421
2025-10-29,3.64125,3.64125,3.64125
2025-10-30,3.68317,3.68317,3.68317
2025-10-31,3.57393,3.57393,3.57393
2025-11-01,3.92975,3.92975,3.92975
2025-11-02,3.96764,3.96764,3.96764
2025-11-03,3.68571,3.68571,3.68571
2025-11-04,4.35751,4.35751,4.35751
2025-11-05,4.61307,4.61307,4.61307
2025-11-06,4.76754,4.76754,4.76754
2025-11-07,5.82087,5.82087,5.82087
2025-11-08,6.07374,6.07374,6.07374
2025-11-09,4.96524,4.96524,4.96524
2025-11-10,4.61953,4.61953,4.61953
2025-11-11,4.26845,4.26845,4.26845
2025-11-12,4.33027,4.33027,4.33027
2025-11-13,4.36817,4.36817,4.36817
2025-11-14,4.13997,4.13997,4.13997
2025-11-15,4.17829,4.17829,4.17829
2025-11-16,4.14064,4.14064,4.14064
2025-11-17,4.38477,4.38477,4.38477
2025-11-18,4.2148,4.2148,4.2148
2025-11-19,4.06932,4.06932,4.06932
2025-11-20,3.99329,3.99329,3.99329
2025-11-21,3.60586,3.60586,3.60586
2025-11-22,4.06591,4.06591,4.06591
2025-11-23,4.0666,4.0666,4.0666
2025-11-24,3.99309,3.99309,3.99309
2025-11-25,3.90451,3.90451,3.90451
2025-11-26,3.51304,3.51304,3.51304
2025-11-27,3.37258,3.37258,3.37258
2025-11-28,3.22281,3.22281,3.22281
2025-11-29,3.57407,3.57407,3.57407
2025-11-30,3.45058,3.45058,3.45058
2025-12-01,3.50373,3.50373,3.50373
2025-12-02,3.40633,3.40633,3.40633
2025-12-03,3.37072,3.37072,3.37072
2025-12-04,3.36727,3.36727,3.36727
2025-12-05,3.23511,3.23511,3.23511
2025-12-06,3.27711,3.27711,3.27711
2025-12-07,3.37134,3.37134,3.37134
2025-12-08,3.28782,3.28782,3.28782
2025-12-09,3.33988,3.33988,3.33988
2025-12-10,3.44215,3.44215,3.44215
2025-12-11,3.58866,3.58866,3.58866
2025-12-12,3.5352,3.5352,3.5352
2025-12-13,3.44337,3.44337,3.44337
2025-12-14,3.41135,3.41135,3.41135
2025-12-15,3.50318,3.50318,3.50318
2025-12-16,3.47893,3.47893,3.47893
2025-12-17,3.42591,3.42591,3.42591
2025-12-18,3.25406,3.25406,3.25406
2025-12-19,3.29785,3.29785,3.29785
2025-12-20,3.05817,3.05817,3.05817
2025-12-21,3.02541,3.02541,3.02541
2025-12-22,3.04842,3.04842,3.04842
2025-12-23,3.01296,3.01296,3.01296
2025-12-24,3.08393,3.08393,3.08393
2025-12-25,3.18339,3.18339,3.18339
2025-12-26,3.12533,3.12533,3.12533
2025-12-27,3.10284,3.10284,3.10284
2025-12-28,3.10998,3.10998,3.10998
2025-12-29,3.08516,3.08516,3.08516
2025-12-30,3.11097,3.11097,3.11097
2025-12-31,3.42833,3.42833,3.42833
2026-01-01,3.57391,3.57391,3.57391
2026-01-02,3.09455,3.09455,3.09455
2026-01-03,3.51139,3.51139,3.51139
2026-01-04,3.54065,3.54065,3.54065
2026-01-05,3.21839,3.21839,3.21839
2026-01-06,3.36003,3.36003,3.36003
2026-01-07,3.3967,3.3967,3.3967
2026-01-08,3.4353,3.4353,3.4353
2026-01-09,3.46157,3.46157,3.46157
2026-01-10,3.48157,3.48157,3.48157
2026-01-11,3.46228,3.46228,3.46228
2026-01-12,3.51733,3.51733,3.51733
2026-01-13,3.59676,3.59676,3.59676
2026-01-14,3.56569,3.56569,3.56569
2026-01-15,3.41333,3.41333,3.41333
2026-01-16,3.3729,3.3729,3.3729
2026-01-17,3.40757,3.40757,3.40757
2026-01-18,3.40645,3.40645,3.40645
2026-01-19,3.3144,3.3144,3.3144
2026-01-20,3.48659,3.48659,3.48659
2026-01-21,3.90562,3.90562,3.90562
2026-01-22,3.67531,3.67531,3.67531
2026-01-23,3.76745,3.76745,3.76745
2026-01-24,3.80331,3.80331,3.80331
2026-01-25,3.75471,3.75471,3.75471
2026-01-26,4.02996,4.02996,4.02996
2026-01-27,4.01785,4.01785,4.01785
2026-01-28,3.94896,3.94896,3.94896
2026-01-29,5.0615,5.0615,5.0615
2026-01-30,4.02328,4.02328,4.02328
2026-01-31,3.85453,3.85453,3.85453
2026-02-01,3.71202,3.71202,3.71202
2026-02-02,3.55465,3.55465,3.55465
2026-02-03,3.54668,3.54668,3.54668
2026-02-04,2.97994,2.97994,2.97994
2026-02-05,2.87429,2.87429,2.87429
2026-02-06,2.75478,2.75478,2.75478
2026-02-07,2.37165,2.37165,2.37165
2026-02-08,2.31918,2.31918,2.31918
2026-02-09,2.22106,2.22106,2.22106
2026-02-10,2.3952,2.3952,2.3952
2026-02-11,2.32973,2.32973,2.32973
2026-02-12,2.32338,2.32338,2.32338
2026-02-13,2.3566,2.3566,2.3566
2026-02-14,2.33746,2.33746,2.33746
2026-02-15,2.34016,2.34016,2.34016
