date,DEMDEPSL,DFF,DGS10,DPSACBW027SBOG,LTDACBW027SBOG,RRPONTSYD,SAVINGSL,SOFR,WSHOMCB
2019-01-01,1492.0,2.4,,,,,9264.1,,
2019-01-02,,2.4,2.66,12468.2108,1700.531,19.481,,3.15,1637123.0
2019-01-03,,2.4,2.56,,,7.198,,2.7,
2019-01-04,,2.4,2.67,,,2.86,,2.45,
2019-01-05,,2.4,,,,,,,
2019-01-06,,2.4,,,,,,,
2019-01-07,,2.4,2.7,,,2.786,,2.41,
2019-01-08,,2.4,2.73,,,2.811,,2.42,
2019-01-09,,2.4,2.74,12468.2193,1711.1366,2.537,,2.45,1637123.0
2019-01-10,,2.4,2.74,,,2.216,,2.43,
2019-01-11,,2.4,2.71,,,2.016,,2.41,
2019-01-12,,2.4,,,,,,,
2019-01-13,,2.4,,,,,,,
2019-01-14,,2.4,2.71,,,1.205,,2.4,
2019-01-15,,2.4,2.72,,,2.016,,2.46,
2019-01-16,,2.4,2.73,12441.0657,1716.4731,1.316,,2.43,1632729.0
2019-01-17,,2.4,2.75,,,2.065,,2.41,
2019-01-18,,2.4,2.79,,,13.165,,2.42,
2019-01-19,,2.4,,,,,,,
2019-01-20,,2.4,,,,,,,
2019-01-21,,2.4,,,,,,,
2019-01-22,,2.4,2.74,,,10.465,,2.41,
2019-01-23,,2.4,2.76,12505.6674,1721.5787,11.415,,2.4,1628895.0
2019-01-24,,2.4,2.72,,,15.06,,2.41,
2019-01-25,,2.4,2.76,,,1.515,,2.4,
2019-01-26,,2.4,,,,,,,
2019-01-27,,2.4,,,,,,,
2019-01-28,,2.4,2.75,,,1.265,,2.39,
2019-01-29,,2.4,2.72,,,1.84,,2.4,
2019-01-30,,2.4,2.7,12459.495,1730.7663,0.99,,2.39,1621809.0
2019-01-31,,2.4,2.63,,,1.051,,2.58,
2019-02-01,1497.0,2.4,2.7,,,0.665,9265.7,2.47,
2019-02-02,,2.4,,,,,,,
2019-02-03,,2.4,,,,,,,
2019-02-04,,2.4,2.73,,,4.515,,2.4,
2019-02-05,,2.4,2.71,,,1.686,,2.4,
2019-02-06,,2.4,2.7,12511.4683,1730.0016,1.926,,2.38,1621809.0
2019-02-07,,2.4,2.65,,,2.32,,2.38,
2019-02-08,,2.4,2.63,,,2.016,,2.37,
2019-02-09,,2.4,,,,,,,
2019-02-10,,2.4,,,,,,,
2019-02-11,,2.4,2.65,,,2.006,,2.4,
2019-02-12,,2.4,2.68,,,1.658,,2.39,
2019-02-13,,2.4,2.71,12490.0573,1739.1504,1.697,,2.38,1621956.0
2019-02-14,,2.4,2.66,,,1.341,,2.39,
2019-02-15,,2.4,2.66,,,5.271,,2.43,
2019-02-16,,2.4,,,,,,,
2019-02-17,,2.4,,,,,,,
2019-02-18,,2.4,,,,,,,
2019-02-19,,2.4,2.65,,,1.967,,2.4,
2019-02-20,,2.4,2.65,12502.1403,1747.7684,2.275,,2.39,1614150.0
2019-02-21,,2.4,2.69,,,1.725,,2.39,
2019-02-22,,2.4,2.65,,,6.665,,2.4,
2019-02-23,,2.4,,,,,,,
2019-02-24,,2.4,,,,,,,
2019-02-25,,2.4,2.67,,,1.375,,2.38,
2019-02-26,,2.4,2.64,,,1.815,,2.38,
2019-02-27,,2.4,2.69,12519.2438,1752.8609,1.915,,2.37,1607609.0
2019-02-28,,2.4,2.73,,,3.415,,2.58,
2019-03-01,1464.9,2.4,2.76,,,2.015,9296.0,2.38,
2019-03-02,,2.4,,,,,,,
2019-03-03,,2.4,,,,,,,
2019-03-04,,2.4,2.72,,,2.917,,2.38,
2019-03-05,,2.4,2.72,,,3.119,,2.38,
2019-03-06,,2.4,2.69,12547.4651,1763.8976,2.115,,2.38,1607609.0
2019-03-07,,2.4,2.64,,,0.717,,2.38,
2019-03-08,,2.4,2.62,,,0.015,,2.39,
2019-03-09,,2.4,,,,,,,
2019-03-10,,2.4,,,,,,,
2019-03-11,,2.4,2.64,,,0.019,,2.38,
2019-03-12,,2.4,2.61,,,0.027,,2.39,
2019-03-13,,2.4,2.61,12534.9085,1774.5332,0.016,,2.4,1607767.0
2019-03-14,,2.4,2.63,,,0.019,,2.42,
2019-03-15,,2.4,2.59,,,0.015,,2.46,
2019-03-16,,2.4,,,,,,,
2019-03-17,,2.4,,,,,,,
2019-03-18,,2.4,2.6,,,3.169,,2.41,
2019-03-19,,2.4,2.61,,,2.515,,2.42,
2019-03-20,,2.41,2.54,12569.6852,1784.7442,0.617,,2.47,1599472.0
2019-03-21,,2.41,2.54,,,0.411,,2.44,
2019-03-22,,2.41,2.44,,,5.016,,2.4,
2019-03-23,,2.41,,,,,,,
2019-03-24,,2.41,,,,,,,
2019-03-25,,2.4,2.43,,,0.129,,2.4,
2019-03-26,,2.4,2.41,,,0.566,,2.4,
2019-03-27,,2.41,2.39,12615.5167,1785.4073,0.166,,2.4,1592723.0
2019-03-28,,2.41,2.39,,,0.515,,2.43,
2019-03-29,,2.43,2.41,,,0.731,,2.65,
2019-03-30,,2.43,,,,,,,
2019-03-31,,2.43,,,,,,,
2019-04-01,1488.2,2.41,2.49,,,0.011,9252.6,2.46,
2019-04-02,,2.41,2.48,,,0.019,,2.46,
2019-04-03,,2.41,2.52,12617.339,1781.0956,0.016,,2.47,1592723.0
2019-04-04,,2.41,2.51,,,0.615,,2.46,
2019-04-05,,2.41,2.5,,,0.015,,2.46,
2019-04-06,,2.41,,,,,,,
2019-04-07,,2.41,,,,,,,
2019-04-08,,2.41,2.52,,,0.284,,2.46,
2019-04-09,,2.41,2.51,,,0.41,,2.45,
2019-04-10,,2.41,2.48,12615.7027,1782.8548,2.731,,2.45,1592912.0
2019-04-11,,2.41,2.51,,,0.122,,2.44,
2019-04-12,,2.41,2.56,,,0.016,,2.44,
2019-04-13,,2.41,,,,,,,
2019-04-14,,2.41,,,,,,,
2019-04-15,,2.41,2.55,,,0.018,,2.47,
2019-04-16,,2.41,2.6,,,0.7,,2.47,
2019-04-17,,2.42,2.59,12613.4386,1781.5344,0.015,,2.5,1587938.0
2019-04-18,,2.43,2.57,,,,,2.5,
2019-04-19,,2.44,,,,,,,
2019-04-20,,2.44,,,,,,,
2019-04-21,,2.44,,,,,,,
2019-04-22,,2.44,2.59,,,1.117,,2.46,
2019-04-23,,2.44,2.57,,,5.69,,2.46,
2019-04-24,,2.44,2.53,12626.3133,1768.0003,9.515,,2.44,1583393.0
2019-04-25,,2.44,2.54,,,0.61,,2.45,
2019-04-26,,2.44,2.51,,,0.915,,2.46,
2019-04-27,,2.44,,,,,,,
2019-04-28,,2.44,,,,,,,
2019-04-29,,2.45,2.54,,,0.615,,2.48,
2019-04-30,,2.45,2.51,,,0.015,,2.76,
2019-05-01,1481.3,2.45,2.52,12679.342,1791.5933,0.027,9341.1,2.54,1575433.0
2019-05-02,,2.41,2.55,,,0.023,,2.5,
2019-05-03,,2.4,2.54,,,0.01,,2.43,
2019-05-04,,2.4,,,,,,,
2019-05-05,,2.4,,,,,,,
2019-05-06,,2.4,2.51,,,0.067,,2.42,
2019-05-07,,2.4,2.45,,,0.961,,2.44,
2019-05-08,,2.39,2.49,12661.6177,1796.6586,0.021,,2.43,1575433.0
2019-05-09,,2.38,2.45,,,0.516,,2.41,
2019-05-10,,2.38,2.47,,,0.271,,2.4,
2019-05-11,,2.38,,,,,,,
2019-05-12,,2.38,,,,,,,
2019-05-13,,2.38,2.4,,,0.111,,2.38,
2019-05-14,,2.38,2.42,,,1.37,,2.39,
2019-05-15,,2.4,2.37,12720.3306,1795.9159,0.46,,2.48,1569584.0
2019-05-16,,2.39,2.4,,,1.75,,2.43,
2019-05-17,,2.39,2.39,,,9.7,,2.42,
2019-05-18,,2.39,,,,,,,
2019-05-19,,2.39,,,,,,,
2019-05-20,,2.39,2.41,,,8.105,,2.39,
2019-05-21,,2.39,2.43,,,3.705,,2.38,
2019-05-22,,2.38,2.39,12668.834,1747.7392,3.751,,2.37,1564428.0
2019-05-23,,2.38,2.31,,,4.93,,2.37,
2019-05-24,,2.38,2.32,,,5.956,,2.37,
2019-05-25,,2.38,,,,,,,
2019-05-26,,2.38,,,,,,,
2019-05-27,,2.38,,,,,,,
2019-05-28,,2.39,2.26,,,1.52,,2.41,
2019-05-29,,2.39,2.25,12679.209,1745.3355,2.226,,2.4,1555405.0
2019-05-30,,2.39,2.22,,,1.026,,2.4,
2019-05-31,,2.4,2.14,,,0.855,,2.49,
2019-06-01,1522.9,2.4,,,,,9400.4,,
2019-06-02,,2.4,,,,,,,
2019-06-03,,2.38,2.07,,,1.255,,2.4,
2019-06-04,,2.38,2.12,,,1.891,,2.39,
2019-06-05,,2.38,2.12,12719.6715,1748.6509,2.255,,2.4,1555405.0
2019-06-06,,2.37,2.12,,,2.21,,2.4,
2019-06-07,,2.37,2.09,,,1.91,,2.39,
2019-06-08,,2.37,,,,,,,
2019-06-09,,2.37,,,,,,,
2019-06-10,,2.37,2.15,,,2.105,,2.39,
2019-06-11,,2.37,2.15,,,1.007,,2.38,
2019-06-12,,2.37,2.13,12739.7871,1754.4601,1.705,,2.37,1555405.0
2019-06-13,,2.37,2.1,,,1.655,,2.35,
2019-06-14,,2.36,2.09,,,1.657,,2.35,
2019-06-15,,2.36,,,,,,,
2019-06-16,,2.36,,,,,,,
2019-06-17,,2.38,2.09,,,2.269,,2.41,
2019-06-18,,2.37,2.06,,,18.006,,2.39,
2019-06-19,,2.37,2.03,12764.4953,1762.8098,22.357,,2.36,1548796.0
2019-06-20,,2.37,2.01,,,27.43,,2.36,
2019-06-21,,2.38,2.07,,,21.355,,2.37,
2019-06-22,,2.38,,,,,,,
2019-06-23,,2.38,,,,,,,
2019-06-24,,2.38,2.02,,,11.156,,2.39,
2019-06-25,,2.38,2.0,,,6.4,,2.41,
2019-06-26,,2.38,2.05,12812.7513,1773.2645,7.784,,2.43,1532726.0
2019-06-27,,2.38,2.01,,,16.794,,2.42,
2019-06-28,,2.4,2.0,,,44.307,,2.5,
2019-06-29,,2.4,,,,,,,
2019-06-30,,2.4,,,,,,,
2019-07-01,1537.7,2.39,2.03,,,15.837,9431.3,2.42,
2019-07-02,,2.4,1.98,,,8.16,,2.51,
2019-07-03,,2.41,1.96,12795.1037,1771.1409,6.849,,2.56,1532726.0
2019-07-04,,2.41,,,,,,,
2019-07-05,,2.42,2.04,,,6.155,,2.59,
2019-07-06,,2.42,,,,,,,
2019-07-07,,2.42,,,,,,,
2019-07-08,,2.41,2.05,,,6.5,,2.48,
2019-07-09,,2.41,2.07,,,6.576,,2.45,
2019-07-10,,2.41,2.07,12749.473,1765.2848,6.252,,2.46,1532726.0
2019-07-11,,2.4,2.13,,,4.95,,2.41,
2019-07-12,,2.38,2.12,,,5.15,,2.36,
2019-07-13,,2.38,,,,,,,
2019-07-14,,2.38,,,,,,,
2019-07-15,,2.4,2.09,,,5.557,,2.46,
2019-07-16,,2.41,2.13,,,3.007,,2.47,
2019-07-17,,2.41,2.06,12780.0686,1767.8396,1.96,,2.47,1527093.0
2019-07-18,,2.41,2.04,,,16.662,,2.46,
2019-07-19,,2.41,2.05,,,14.255,,2.41,
2019-07-20,,2.41,,,,,,,
2019-07-21,,2.41,,,,,,,
2019-07-22,,2.4,2.05,,,14.16,,2.4,
2019-07-23,,2.4,2.08,,,14.755,,2.4,
2019-07-24,,2.4,2.05,12811.1981,1758.0162,8.255,,2.41,1521542.0
2019-07-25,,2.4,2.08,,,3.355,,2.42,
2019-07-26,,2.4,2.08,,,3.25,,2.41,
2019-07-27,,2.4,,,,,,,
2019-07-28,,2.4,,,,,,,
2019-07-29,,2.4,2.06,,,3.928,,2.4,
2019-07-30,,2.39,2.06,,,2.306,,2.39,
2019-07-31,,2.4,2.02,12828.1527,1758.0169,7.367,,2.55,1511775.0
2019-08-01,1513.9,2.14,1.9,,,6.044,9508.8,2.19,
2019-08-02,,2.14,1.86,,,3.335,,2.19,
2019-08-03,,2.14,,,,,,,
2019-08-04,,2.14,,,,,,,
2019-08-05,,2.13,1.75,,,3.474,,2.13,
2019-08-06,,2.13,1.73,,,3.41,,2.11,
2019-08-07,,2.12,1.71,12837.0064,1761.6596,3.622,,2.1,1511777.0
2019-08-08,,2.12,1.72,,,3.056,,2.09,
2019-08-09,,2.12,1.74,,,2.72,,2.11,
2019-08-10,,2.12,,,,,,,
2019-08-11,,2.12,,,,,,,
2019-08-12,,2.12,1.65,,,5.43,,2.12,
2019-08-13,,2.12,1.68,,,5.001,,2.16,
2019-08-14,,2.12,1.59,12819.3109,1762.1967,2.744,,2.13,1514174.0
2019-08-15,,2.13,1.52,,,3.51,,2.18,
2019-08-16,,2.13,1.55,,,11.843,,2.13,
2019-08-17,,2.13,,,,,,,
2019-08-18,,2.13,,,,,,,
2019-08-19,,2.13,1.6,,,13.403,,2.11,
2019-08-20,,2.13,1.55,,,15.98,,2.13,
2019-08-21,,2.12,1.59,12818.3989,1776.2848,15.153,,2.1,1500670.0
2019-08-22,,2.12,1.62,,,14.611,,2.09,
2019-08-23,,2.12,1.52,,,9.046,,2.1,
2019-08-24,,2.12,,,,,,,
2019-08-25,,2.12,,,,,,,
2019-08-26,,2.12,1.54,,,3.676,,2.1,
2019-08-27,,2.12,1.49,,,1.555,,2.15,
2019-08-28,,2.12,1.47,12849.7693,1788.0611,4.255,,2.12,1489605.0
2019-08-29,,2.12,1.5,,,0.102,,2.12,
2019-08-30,,2.13,1.5,,,12.089,,2.16,
2019-08-31,,2.13,,,,,,,
2019-09-01,1545.9,2.13,,,,,9545.3,,
2019-09-02,,2.13,,,,,,,
2019-09-03,,2.13,1.47,,,1.754,,2.17,
2019-09-04,,2.13,1.47,12896.3945,1788.6638,1.425,,2.21,1489605.0
2019-09-05,,2.13,1.57,,,1.075,,2.21,
2019-09-06,,2.12,1.55,,,0.88,,2.15,
2019-09-07,,2.12,,,,,,,
2019-09-08,,2.12,,,,,,,
2019-09-09,,2.13,1.63,,,2.787,,2.12,
2019-09-10,,2.13,1.72,,,3.608,,2.14,
2019-09-11,,2.13,1.75,12868.8625,1788.6032,3.612,,2.15,1489605.0
2019-09-12,,2.13,1.79,,,3.469,,2.2,
2019-09-13,,2.14,1.9,,,2.675,,2.2,
2019-09-14,,2.14,,,,,,,
2019-09-15,,2.14,,,,,,,
2019-09-16,,2.25,1.84,,,2.202,,2.43,
2019-09-17,,2.3,1.81,,,1.825,,5.25,
2019-09-18,,2.25,1.8,12910.3533,1789.9222,18.91,,2.55,1484434.0
2019-09-19,,1.9,1.79,,,5.004,,1.95,
2019-09-20,,1.9,1.74,,,7.552,,1.86,
2019-09-21,,1.9,,,,,,,
2019-09-22,,1.9,,,,,,,
2019-09-23,,1.9,1.72,,,7.485,,1.85,
2019-09-24,,1.9,1.64,,,0.101,,1.96,
2019-09-25,,1.9,1.73,12978.4383,1788.9177,0.133,,2.01,1467257.0
2019-09-26,,1.85,1.7,,,5.18,,1.85,
2019-09-27,,1.83,1.69,,,5.33,,1.82,
2019-09-28,,1.83,,,,,,,
2019-09-29,,1.83,,,,,,,
2019-09-30,,1.9,1.68,,,7.057,,2.35,
2019-10-01,1565.7,1.88,1.65,,,2.706,9633.6,1.88,
2019-10-02,,1.85,1.6,13040.3191,1806.7804,3.054,,1.85,1467260.0
2019-10-03,,1.83,1.54,,,3.297,,1.84,
2019-10-04,,1.82,1.52,,,5.325,,1.82,
2019-10-05,,1.82,,,,,,,
2019-10-06,,1.82,,,,,,,
2019-10-07,,1.82,1.56,,,5.65,,1.83,
2019-10-08,,1.82,1.54,,,3.976,,1.85,
2019-10-09,,1.82,1.59,13038.1325,1819.0727,1.469,,1.85,1467273.0
2019-10-10,,1.82,1.67,,,1.1,,1.85,
2019-10-11,,1.82,1.76,,,2.95,,1.85,
2019-10-12,,1.82,,,,,,,
2019-10-13,,1.82,,,,,,,
2019-10-14,,1.82,,,,,,,
2019-10-15,,1.9,1.77,,,1.726,,2.0,
2019-10-16,,1.9,1.75,13067.4565,1806.7495,1.803,,2.05,1463137.0
2019-10-17,,1.85,1.76,,,1.001,,1.95,
2019-10-18,,1.85,1.76,,,20.1,,1.88,
2019-10-19,,1.85,,,,,,,
2019-10-20,,1.85,,,,,,,
2019-10-21,,1.85,1.8,,,18.758,,1.86,
2019-10-22,,1.85,1.78,,,20.7,,1.87,
2019-10-23,,1.85,1.77,13066.9543,1812.4849,18.29,,1.87,1457914.0
2019-10-24,,1.85,1.77,,,0.425,,1.86,
2019-10-25,,1.83,1.8,,,0.005,,1.84,
2019-10-26,,1.83,,,,,,,
2019-10-27,,1.83,,,,,,,
2019-10-28,,1.83,1.85,,,0.036,,1.82,
2019-10-29,,1.82,1.84,,,0.081,,1.81,
2019-10-30,,1.82,1.78,13037.9634,1811.9687,0.196,,1.82,1445762.0
2019-10-31,,1.58,1.69,,,2.851,,1.76,
2019-11-01,1575.3,1.57,1.73,,,2.1,9718.0,1.58,
2019-11-02,,1.57,,,,,,,
2019-11-03,,1.57,,,,,,,
2019-11-04,,1.56,1.79,,,3.085,,1.56,
2019-11-05,,1.56,1.86,,,1.836,,1.58,
2019-11-06,,1.55,1.81,13095.9943,1814.6887,1.65,,1.57,1445776.0
2019-11-07,,1.55,1.92,,,1.055,,1.56,
2019-11-08,,1.55,1.94,,,0.805,,1.56,
2019-11-09,,1.55,,,,,,,
2019-11-10,,1.55,,,,,,,
2019-11-11,,1.55,,,,,,,
2019-11-12,,1.55,1.92,,,1.301,,1.57,
2019-11-13,,1.55,1.88,13135.8604,1822.1972,1.762,,1.57,1450089.0
2019-11-14,,1.55,1.82,,,1.867,,1.58,
2019-11-15,,1.55,1.84,,,0.002,,1.59,
2019-11-16,,1.55,,,,,,,
2019-11-17,,1.55,,,,,,,
2019-11-18,,1.55,1.81,,,27.055,,1.56,
2019-11-19,,1.55,1.79,,,26.726,,1.57,
2019-11-20,,1.55,1.73,13145.7956,1825.1816,26.026,,1.57,1437197.0
2019-11-21,,1.55,1.77,,,25.719,,1.58,
2019-11-22,,1.55,1.77,,,0.375,,1.58,
2019-11-23,,1.55,,,,,,,
2019-11-24,,1.55,,,,,,,
2019-11-25,,1.55,1.76,,,0.0,,1.56,
2019-11-26,,1.55,1.74,,,2.205,,1.54,
2019-11-27,,1.55,1.77,13184.1044,1846.8758,0.506,,1.55,1423724.0
2019-11-28,,1.55,,,,,,,
2019-11-29,,1.56,1.78,,,0.75,,1.65,
2019-11-30,,1.56,,,,,,,
2019-12-01,1614.9,1.56,,,,,9746.6,,
2019-12-02,,1.56,1.83,,,0.015,,1.63,
2019-12-03,,1.55,1.72,,,0.151,,1.55,
2019-12-04,,1.55,1.77,13169.2423,1837.7075,0.0,,1.54,1423725.0
2019-12-05,,1.55,1.8,,,0.001,,1.55,
2019-12-06,,1.55,1.84,,,1.0,,1.55,
2019-12-07,,1.55,,,,,,,
2019-12-08,,1.55,,,,,,,
2019-12-09,,1.55,1.83,,,0.115,,1.56,
2019-12-10,,1.55,1.85,,,0.001,,1.55,
2019-12-11,,1.55,1.79,13199.3919,1836.0458,0.605,,1.54,1423725.0
2019-12-12,,1.55,1.9,,,0.6,,1.53,
2019-12-13,,1.55,1.82,,,0.0,,1.54,
2019-12-14,,1.55,,,,,,,
2019-12-15,,1.55,,,,,,,
2019-12-16,,1.56,1.89,,,1.328,,1.62,
2019-12-17,,1.55,1.89,,,0.826,,1.54,
2019-12-18,,1.55,1.92,13193.883,1839.2019,13.362,,1.53,1422436.0
2019-12-19,,1.55,1.92,,,8.936,,1.53,
2019-12-20,,1.55,1.92,,,13.051,,1.53,
2019-12-21,,1.55,,,,,,,
2019-12-22,,1.55,,,,,,,
2019-12-23,,1.55,1.93,,,7.652,,1.52,
2019-12-24,,1.55,1.9,,,4.423,,1.52,
2019-12-25,,1.55,,13193.9727,1836.1485,,,,1419980.0
2019-12-26,,1.55,1.9,,,3.192,,1.52,
2019-12-27,,1.55,1.88,,,0.825,,1.53,
2019-12-28,,1.55,,,,,,,
2019-12-29,,1.55,,,,,,,
2019-12-30,,1.55,1.9,,,6.525,,1.54,
2019-12-31,,1.55,1.92,,,64.087,,1.55,
2020-01-01,1593.6,1.55,,13200.4212,1848.3256,,9854.8,,1408677.0
2020-01-02,,1.55,1.88,,,3.1,,1.54,
2020-01-03,,1.55,1.8,,,4.251,,1.55,
2020-01-04,,1.55,,,,,,,
2020-01-05,,1.55,,,,,,,
2020-01-06,,1.55,1.81,,,3.825,,1.55,
2020-01-07,,1.55,1.83,,,1.602,,1.56,
2020-01-08,,1.55,1.87,13262.0486,1832.8141,0.876,,1.55,1408677.0
2020-01-09,,1.55,1.85,,,0.401,,1.55,
2020-01-10,,1.54,1.83,,,0.627,,1.55,
2020-01-11,,1.54,,,,,,,
2020-01-12,,1.54,,,,,,,
2020-01-13,,1.54,1.85,,,1.0,,1.54,
2020-01-14,,1.54,1.82,,,0.656,,1.55,
2020-01-15,,1.54,1.79,13297.4572,1828.5113,0.675,,1.56,1404318.0
2020-01-16,,1.54,1.81,,,0.3,,1.55,
2020-01-17,,1.55,1.84,,,16.15,,1.54,
2020-01-18,,1.55,,,,,,,
2020-01-19,,1.55,,,,,,,
2020-01-20,,1.55,,,,,,,
2020-01-21,,1.55,1.78,,,13.381,,1.54,
2020-01-22,,1.55,1.77,13294.9795,1818.4495,15.604,,1.54,1398642.0
2020-01-23,,1.55,1.74,,,12.904,,1.54,
2020-01-24,,1.55,1.7,,,0.0,,1.53,
2020-01-25,,1.55,,,,,,,
2020-01-26,,1.55,,,,,,,
2020-01-27,,1.55,1.61,,,0.002,,1.53,
2020-01-28,,1.55,1.65,,,0.002,,1.53,
2020-01-29,,1.55,1.6,13283.4278,1817.6,0.3,,1.53,1387288.0
2020-01-30,,1.6,1.57,,,4.14,,1.58,
2020-01-31,,1.59,1.51,,,4.5,,1.6,
2020-02-01,1600.9,1.59,,,,,9930.2,,
2020-02-02,,1.59,,,,,,,
2020-02-03,,1.59,1.54,,,6.16,,1.59,
2020-02-04,,1.59,1.61,,,2.112,,1.6,
2020-02-05,,1.59,1.66,13328.1249,1809.0838,4.112,,1.59,1387289.0
2020-02-06,,1.59,1.65,,,0.403,,1.59,
2020-02-07,,1.58,1.59,,,1.1,,1.58,
2020-02-08,,1.58,,,,,,,
2020-02-09,,1.58,,,,,,,
2020-02-10,,1.58,1.56,,,0.83,,1.58,
2020-02-11,,1.58,1.59,,,0.228,,1.58,
2020-02-12,,1.58,1.62,13329.7465,1811.984,0.309,,1.57,1391526.0
2020-02-13,,1.58,1.61,,,0.45,,1.57,
2020-02-14,,1.58,1.59,,,0.0,,1.58,
2020-02-15,,1.58,,,,,,,
2020-02-16,,1.58,,,,,,,
2020-02-17,,1.58,,,,,,,
2020-02-18,,1.59,1.55,,,9.454,,1.6,
2020-02-19,,1.59,1.56,13371.19,1806.9848,0.095,,1.59,1385784.0
2020-02-20,,1.59,1.52,,,3.6,,1.6,
2020-02-21,,1.58,1.46,,,4.532,,1.58,
2020-02-22,,1.58,,,,,,,
2020-02-23,,1.58,,,,,,,
2020-02-24,,1.58,1.38,,,0.592,,1.58,
2020-02-25,,1.58,1.33,,,0.111,,1.59,
2020-02-26,,1.58,1.33,13349.2665,1806.2958,2.3,,1.58,1371843.0
2020-02-27,,1.58,1.3,,,0.275,,1.58,
2020-02-28,,1.58,1.13,,,2.187,,1.6,
2020-02-29,,1.58,,,,,,,
2020-03-01,1823.5,1.58,,,,,10179.9,,
2020-03-02,,1.59,1.1,,,2.525,,1.59,
2020-03-03,,1.59,1.02,,,0.627,,1.64,
2020-03-04,,1.09,1.02,13443.7582,1786.3001,5.025,,1.23,1371846.0
2020-03-05,,1.09,0.92,,,0.85,,1.12,
2020-03-06,,1.09,0.74,,,2.93,,1.1,
2020-03-07,,1.09,,,,,,,
2020-03-08,,1.09,,,,,,,
2020-03-09,,1.09,0.54,,,2.504,,1.09,
2020-03-10,,1.09,0.76,,,0.151,,1.11,
2020-03-11,,1.09,0.82,13478.6169,1789.3843,1.325,,1.15,1371846.0
2020-03-12,,1.1,0.88,,,21.05,,1.2,
2020-03-13,,1.1,0.94,,,15.1,,1.1,
2020-03-14,,1.1,,,,,,,
2020-03-15,,1.1,,,,,,,
2020-03-16,,0.25,0.73,,,1.425,,0.26,
2020-03-17,,0.25,1.02,,,5.7,,0.54,
2020-03-18,,0.25,1.18,13758.9237,1758.5685,0.477,,0.1,1366676.0
2020-03-19,,0.2,1.12,,,1.195,,0.06,
2020-03-20,,0.15,0.92,,,12.203,,0.04,
2020-03-21,,0.15,,,,,,,
2020-03-22,,0.15,,,,,,,
2020-03-23,,0.15,0.76,,,26.944,,0.02,
2020-03-24,,0.12,0.84,,,41.516,,0.01,
2020-03-25,,0.1,0.88,14118.3037,1731.0318,97.411,,0.01,1384563.0
2020-03-26,,0.1,0.83,,,138.48,,0.01,
2020-03-27,,0.1,0.72,,,210.794,,0.01,
2020-03-28,,0.1,,,,,,,
2020-03-29,,0.1,,,,,,,
2020-03-30,,0.09,0.7,,,237.497,,0.01,
2020-03-31,,0.08,0.7,,,284.908,,0.01,
2020-04-01,2029.8,0.06,0.62,14268.02,1758.0979,207.828,10602.8,0.01,1457721.0
2020-04-02,,0.05,0.63,,,182.627,,0.01,
2020-04-03,,0.05,0.62,,,148.117,,0.01,
2020-04-04,,0.05,,,,,,,
2020-04-05,,0.05,,,,,,,
2020-04-06,,0.05,0.67,,,144.294,,0.01,
2020-04-07,,0.05,0.75,,,88.36,,0.01,
2020-04-08,,0.05,0.77,14254.7317,1743.0935,53.483,,0.01,1459701.0
2020-04-09,,0.05,0.73,,,5.525,,0.01,
2020-04-10,,0.05,,,,,,,
2020-04-11,,0.05,,,,,,,
2020-04-12,,0.05,,,,,,,
2020-04-13,,0.05,0.76,,,6.1,,0.02,
2020-04-14,,0.05,0.76,,,9.9,,0.06,
2020-04-15,,0.05,0.63,14629.9556,1750.4307,3.15,,0.03,1568171.0
2020-04-16,,0.05,0.61,,,1.525,,0.03,
2020-04-17,,0.05,0.65,,,1.726,,0.03,
2020-04-18,,0.05,,,,,,,
2020-04-19,,0.05,,,,,,,
2020-04-20,,0.05,0.63,,,31.0,,0.02,
2020-04-21,,0.05,0.58,,,12.528,,0.01,
2020-04-22,,0.05,0.63,14874.6516,1763.2674,10.825,,0.01,1622487.0
2020-04-23,,0.04,0.61,,,1.45,,0.01,
2020-04-24,,0.05,0.6,,,1.5,,0.03,
2020-04-25,,0.05,,,,,,,
2020-04-26,,0.05,,,,,,,
2020-04-27,,0.04,0.67,,,16.476,,0.03,
2020-04-28,,0.04,0.62,,,7.131,,0.01,
2020-04-29,,0.04,0.63,15005.8183,1765.0144,1.45,,0.01,1604720.0
2020-04-30,,0.05,0.64,,,1.775,,0.04,
2020-05-01,2125.4,0.05,0.64,,,0.251,,0.03,
2020-05-02,,0.05,,,,,,,
2020-05-03,,0.05,,,,,,,
2020-05-04,,0.05,0.64,,,4.85,,0.05,
2020-05-05,,0.05,0.66,,,1.925,,0.05,
2020-05-06,,0.05,0.72,15181.9679,1751.3531,1.175,,0.05,1605380.0
2020-05-07,,0.05,0.63,,,0.982,,0.05,
2020-05-08,,0.05,0.69,,,0.68,,0.06,
2020-05-09,,0.05,,,,,,,
2020-05-10,,0.05,,,,,,,
2020-05-11,,0.05,0.73,,,0.123,,0.06,
2020-05-12,,0.05,0.69,,,0.825,,0.06,
2020-05-13,,0.05,0.64,15267.8808,1750.8375,13.825,,0.04,1783761.0
2020-05-14,,0.05,0.63,,,0.133,,0.02,
2020-05-15,,0.05,0.64,,,1.15,,0.05,
2020-05-16,,0.05,,,,,,,
2020-05-17,,0.05,,,,,,,
2020-05-18,,0.05,0.73,,,0.578,,0.04,
2020-05-19,,0.05,0.7,,,0.09,,0.04,
2020-05-20,,0.05,0.68,15321.5268,1731.8867,9.726,,0.01,1862841.0
2020-05-21,,0.05,0.68,,,0.003,,0.02,
2020-05-22,,0.05,0.66,,,0.001,,0.04,
2020-05-23,,0.05,,,,,,,
2020-05-24,,0.05,,,,,,,
2020-05-25,,0.05,,,,,,,
2020-05-26,,0.05,0.69,,,0.001,,0.06,
2020-05-27,,0.05,0.68,15360.6679,1726.0606,4.326,,0.06,1835110.0
2020-05-28,,0.05,0.7,,,0.0,,0.06,
2020-05-29,,0.05,0.65,,,1.325,,0.06,
2020-05-30,,0.05,,,,,,,
2020-05-31,,0.05,,,,,,,
2020-06-01,2220.8,0.05,0.66,,,0.0,,0.06,
2020-06-02,,0.06,0.68,,,2.013,,0.07,
2020-06-03,,0.06,0.77,15363.9241,1711.6568,0.013,,0.06,1835594.0
2020-06-04,,0.06,0.82,,,0.0,,0.07,
2020-06-05,,0.07,0.91,,,0.0,,0.07,
2020-06-06,,0.07,,,,,,,
2020-06-07,,0.07,,,,,,,
2020-06-08,,0.07,0.88,,,0.0,,0.07,
2020-06-09,,0.07,0.84,,,1.252,,0.08,
2020-06-10,,0.08,0.75,15439.2207,1702.5815,0.012,,0.07,1835595.0
2020-06-11,,0.08,0.66,,,0.375,,0.08,
2020-06-12,,0.08,0.71,,,0.0,,0.08,
2020-06-13,,0.08,,,,,,,
2020-06-14,,0.08,,,,,,,
2020-06-15,,0.09,0.71,,,0.003,,0.09,
2020-06-16,,0.09,0.75,,,4.0,,0.09,
2020-06-17,,0.09,0.74,15515.5435,1707.9033,0.001,,0.09,1918741.0
2020-06-18,,0.09,0.71,,,0.001,,0.09,
2020-06-19,,0.09,0.7,,,0.001,,0.09,
2020-06-20,,0.09,,,,,,,
2020-06-21,,0.09,,,,,,,
2020-06-22,,0.08,0.71,,,0.01,,0.08,
2020-06-23,,0.08,0.72,,,0.011,,0.07,
2020-06-24,,0.08,0.69,15571.2984,1709.4429,0.001,,0.08,1943441.0
2020-06-25,,0.08,0.68,,,0.001,,0.09,
2020-06-26,,0.08,0.64,,,0.2,,0.08,
2020-06-27,,0.08,,,,,,,
2020-06-28,,0.08,,,,,,,
2020-06-29,,0.08,0.64,,,0.25,,0.08,
2020-06-30,,0.08,0.66,,,0.95,,0.1,
2020-07-01,2257.5,0.08,0.69,15548.3739,1690.0341,0.002,,0.11,1911381.0
2020-07-02,,0.09,0.68,,,0.0,,0.11,
2020-07-03,,0.09,,,,,,,
2020-07-04,,0.09,,,,,,,
2020-07-05,,0.09,,,,,,,
2020-07-06,,0.09,0.69,,,0.0,,0.1,
2020-07-07,,0.09,0.65,,,0.003,,0.1,
2020-07-08,,0.09,0.67,15585.5769,1683.4362,0.001,,0.1,1911401.0
2020-07-09,,0.09,0.62,,,0.0,,0.1,
2020-07-10,,0.09,0.65,,,0.0,,0.1,
2020-07-11,,0.09,,,,,,,
2020-07-12,,0.09,,,,,,,
2020-07-13,,0.09,0.64,,,0.001,,0.1,
2020-07-14,,0.09,0.63,,,0.001,,0.11,
2020-07-15,,0.1,0.64,15593.892,1668.4817,0.001,,0.13,1948388.0
2020-07-16,,0.1,0.62,,,0.001,,0.12,
2020-07-17,,0.09,0.64,,,0.0,,0.12,
2020-07-18,,0.09,,,,,,,
2020-07-19,,0.09,,,,,,,
2020-07-20,,0.1,0.62,,,0.003,,0.12,
2020-07-21,,0.1,0.61,,,0.0,,0.11,
2020-07-22,,0.09,0.6,15495.9829,1682.8994,0.0,,0.1,1970600.0
2020-07-23,,0.09,0.59,,,0.0,,0.1,
2020-07-24,,0.09,0.59,,,0.0,,0.1,
2020-07-25,,0.09,,,,,,,
2020-07-26,,0.09,,,,,,,
2020-07-27,,0.1,0.62,,,0.0,,0.1,
2020-07-28,,0.1,0.59,,,0.0,,0.1,
2020-07-29,,0.1,0.58,15445.6114,1675.539,0.001,,0.09,1933380.0
2020-07-30,,0.1,0.55,,,0.307,,0.1,
2020-07-31,,0.1,0.55,,,0.15,,0.1,
2020-08-01,2268.4,0.1,,,,,,,
2020-08-02,,0.1,,,,,,,
2020-08-03,,0.1,0.56,,,0.0,,0.1,
2020-08-04,,0.1,0.52,,,0.005,,0.09,
2020-08-05,,0.1,0.55,15509.2186,1666.2996,0.0,,0.09,1933466.0
2020-08-06,,0.1,0.55,,,0.0,,0.09,
2020-08-07,,0.1,0.57,,,0.0,,0.09,
2020-08-08,,0.1,,,,,,,
2020-08-09,,0.1,,,,,,,
2020-08-10,,0.1,0.59,,,0.008,,0.09,
2020-08-11,,0.1,0.64,,,0.0,,0.1,
2020-08-12,,0.1,0.69,15521.4609,1654.1855,0.103,,0.09,1933548.0
2020-08-13,,0.1,0.71,,,0.126,,0.09,
2020-08-14,,0.1,0.71,,,0.001,,0.09,
2020-08-15,,0.1,,,,,,,
2020-08-16,,0.1,,,,,,,
2020-08-17,,0.1,0.69,,,0.054,,0.1,
2020-08-18,,0.09,0.67,,,0.002,,0.09,
2020-08-19,,0.09,0.68,15541.5851,1647.5424,0.112,,0.09,1977897.0
2020-08-20,,0.09,0.65,,,0.15,,0.07,
2020-08-21,,0.09,0.64,,,0.0,,0.07,
2020-08-22,,0.09,,,,,,,
2020-08-23,,0.09,,,,,,,
2020-08-24,,0.09,0.65,,,0.0,,0.08,
2020-08-25,,0.09,0.69,,,0.012,,0.08,
2020-08-26,,0.09,0.69,15554.078,1601.0763,0.009,,0.07,1949228.0
2020-08-27,,0.08,0.74,,,0.002,,0.07,
2020-08-28,,0.09,0.74,,,0.0,,0.07,
2020-08-29,,0.09,,,,,,,
2020-08-30,,0.09,,,,,,,
2020-08-31,,0.09,0.72,,,0.011,,0.09,
2020-09-01,2408.2,0.09,0.68,,,0.008,,0.09,
2020-09-02,,0.09,0.66,15593.6649,1594.4892,0.014,,0.09,1949236.0
2020-09-03,,0.09,0.63,,,0.0,,0.1,
2020-09-04,,0.09,0.72,,,0.0,,0.09,
2020-09-05,,0.09,,,,,,,
2020-09-06,,0.09,,,,,,,
2020-09-07,,0.09,,,,,,,
2020-09-08,,0.09,0.69,,,0.0,,0.09,
2020-09-09,,0.09,0.71,15652.399,1588.3637,0.001,,0.09,1949599.0
2020-09-10,,0.09,0.68,,,0.01,,0.09,
2020-09-11,,0.09,0.67,,,0.0,,0.09,
2020-09-12,,0.09,,,,,,,
2020-09-13,,0.09,,,,,,,
2020-09-14,,0.09,0.68,,,0.001,,0.09,
2020-09-15,,0.09,0.68,,,0.002,,0.1,
2020-09-16,,0.09,0.69,15729.6948,1585.6483,0.055,,0.1,2005035.0
2020-09-17,,0.09,0.69,,,0.001,,0.1,
2020-09-18,,0.09,0.7,,,0.0,,0.09,
2020-09-19,,0.09,,,,,,,
2020-09-20,,0.09,,,,,,,
2020-09-21,,0.09,0.68,,,0.054,,0.08,
2020-09-22,,0.09,0.68,,,0.0,,0.07,
2020-09-23,,0.09,0.68,15713.5441,1586.4986,0.001,,0.06,2024868.0
2020-09-24,,0.09,0.67,,,0.004,,0.07,
2020-09-25,,0.09,0.66,,,0.0,,0.08,
2020-09-26,,0.09,,,,,,,
2020-09-27,,0.09,,,,,,,
2020-09-28,,0.09,0.67,,,0.0,,0.08,
2020-09-29,,0.09,0.66,,,1.301,,0.07,
2020-09-30,,0.09,0.69,15684.3492,1560.355,0.85,,0.08,1982775.0
2020-10-01,2427.5,0.09,0.68,,,0.001,,0.08,
2020-10-02,,0.09,0.7,,,0.0,,0.1,
2020-10-03,,0.09,,,,,,,
2020-10-04,,0.09,,,,,,,
2020-10-05,,0.09,0.78,,,0.0,,0.09,
2020-10-06,,0.09,0.76,,,0.0,,0.1,
2020-10-07,,0.09,0.81,15690.1303,1555.5331,0.011,,0.09,1982789.0
2020-10-08,,0.09,0.78,,,0.212,,0.08,
2020-10-09,,0.09,0.79,,,0.0,,0.09,
2020-10-10,,0.09,,,,,,,
2020-10-11,,0.09,,,,,,,
2020-10-12,,0.09,,,,,,,
2020-10-13,,0.09,0.74,,,0.0,,0.09,
2020-10-14,,0.09,0.73,15795.1825,1552.3102,0.0,,0.09,2046839.0
2020-10-15,,0.09,0.74,,,0.001,,0.1,
2020-10-16,,0.09,0.76,,,0.002,,0.09,
2020-10-17,,0.09,,,,,,,
2020-10-18,,0.09,,,,,,,
2020-10-19,,0.09,0.78,,,0.004,,0.09,
2020-10-20,,0.09,0.81,,,0.007,,0.08,
2020-10-21,,0.09,0.83,15795.039,1545.0539,0.0,,0.07,2047235.0
2020-10-22,,0.09,0.87,,,0.001,,0.07,
2020-10-23,,0.09,0.85,,,0.0,,0.08,
2020-10-24,,0.09,,,,,,,
2020-10-25,,0.09,,,,,,,
2020-10-26,,0.09,0.81,,,0.001,,0.09,
2020-10-27,,0.09,0.79,,,0.0,,0.09,
2020-10-28,,0.09,0.79,15827.7707,1534.0504,0.005,,0.08,2000305.0
2020-10-29,,0.09,0.85,,,0.014,,0.09,
2020-10-30,,0.09,0.88,,,0.001,,0.09,
2020-10-31,,0.09,,,,,,,
2020-11-01,2771.0,0.09,,,,,,,
2020-11-02,,0.09,0.87,,,0.0,,0.11,
2020-11-03,,0.09,0.9,,,0.0,,0.1,
2020-11-04,,0.09,0.78,15876.4657,1519.9217,0.0,,0.1,2000324.0
2020-11-05,,0.09,0.79,,,0.0,,0.11,
2020-11-06,,0.09,0.83,,,0.0,,0.1,
2020-11-07,,0.09,,,,,,,
2020-11-08,,0.09,,,,,,,
2020-11-09,,0.09,0.96,,,0.0,,0.1,
2020-11-10,,0.09,0.98,,,0.0,,0.1,
2020-11-11,,0.09,,15878.4173,1524.2082,,,,2000368.0
2020-11-12,,0.09,0.88,,,0.0,,0.09,
2020-11-13,,0.09,0.89,,,0.003,,0.09,
2020-11-14,,0.09,,,,,,,
2020-11-15,,0.09,,,,,,,
2020-11-16,,0.09,0.91,,,0.013,,0.1,
2020-11-17,,0.09,0.87,,,0.0,,0.09,
2020-11-18,,0.09,0.88,15898.9609,1517.2477,0.103,,0.07,2051176.0
2020-11-19,,0.08,0.86,,,2.0,,0.06,
2020-11-20,,0.08,0.83,,,0.0,,0.05,
2020-11-21,,0.08,,,,,,,
2020-11-22,,0.08,,,,,,,
2020-11-23,,0.08,0.86,,,0.485,,0.05,
2020-11-24,,0.08,0.88,,,0.001,,0.07,
2020-11-25,,0.08,0.88,15978.9354,1516.3114,0.0,,0.08,2003592.0
2020-11-26,,0.08,,,,,,,
2020-11-27,,0.08,0.84,,,0.0,,0.08,
2020-11-28,,0.08,,,,,,,
2020-11-29,,0.08,,,,,,,
2020-11-30,,0.09,0.84,,,0.006,,0.09,
2020-12-01,3295.9,0.09,0.92,,,0.002,,0.08,
2020-12-02,,0.09,0.95,15967.6477,1510.4303,0.001,,0.08,2003621.0
2020-12-03,,0.09,0.92,,,0.0,,0.08,
2020-12-04,,0.09,0.97,,,0.0,,0.09,
2020-12-05,,0.09,,,,,,,
2020-12-06,,0.09,,,,,,,
2020-12-07,,0.09,0.94,,,0.001,,0.08,
2020-12-08,,0.09,0.92,,,0.001,,0.07,
2020-12-09,,0.09,0.95,15995.224,1509.3444,0.003,,0.08,2003656.0
2020-12-10,,0.09,0.92,,,0.001,,0.08,
2020-12-11,,0.09,0.9,,,0.0,,0.08,
2020-12-12,,0.09,,,,,,,
2020-12-13,,0.09,,,,,,,
2020-12-14,,0.09,0.9,,,0.1,,0.08,
2020-12-15,,0.09,0.92,,,0.001,,0.09,
2020-12-16,,0.09,0.92,16027.5568,1500.6912,0.026,,0.09,2079093.0
2020-12-17,,0.09,0.94,,,0.014,,0.09,
2020-12-18,,0.09,0.95,,,0.032,,0.09,
2020-12-19,,0.09,,,,,,,
2020-12-20,,0.09,,,,,,,
2020-12-21,,0.09,0.95,,,0.435,,0.09,
2020-12-22,,0.09,0.93,,,0.406,,0.07,
2020-12-23,,0.09,0.96,16017.9693,1492.1223,0.857,,0.06,2086574.0
2020-12-24,,0.09,0.94,,,0.01,,0.08,
2020-12-25,,0.09,,,,,,,
2020-12-26,,0.09,,,,,,,
2020-12-27,,0.09,,,,,,,
2020-12-28,,0.09,0.94,,,0.901,,0.09,
2020-12-29,,0.09,0.94,,,0.257,,0.1,
2020-12-30,,0.09,0.93,16068.9666,1485.1214,0.652,,0.09,2039468.0
2020-12-31,,0.09,0.93,,,9.651,,0.07,
2021-01-01,3383.7,0.09,,,,,,,
2021-01-02,,0.09,,,,,,,
2021-01-03,,0.09,,,,,,,
2021-01-04,,0.09,0.93,,,0.001,,0.1,
2021-01-05,,0.09,0.96,,,0.005,,0.11,
2021-01-06,,0.09,1.04,16119.0755,1471.3054,0.004,,0.1,2039469.0
2021-01-07,,0.09,1.08,,,0.001,,0.1,
2021-01-08,,0.09,1.13,,,0.0,,0.09,
2021-01-09,,0.09,,,,,,,
2021-01-10,,0.09,,,,,,,
2021-01-11,,0.09,1.15,,,0.0,,0.09,
2021-01-12,,0.09,1.15,,,0.0,,0.08,
2021-01-13,,0.09,1.1,16152.5752,1472.5859,0.0,,0.08,2039542.0
2021-01-14,,0.09,1.15,,,0.6,,0.08,
2021-01-15,,0.09,1.11,,,0.0,,0.08,
2021-01-16,,0.09,,,,,,,
2021-01-17,,0.09,,,,,,,
2021-01-18,,0.09,,,,,,,
2021-01-19,,0.09,1.1,,,0.004,,0.07,
2021-01-20,,0.09,1.1,16159.0014,1471.482,1.806,,0.06,2099849.0
2021-01-21,,0.08,1.12,,,1.201,,0.04,
2021-01-22,,0.08,1.1,,,0.0,,0.05,
2021-01-23,,0.08,,,,,,,
2021-01-24,,0.08,,,,,,,
2021-01-25,,0.08,1.05,,,2.2,,0.06,
2021-01-26,,0.08,1.05,,,1.631,,0.03,
2021-01-27,,0.08,1.04,16254.4129,1481.3064,1.152,,0.03,2069769.0
2021-01-28,,0.07,1.07,,,2.655,,0.04,
2021-01-29,,0.07,1.11,,,7.1,,0.06,
2021-01-30,,0.07,,,,,,,
2021-01-31,,0.07,,,,,,,
2021-02-01,3619.9,0.08,1.09,,,0.012,,0.07,
2021-02-02,,0.08,1.12,,,0.011,,0.07,
2021-02-03,,0.08,1.15,16284.1703,1467.9421,0.178,,0.07,2069789.0
2021-02-04,,0.08,1.15,,,0.5,,0.05,
2021-02-05,,0.08,1.19,,,0.01,,0.02,
2021-02-06,,0.08,,,,,,,
2021-02-07,,0.08,,,,,,,
2021-02-08,,0.07,1.19,,,0.002,,0.02,
2021-02-09,,0.08,1.18,,,0.001,,0.05,
2021-02-10,,0.08,1.15,16335.4281,1457.6793,0.0,,0.06,2069790.0
2021-02-11,,0.08,1.16,,,0.108,,0.06,
2021-02-12,,0.08,1.2,,,0.001,,0.05,
2021-02-13,,0.08,,,,,,,
2021-02-14,,0.08,,,,,,,
2021-02-15,,0.08,,,,,,,
2021-02-16,,0.08,1.3,,,0.004,,0.06,
2021-02-17,,0.08,1.29,16427.0826,1453.1006,0.05,,0.06,2170562.0
2021-02-18,,0.07,1.29,,,0.0,,0.03,
2021-02-19,,0.07,1.34,,,0.002,,0.02,
2021-02-20,,0.07,,,,,,,
2021-02-21,,0.07,,,,,,,
2021-02-22,,0.07,1.37,,,1.1,,0.03,
2021-02-23,,0.07,1.37,,,0.435,,0.01,
2021-02-24,,0.07,1.38,16401.9652,1458.3572,0.001,,0.02,2180678.0
2021-02-25,,0.07,1.54,,,9.976,,0.03,
2021-02-26,,0.07,1.44,,,11.2,,0.01,
2021-02-27,,0.07,,,,,,,
2021-02-28,,0.07,,,,,,,
2021-03-01,3771.0,0.07,1.45,,,0.0,,0.02,
2021-03-02,,0.07,1.42,,,0.005,,0.04,
2021-03-03,,0.07,1.47,16464.9516,1455.5813,0.507,,0.04,2133400.0
2021-03-04,,0.07,1.54,,,2.1,,0.02,
2021-03-05,,0.07,1.56,,,1.0,,0.02,
2021-03-06,,0.07,,,,,,,
2021-03-07,,0.07,,,,,,,
2021-03-08,,0.07,1.59,,,0.025,,0.02,
2021-03-09,,0.07,1.55,,,0.0,,0.02,
2021-03-10,,0.07,1.53,16522.973,1452.0112,0.1,,0.02,2133436.0
2021-03-11,,0.07,1.54,,,11.051,,0.01,
2021-03-12,,0.07,1.64,,,6.8,,0.01,
2021-03-13,,0.07,,,,,,,
2021-03-14,,0.07,,,,,,,
2021-03-15,,0.07,1.62,,,0.003,,0.01,
2021-03-16,,0.07,1.62,,,0.702,,0.01,
2021-03-17,,0.07,1.63,16706.7767,1462.1308,0.0,,0.01,2221429.0
2021-03-18,,0.07,1.71,,,26.57,,0.01,
2021-03-19,,0.07,1.74,,,18.908,,0.01,
2021-03-20,,0.07,,,,,,,
2021-03-21,,0.07,,,,,,,
2021-03-22,,0.07,1.69,,,22.242,,0.01,
2021-03-23,,0.07,1.63,,,19.526,,0.01,
2021-03-24,,0.07,1.62,16725.8004,1458.8635,21.902,,0.01,2234807.0
2021-03-25,,0.07,1.63,,,10.1,,0.01,
2021-03-26,,0.07,1.67,,,11.45,,0.01,
2021-03-27,,0.07,,,,,,,
2021-03-28,,0.07,,,,,,,
2021-03-29,,0.07,1.73,,,40.354,,0.01,
2021-03-30,,0.07,1.73,,,104.725,,0.01,
2021-03-31,,0.06,1.74,16731.573,1446.3989,134.307,,0.01,2184683.0
2021-04-01,3813.7,0.07,1.69,,,9.575,,0.01,
2021-04-02,,0.07,1.72,,,,,,
2021-04-03,,0.07,,,,,,,
2021-04-04,,0.07,,,,,,,
2021-04-05,,0.07,1.73,,,3.45,,0.01,
2021-04-06,,0.07,1.67,,,18.951,,0.01,
2021-04-07,,0.07,1.68,16787.163,1443.4841,35.035,,0.01,2184684.0
2021-04-08,,0.07,1.64,,,27.64,,0.01,
2021-04-09,,0.07,1.67,,,31.265,,0.01,
2021-04-10,,0.07,,,,,,,
2021-04-11,,0.07,,,,,,,
2021-04-12,,0.07,1.69,,,30.221,,0.01,
2021-04-13,,0.07,1.64,,,37.543,,0.01,
2021-04-14,,0.07,1.64,16887.6095,1441.2977,50.856,,0.01,2249019.0
2021-04-15,,0.07,1.56,,,28.626,,0.01,
2021-04-16,,0.07,1.59,,,39.94,,0.01,
2021-04-17,,0.07,,,,,,,
2021-04-18,,0.07,,,,,,,
2021-04-19,,0.07,1.61,,,53.798,,0.01,
2021-04-20,,0.07,1.58,,,67.747,,0.01,
2021-04-21,,0.07,1.57,16898.9709,1434.935,81.329,,0.01,2246989.0
2021-04-22,,0.07,1.57,,,102.644,,0.01,
2021-04-23,,0.07,1.58,,,73.794,,0.01,
2021-04-24,,0.07,,,,,,,
2021-04-25,,0.07,,,,,,,
2021-04-26,,0.07,1.58,,,100.916,,0.01,
2021-04-27,,0.07,1.63,,,142.172,,0.01,
2021-04-28,,0.07,1.63,16973.1798,1426.9435,166.732,,0.01,2191305.0
2021-04-29,,0.06,1.65,,,173.469,,0.01,
2021-04-30,,0.05,1.65,,,183.234,,0.01,
2021-05-01,4014.8,0.05,,,,,,,
2021-05-02,,0.05,,,,,,,
2021-05-03,,0.06,1.63,,,129.724,,0.01,
2021-05-04,,0.06,1.61,,,147.806,,0.01,
2021-05-05,,0.06,1.59,17064.0983,1417.2771,162.8,,0.01,2191325.0
2021-05-06,,0.06,1.58,,,154.921,,0.01,
2021-05-07,,0.06,1.6,,,161.856,,0.01,
2021-05-08,,0.06,,,,,,,
2021-05-09,,0.06,,,,,,,
2021-05-10,,0.06,1.63,,,175.548,,0.01,
2021-05-11,,0.06,1.64,,,181.753,,0.01,
2021-05-12,,0.06,1.69,17118.3094,1420.3202,209.257,,0.01,2191325.0
2021-05-13,,0.06,1.66,,,235.217,,0.01,
2021-05-14,,0.06,1.63,,,241.185,,0.01,
2021-05-15,,0.06,,,,,,,
2021-05-16,,0.06,,,,,,,
2021-05-17,,0.06,1.64,,,208.96,,0.01,
2021-05-18,,0.06,1.64,,,243.47,,0.01,
2021-05-19,,0.06,1.68,17098.437,1424.5428,293.998,,0.01,2277561.0
2021-05-20,,0.06,1.63,,,351.121,,0.01,
2021-05-21,,0.06,1.63,,,369.046,,0.01,
2021-05-22,,0.06,,,,,,,
2021-05-23,,0.06,,,,,,,
2021-05-24,,0.06,1.61,,,394.941,,0.01,
2021-05-25,,0.06,1.56,,,432.955,,0.01,
2021-05-26,,0.06,1.58,17068.0027,1439.3447,450.283,,0.01,2244265.0
2021-05-27,,0.06,1.61,,,485.329,,0.01,
2021-05-28,,0.05,1.58,,,479.498,,0.01,
2021-05-29,,0.05,,,,,,,
2021-05-30,,0.05,,,,,,,
2021-05-31,,0.05,,,,,,,
2021-06-01,4260.9,0.06,1.62,,,447.985,,0.01,
2021-06-02,,0.06,1.59,17079.8533,1433.1435,438.778,,0.01,2244270.0
2021-06-03,,0.06,1.63,,,479.102,,0.01,
2021-06-04,,0.06,1.56,,,483.349,,0.01,
2021-06-05,,0.06,,,,,,,
2021-06-06,,0.06,,,,,,,
2021-06-07,,0.06,1.57,,,486.097,,0.01,
2021-06-08,,0.06,1.53,,,497.428,,0.01,
2021-06-09,,0.06,1.5,17177.5963,1448.9054,502.904,,0.01,2244270.0
2021-06-10,,0.06,1.45,,,534.943,,0.01,
2021-06-11,,0.06,1.47,,,547.808,,0.01,
2021-06-12,,0.06,,,,,,,
2021-06-13,,0.06,,,,,,,
2021-06-14,,0.06,1.51,,,583.892,,0.01,
2021-06-15,,0.06,1.51,,,509.559,,0.01,
2021-06-16,,0.06,1.57,17125.0452,1430.8861,520.942,,0.01,2328124.0
2021-06-17,,0.1,1.52,,,755.8,,0.05,
2021-06-18,,0.1,1.45,,,747.121,,0.05,
2021-06-19,,0.1,,,,,,,
2021-06-20,,0.1,,,,,,,
2021-06-21,,0.1,1.5,,,765.141,,0.05,
2021-06-22,,0.1,1.48,,,791.605,,0.05,
2021-06-23,,0.1,1.5,17103.8,1426.0735,813.65,,0.05,2354155.0
2021-06-24,,0.1,1.49,,,813.048,,0.05,
2021-06-25,,0.1,1.54,,,770.83,,0.05,
2021-06-26,,0.1,,,,,,,
2021-06-27,,0.1,,,,,,,
2021-06-28,,0.1,1.49,,,803.019,,0.05,
2021-06-29,,0.1,1.49,,,841.246,,0.05,
2021-06-30,,0.08,1.45,17057.3338,1415.4924,991.939,,0.05,2319637.0
2021-07-01,4409.8,0.1,1.48,,,742.647,,0.05,
2021-07-02,,0.1,1.44,,,731.504,,0.05,
2021-07-03,,0.1,,,,,,,
2021-07-04,,0.1,,,,,,,
2021-07-05,,0.1,,,,,,,
2021-07-06,,0.1,1.37,,,772.581,,0.05,
2021-07-07,,0.1,1.33,17131.8933,1424.6671,785.72,,0.05,2319637.0
2021-07-08,,0.1,1.3,,,793.399,,0.05,
2021-07-09,,0.1,1.37,,,780.596,,0.05,
2021-07-10,,0.1,,,,,,,
2021-07-11,,0.1,,,,,,,
2021-07-12,,0.1,1.38,,,776.472,,0.05,
2021-07-13,,0.1,1.42,,,798.267,,0.05,
2021-07-14,,0.1,1.37,17200.5062,1415.7036,859.975,,0.05,2402362.0
2021-07-15,,0.1,1.31,,,776.261,,0.05,
2021-07-16,,0.1,1.31,,,817.566,,0.05,
2021-07-17,,0.1,,,,,,,
2021-07-18,,0.1,,,,,,,
2021-07-19,,0.1,1.19,,,860.468,,0.05,
2021-07-20,,0.1,1.23,,,848.102,,0.05,
2021-07-21,,0.1,1.3,17264.5896,1404.3675,886.206,,0.05,2422177.0
2021-07-22,,0.1,1.27,,,898.197,,0.05,
2021-07-23,,0.1,1.3,,,877.251,,0.05,
2021-07-24,,0.1,,,,,,,
2021-07-25,,0.1,,,,,,,
2021-07-26,,0.1,1.29,,,891.203,,0.05,
2021-07-27,,0.1,1.25,,,927.419,,0.05,
2021-07-28,,0.1,1.26,17255.0818,1402.8308,965.189,,0.05,2384779.0
2021-07-29,,0.1,1.28,,,987.283,,0.05,
2021-07-30,,0.07,1.24,,,1039.394,,0.05,
2021-07-31,,0.07,,,,,,,
2021-08-01,4471.6,0.07,,,,,,,
2021-08-02,,0.1,1.2,,,921.317,,0.05,
2021-08-03,,0.1,1.19,,,909.442,,0.05,
2021-08-04,,0.1,1.19,17275.219,1402.6167,931.755,,0.05,2384785.0
2021-08-05,,0.1,1.23,,,944.335,,0.05,
2021-08-06,,0.1,1.31,,,952.134,,0.05,
2021-08-07,,0.1,,,,,,,
2021-08-08,,0.1,,,,,,,
2021-08-09,,0.1,1.33,,,981.765,,0.05,
2021-08-10,,0.1,1.36,,,998.654,,0.05,
2021-08-11,,0.1,1.35,17329.8632,1413.762,1000.46,,0.05,2384785.0
2021-08-12,,0.1,1.36,,,1087.342,,0.05,
2021-08-13,,0.1,1.29,,,1050.941,,0.05,
2021-08-14,,0.1,,,,,,,
2021-08-15,,0.1,,,,,,,
2021-08-16,,0.1,1.26,,,1036.418,,0.05,
2021-08-17,,0.1,1.26,,,1053.454,,0.05,
2021-08-18,,0.09,1.27,17394.487,1416.5118,1115.656,,0.05,2465638.0
2021-08-19,,0.09,1.24,,,1109.938,,0.05,
2021-08-20,,0.09,1.26,,,1111.905,,0.05,
2021-08-21,,0.09,,,,,,,
2021-08-22,,0.09,,,,,,,
2021-08-23,,0.09,1.25,,,1135.697,,0.05,
2021-08-24,,0.09,1.29,,,1129.737,,0.05,
2021-08-25,,0.09,1.35,17453.1096,1408.9198,1147.089,,0.05,2438067.0
2021-08-26,,0.09,1.34,,,1091.792,,0.05,
2021-08-27,,0.08,1.31,,,1120.015,,0.05,
2021-08-28,,0.08,,,,,,,
2021-08-29,,0.08,,,,,,,
2021-08-30,,0.08,1.29,,,1140.711,,0.05,
2021-08-31,,0.06,1.3,,,1189.616,,0.05,
2021-09-01,4518.0,0.08,1.31,17496.9321,1409.581,1084.115,,0.05,2438068.0
2021-09-02,,0.08,1.29,,,1066.987,,0.05,
2021-09-03,,0.08,1.33,,,1074.707,,0.05,
2021-09-04,,0.08,,,,,,,
2021-09-05,,0.08,,,,,,,
2021-09-06,,0.08,,,,,,,
2021-09-07,,0.08,1.38,,,1079.945,,0.05,
2021-09-08,,0.08,1.35,17477.509,1409.1775,1115.229,,0.05,2438068.0
2021-09-09,,0.08,1.3,,,1107.659,,0.05,
2021-09-10,,0.08,1.35,,,1099.323,,0.05,
2021-09-11,,0.08,,,,,,,
2021-09-12,,0.08,,,,,,,
2021-09-13,,0.08,1.33,,,1087.108,,0.05,
2021-09-14,,0.08,1.28,,,1169.28,,0.05,
2021-09-15,,0.08,1.31,17555.7374,1413.7901,1081.342,,0.05,2514156.0
2021-09-16,,0.08,1.34,,,1147.494,,0.05,
2021-09-17,,0.08,1.37,,,1218.303,,0.05,
2021-09-18,,0.08,,,,,,,
2021-09-19,,0.08,,,,,,,
2021-09-20,,0.08,1.31,,,1224.289,,0.05,
2021-09-21,,0.08,1.33,,,1240.494,,0.05,
2021-09-22,,0.08,1.32,17521.1362,1406.0824,1283.281,,0.05,2536557.0
2021-09-23,,0.08,1.41,,,1352.483,,0.05,
2021-09-24,,0.08,1.47,,,1313.657,,0.05,
2021-09-25,,0.08,,,,,,,
2021-09-26,,0.08,,,,,,,
2021-09-27,,0.08,1.48,,,1297.05,,0.05,
2021-09-28,,0.08,1.54,,,1365.185,,0.05,
2021-09-29,,0.08,1.55,17540.2566,1400.5876,1415.84,,0.05,2494684.0
2021-09-30,,0.06,1.52,,,1604.881,,0.05,
2021-10-01,4599.3,0.08,1.48,,,1385.991,,0.05,
2021-10-02,,0.08,,,,,,,
2021-10-03,,0.08,,,,,,,
2021-10-04,,0.08,1.49,,,1399.173,,0.05,
2021-10-05,,0.08,1.54,,,1431.18,,0.05,
2021-10-06,,0.08,1.53,17589.1001,1410.7065,1451.175,,0.05,2494749.0
2021-10-07,,0.08,1.58,,,1375.863,,0.05,
2021-10-08,,0.08,1.61,,,1371.958,,0.05,
2021-10-09,,0.08,,,,,,,
2021-10-10,,0.08,,,,,,,
2021-10-11,,0.08,,,,,,,
2021-10-12,,0.08,1.59,,,1367.051,,0.05,
2021-10-13,,0.08,1.56,17610.3412,1403.7514,1364.701,,0.05,2494759.0
2021-10-14,,0.08,1.52,,,1445.66,,0.05,
2021-10-15,,0.08,1.59,,,1462.297,,0.05,
2021-10-16,,0.08,,,,,,,
2021-10-17,,0.08,,,,,,,
2021-10-18,,0.08,1.59,,,1477.114,,0.05,
2021-10-19,,0.08,1.65,,,1470.739,,0.03,
2021-10-20,,0.08,1.65,17672.9002,1414.5953,1493.961,,0.03,2546932.0
2021-10-21,,0.08,1.68,,,1458.605,,0.03,
2021-10-22,,0.08,1.66,,,1403.02,,0.05,
2021-10-23,,0.08,,,,,,,
2021-10-24,,0.08,,,,,,,
2021-10-25,,0.08,1.64,,,1413.188,,0.04,
2021-10-26,,0.08,1.63,,,1423.198,,0.05,
2021-10-27,,0.08,1.54,17705.0968,1417.5807,1433.37,,0.05,2527777.0
2021-10-28,,0.08,1.57,,,1384.684,,0.05,
2021-10-29,,0.07,1.55,,,1502.296,,0.05,
2021-10-30,,0.07,,,,,,,
2021-10-31,,0.07,,,,,,,
2021-11-01,4672.4,0.08,1.58,,,1358.606,,0.05,
2021-11-02,,0.08,1.56,,,1329.913,,0.05,
2021-11-03,,0.08,1.6,17728.2668,1434.5302,1343.985,,0.05,2527824.0
2021-11-04,,0.08,1.53,,,1348.539,,0.05,
2021-11-05,,0.08,1.45,,,1354.059,,0.05,
2021-11-06,,0.08,,,,,,,
2021-11-07,,0.08,,,,,,,
2021-11-08,,0.08,1.51,,,1354.382,,0.05,
2021-11-09,,0.08,1.46,,,1377.197,,0.05,
2021-11-10,,0.08,1.56,17766.2911,1447.32,1448.623,,0.05,2593366.0
2021-11-11,,0.08,,,,,,,
2021-11-12,,0.08,1.58,,,1417.643,,0.05,
2021-11-13,,0.08,,,,,,,
2021-11-14,,0.08,,,,,,,
2021-11-15,,0.08,1.63,,,1391.657,,0.05,
2021-11-16,,0.08,1.63,,,1466.857,,0.05,
2021-11-17,,0.08,1.6,17804.2855,1437.5738,1520.0,,0.05,2603431.0
2021-11-18,,0.08,1.59,,,1584.097,,0.05,
2021-11-19,,0.08,1.54,,,1575.384,,0.05,
2021-11-20,,0.08,,,,,,,
2021-11-21,,0.08,,,,,,,
2021-11-22,,0.08,1.63,,,1573.769,,0.05,
2021-11-23,,0.08,1.67,,,1571.98,,0.05,
2021-11-24,,0.08,1.64,17849.0637,1435.5807,1452.897,,0.05,2609726.0
2021-11-25,,0.08,,,,,,,
2021-11-26,,0.08,1.48,,,1451.108,,0.05,
2021-11-27,,0.08,,,,,,,
2021-11-28,,0.08,,,,,,,
2021-11-29,,0.08,1.52,,,1459.339,,0.05,
2021-11-30,,0.07,1.43,,,1517.956,,0.05,
2021-12-01,4719.8,0.08,1.43,17884.8315,1424.462,1427.347,,0.05,2570884.0
2021-12-02,,0.08,1.44,,,1448.585,,0.05,
2021-12-03,,0.08,1.35,,,1475.464,,0.05,
2021-12-04,,0.08,,,,,,,
2021-12-05,,0.08,,,,,,,
2021-12-06,,0.08,1.43,,,1487.996,,0.05,
2021-12-07,,0.08,1.48,,,1455.038,,0.05,
2021-12-08,,0.08,1.52,17873.3072,1421.0205,1484.192,,0.05,2570918.0
2021-12-09,,0.08,1.49,,,1500.027,,0.05,
2021-12-10,,0.08,1.48,,,1507.147,,0.05,
2021-12-11,,0.08,,,,,,,
2021-12-12,,0.08,,,,,,,
2021-12-13,,0.08,1.42,,,1599.768,,0.05,
2021-12-14,,0.08,1.44,,,1584.488,,0.05,
2021-12-15,,0.08,1.47,17908.9081,1413.3603,1621.097,,0.05,2628130.0
2021-12-16,,0.08,1.44,,,1657.626,,0.05,
2021-12-17,,0.08,1.41,,,1704.586,,0.05,
2021-12-18,,0.08,,,,,,,
2021-12-19,,0.08,,,,,,,
2021-12-20,,0.08,1.43,,,1758.041,,0.04,
2021-12-21,,0.08,1.48,,,1748.285,,0.05,
2021-12-22,,0.08,1.46,17928.3421,1403.8412,1699.277,,0.05,2649661.0
2021-12-23,,0.08,1.5,,,1577.78,,0.05,
2021-12-24,,0.08,,,,,,,
2021-12-25,,0.08,,,,,,,
2021-12-26,,0.08,,,,,,,
2021-12-27,,0.08,1.48,,,1580.347,,0.05,
2021-12-28,,0.08,1.49,,,1637.064,,0.05,
2021-12-29,,0.08,1.55,17890.8841,1391.2068,1642.506,,0.05,2615492.0
2021-12-30,,0.08,1.52,,,1696.476,,0.05,
2021-12-31,,0.07,1.52,,,1904.582,,0.05,
2022-01-01,4813.8,0.07,,,,,,,
2022-01-02,,0.07,,,,,,,
2022-01-03,,0.08,1.63,,,1579.526,,0.05,
2022-01-04,,0.08,1.66,,,1495.692,,0.05,
2022-01-05,,0.08,1.71,17952.2281,1395.0063,1492.787,,0.05,2615560.0
2022-01-06,,0.08,1.73,,,1510.553,,0.05,
2022-01-07,,0.08,1.76,,,1530.096,,0.05,
2022-01-08,,0.08,,,,,,,
2022-01-09,,0.08,,,,,,,
2022-01-10,,0.08,1.78,,,1560.421,,0.05,
2022-01-11,,0.08,1.75,,,1527.02,,0.05,
2022-01-12,,0.08,1.74,17956.0667,1408.7987,1536.981,,0.05,2615567.0
2022-01-13,,0.08,1.7,,,1636.742,,0.05,
2022-01-14,,0.08,1.78,,,1598.887,,0.05,
2022-01-15,,0.08,,,,,,,
2022-01-16,,0.08,,,,,,,
2022-01-17,,0.08,,,,,,,
2022-01-18,,0.08,1.87,,,1597.137,,0.05,
2022-01-19,,0.08,1.83,18007.6235,1406.3575,1656.576,,0.05,2686262.0
2022-01-20,,0.08,1.83,,,1678.931,,0.04,
2022-01-21,,0.08,1.75,,,1706.127,,0.05,
2022-01-22,,0.08,,,,,,,
2022-01-23,,0.08,,,,,,,
2022-01-24,,0.08,1.75,,,1614.002,,0.04,
2022-01-25,,0.08,1.78,,,1599.502,,0.05,
2022-01-26,,0.08,1.85,18001.3354,1396.9817,1613.046,,0.04,2660820.0
2022-01-27,,0.08,1.81,,,1583.895,,0.04,
2022-01-28,,0.08,1.78,,,1615.021,,0.05,
2022-01-29,,0.08,,,,,,,
2022-01-30,,0.08,,,,,,,
2022-01-31,,0.08,1.79,,,1654.85,,0.05,
2022-02-01,4831.3,0.08,1.81,,,1584.109,,0.05,
2022-02-02,,0.08,1.78,17999.868,1402.4101,1626.895,,0.05,2660845.0
2022-02-03,,0.08,1.82,,,1640.397,,0.05,
2022-02-04,,0.08,1.93,,,1642.892,,0.05,
2022-02-05,,0.08,,,,,,,
2022-02-06,,0.08,,,,,,,
2022-02-07,,0.08,1.92,,,1679.932,,0.05,
2022-02-08,,0.08,1.96,,,1674.61,,0.05,
2022-02-09,,0.08,1.94,18036.5239,1414.439,1653.153,,0.04,2660851.0
2022-02-10,,0.08,2.03,,,1634.146,,0.05,
2022-02-11,,0.08,1.92,,,1635.826,,0.05,
2022-02-12,,0.08,,,,,,,
2022-02-13,,0.08,,,,,,,
2022-02-14,,0.08,1.98,,,1666.232,,0.05,
2022-02-15,,0.08,2.05,,,1608.494,,0.05,
2022-02-16,,0.08,2.03,18021.89,1411.8633,1644.134,,0.05,2704613.0
2022-02-17,,0.08,1.97,,,1647.202,,0.05,
2022-02-18,,0.08,1.92,,,1674.929,,0.05,
2022-02-19,,0.08,,,,,,,
2022-02-20,,0.08,,,,,,,
2022-02-21,,0.08,,,,,,,
2022-02-22,,0.08,1.94,,,1699.432,,0.05,
2022-02-23,,0.08,1.99,18075.2006,1403.4745,1738.322,,0.05,2717867.0
2022-02-24,,0.08,1.96,,,1650.399,,0.05,
2022-02-25,,0.08,1.97,,,1603.349,,0.05,
2022-02-26,,0.08,,,,,,,
2022-02-27,,0.08,,,,,,,
2022-02-28,,0.08,1.83,,,1596.052,,0.05,
2022-03-01,4858.0,0.08,1.72,,,1552.95,,0.05,
2022-03-02,,0.08,1.86,18081.8575,1392.7868,1526.211,,0.05,2691358.0
2022-03-03,,0.08,1.86,,,1533.992,,0.05,
2022-03-04,,0.08,1.74,,,1483.061,,0.05,
2022-03-05,,0.08,,,,,,,
2022-03-06,,0.08,,,,,,,
2022-03-07,,0.08,1.78,,,1461.227,,0.05,
2022-03-08,,0.08,1.86,,,1525.099,,0.05,
2022-03-09,,0.08,1.94,18065.5944,1398.1931,1542.504,,0.05,2691361.0
2022-03-10,,0.08,1.98,,,1568.735,,0.05,
2022-03-11,,0.08,2.0,,,1557.823,,0.05,
2022-03-12,,0.08,,,,,,,
2022-03-13,,0.08,,,,,,,
2022-03-14,,0.08,2.14,,,1608.021,,0.05,
2022-03-15,,0.08,2.15,,,1583.471,,0.05,
2022-03-16,,0.08,2.19,18079.855,1394.2285,1613.637,,0.05,2729931.0
2022-03-17,,0.33,2.2,,,1659.977,,0.3,
2022-03-18,,0.33,2.14,,,1715.148,,0.3,
2022-03-19,,0.33,,,,,,,
2022-03-20,,0.33,,,,,,,
2022-03-21,,0.33,2.32,,,1728.893,,0.29,
2022-03-22,,0.33,2.38,,,1763.183,,0.28,
2022-03-23,,0.33,2.32,18074.8949,1420.6261,1803.186,,0.27,2738760.0
2022-03-24,,0.33,2.34,,,1707.655,,0.27,
2022-03-25,,0.33,2.48,,,1676.974,,0.28,
2022-03-26,,0.33,,,,,,,
2022-03-27,,0.33,,,,,,,
2022-03-28,,0.33,2.46,,,1688.632,,0.28,
2022-03-29,,0.33,2.41,,,1718.87,,0.28,
2022-03-30,,0.33,2.35,18111.1133,1424.8255,1785.939,,0.27,2715250.0
2022-03-31,,0.33,2.32,,,1871.97,,0.29,
2022-04-01,4880.5,0.33,2.39,,,1666.063,,0.3,
2022-04-02,,0.33,,,,,,,
2022-04-03,,0.33,,,,,,,
2022-04-04,,0.33,2.42,,,1692.936,,0.3,
2022-04-05,,0.33,2.54,,,1710.834,,0.3,
2022-04-06,,0.33,2.61,18145.7434,1448.8394,1731.472,,0.3,2715355.0
2022-04-07,,0.33,2.66,,,1734.424,,0.3,
2022-04-08,,0.33,2.72,,,1750.498,,0.3,
2022-04-09,,0.33,,,,,,,
2022-04-10,,0.33,,,,,,,
2022-04-11,,0.33,2.79,,,1758.958,,0.3,
2022-04-12,,0.33,2.72,,,1710.414,,0.29,
2022-04-13,,0.33,2.7,18197.2253,1451.0069,1815.555,,0.29,2740185.0
2022-04-14,,0.33,2.83,,,1706.935,,0.29,
2022-04-15,,0.33,,,,,,,
2022-04-16,,0.33,,,,,,,
2022-04-17,,0.33,,,,,,,
2022-04-18,,0.33,2.85,,,1738.379,,0.29,
2022-04-19,,0.33,2.93,,,1817.292,,0.28,
2022-04-20,,0.33,2.85,18096.7547,1451.6182,1866.56,,0.27,2730687.0
2022-04-21,,0.33,2.9,,,1854.7,,0.26,
2022-04-22,,0.33,2.9,,,1765.031,,0.27,
2022-04-23,,0.33,,,,,,,
2022-04-24,,0.33,,,,,,,
2022-04-25,,0.33,2.81,,,1783.609,,0.27,
2022-04-26,,0.33,2.77,,,1819.343,,0.27,
2022-04-27,,0.33,2.82,18113.8398,1457.6075,1803.162,,0.28,2715012.0
2022-04-28,,0.33,2.85,,,1818.416,,0.28,
2022-04-29,,0.33,2.89,,,1906.802,,0.28,
2022-04-30,,0.33,,,,,,,
2022-05-01,4965.0,0.33,,,,,,,
2022-05-02,,0.33,2.99,,,1796.302,,0.3,
2022-05-03,,0.33,2.97,,,1796.252,,0.3,
2022-05-04,,0.33,2.93,18126.1796,1452.6746,1815.656,,0.3,2715020.0
2022-05-05,,0.83,3.05,,,1844.762,,0.79,
2022-05-06,,0.83,3.12,,,1861.866,,0.78,
2022-05-07,,0.83,,,,,,,
2022-05-08,,0.83,,,,,,,
2022-05-09,,0.83,3.05,,,1858.995,,0.78,
2022-05-10,,0.83,2.99,,,1864.225,,0.78,
2022-05-11,,0.83,2.91,18075.8882,1447.5358,1876.119,,0.78,2715021.0
2022-05-12,,0.83,2.84,,,1900.069,,0.79,
2022-05-13,,0.83,2.93,,,1865.287,,0.79,
2022-05-14,,0.83,,,,,,,
2022-05-15,,0.83,,,,,,,
2022-05-16,,0.83,2.88,,,1833.152,,0.8,
2022-05-17,,0.83,2.98,,,1877.483,,0.8,
2022-05-18,,0.83,2.89,18080.7777,1451.1473,1973.373,,0.79,2733823.0
2022-05-19,,0.83,2.84,,,1981.005,,0.79,
2022-05-20,,0.83,2.78,,,1987.987,,0.78,
2022-05-21,,0.83,,,,,,,
2022-05-22,,0.83,,,,,,,
2022-05-23,,0.83,2.86,,,2044.658,,0.78,
2022-05-24,,0.83,2.76,,,1987.865,,0.78,
2022-05-25,,0.83,2.75,18131.5674,1455.6781,1995.75,,0.78,2707446.0
2022-05-26,,0.83,2.75,,,2007.702,,0.78,
2022-05-27,,0.83,2.74,,,2006.688,,0.78,
2022-05-28,,0.83,,,,,,,
2022-05-29,,0.83,,,,,,,
2022-05-30,,0.83,,,,,,,
2022-05-31,,0.83,2.85,,,1978.538,,0.79,
2022-06-01,4987.6,0.83,2.94,18104.7405,1459.1774,1965.015,,0.8,2707446.0
2022-06-02,,0.83,2.92,,,1985.239,,0.79,
2022-06-03,,0.83,2.96,,,2031.228,,0.78,
2022-06-04,,0.83,,,,,,,
2022-06-05,,0.83,,,,,,,
2022-06-06,,0.83,3.04,,,2040.093,,0.78,
2022-06-07,,0.83,2.98,,,2091.395,,0.77,
2022-06-08,,0.83,3.03,18040.9825,1475.1563,2140.277,,0.76,2707446.0
2022-06-09,,0.83,3.04,,,2142.318,,0.75,
2022-06-10,,0.83,3.15,,,2162.885,,0.75,
2022-06-11,,0.83,,,,,,,
2022-06-12,,0.83,,,,,,,
2022-06-13,,0.83,3.43,,,2212.62,,0.73,
2022-06-14,,0.83,3.49,,,2223.857,,0.69,
2022-06-15,,0.83,3.33,18020.5312,1472.8798,2162.924,,0.7,2727567.0
2022-06-16,,1.58,3.28,,,2178.382,,1.45,
2022-06-17,,1.58,3.25,,,2229.279,,1.45,
2022-06-18,,1.58,,,,,,,
2022-06-19,,1.58,,,,,,,
2022-06-20,,1.58,,,,,,,
2022-06-21,,1.58,3.31,,,2188.627,,1.45,
2022-06-22,,1.58,3.16,18061.4869,1469.0624,2259.458,,1.45,2728815.0
2022-06-23,,1.58,3.09,,,2285.442,,1.44,
2022-06-24,,1.58,3.13,,,2180.984,,1.46,
2022-06-25,,1.58,,,,,,,
2022-06-26,,1.58,,,,,,,
2022-06-27,,1.58,3.2,,,2155.942,,1.5,
2022-06-28,,1.58,3.2,,,2213.784,,1.52,
2022-06-29,,1.58,3.1,18007.0598,1465.3406,2226.976,,1.51,2709328.0
2022-06-30,,1.58,2.98,,,2329.743,,1.5,
2022-07-01,4987.4,1.58,2.88,,,2167.085,,1.52,
2022-07-02,,1.58,,,,,,,
2022-07-03,,1.58,,,,,,,
2022-07-04,,1.58,,,,,,,
2022-07-05,,1.58,2.82,,,2138.28,,1.54,
2022-07-06,,1.58,2.93,17995.2309,1479.8408,2168.026,,1.54,2709336.0
2022-07-07,,1.58,3.01,,,2172.457,,1.54,
2022-07-08,,1.58,3.09,,,2144.921,,1.53,
2022-07-09,,1.58,,,,,,,
2022-07-10,,1.58,,,,,,,
2022-07-11,,1.58,2.99,,,2164.266,,1.53,
2022-07-12,,1.58,2.96,,,2146.132,,1.54,
2022-07-13,,1.58,2.91,18016.8412,1496.7025,2155.29,,1.53,2709337.0
2022-07-14,,1.58,2.96,,,2207.121,,1.53,
2022-07-15,,1.58,2.93,,,2153.75,,1.54,
2022-07-16,,1.58,,,,,,,
2022-07-17,,1.58,,,,,,,
2022-07-18,,1.58,2.96,,,2190.375,,1.54,
2022-07-19,,1.58,3.01,,,2211.821,,1.54,
2022-07-20,,1.58,3.04,18026.8808,1506.2731,2240.204,,1.53,2726261.0
2022-07-21,,1.58,2.91,,,2271.756,,1.53,
2022-07-22,,1.58,2.77,,,2228.959,,1.52,
2022-07-23,,1.58,,,,,,,
2022-07-24,,1.58,,,,,,,
2022-07-25,,1.58,2.81,,,2192.367,,1.53,
2022-07-26,,1.58,2.81,,,2189.474,,1.53,
2022-07-27,,1.58,2.78,18080.8268,1493.4474,2188.994,,1.53,2717379.0
2022-07-28,,2.33,2.68,,,2239.883,,2.28,
2022-07-29,,2.32,2.67,,,2300.2,,2.27,
2022-07-30,,2.32,,,,,,,
2022-07-31,,2.32,,,,,,,
2022-08-01,5209.1,2.33,2.6,,,2161.885,,2.28,
2022-08-02,,2.33,2.75,,,2156.013,,2.3,
2022-08-03,,2.33,2.73,17995.7317,1516.8441,2182.238,,2.29,2717552.0
2022-08-04,,2.33,2.68,,,2191.546,,2.29,
2022-08-05,,2.33,2.83,,,2194.927,,2.28,
2022-08-06,,2.33,,,,,,,
2022-08-07,,2.33,,,,,,,
2022-08-08,,2.33,2.77,,,2195.692,,2.28,
2022-08-09,,2.33,2.8,,,2186.568,,2.29,
2022-08-10,,2.33,2.78,18033.6365,1524.7001,2177.646,,2.28,2717568.0
2022-08-11,,2.33,2.87,,,2199.247,,2.28,
2022-08-12,,2.33,2.84,,,2213.193,,2.28,
2022-08-13,,2.33,,,,,,,
2022-08-14,,2.33,,,,,,,
2022-08-15,,2.33,2.79,,,2175.857,,2.29,
2022-08-16,,2.33,2.82,,,2165.332,,2.29,
2022-08-17,,2.33,2.89,18031.8438,1535.8117,2199.631,,2.29,2727473.0
2022-08-18,,2.33,2.88,,,2218.161,,2.28,
2022-08-19,,2.33,2.98,,,2221.68,,2.28,
2022-08-20,,2.33,,,,,,,
2022-08-21,,2.33,,,,,,,
2022-08-22,,2.33,3.03,,,2235.665,,2.28,
2022-08-23,,2.33,3.05,,,2250.718,,2.27,
2022-08-24,,2.33,3.11,18058.7375,1549.1451,2237.072,,2.27,2725906.0
2022-08-25,,2.33,3.03,,,2187.907,,2.28,
2022-08-26,,2.33,3.04,,,2182.452,,2.28,
2022-08-27,,2.33,,,,,,,
2022-08-28,,2.33,,,,,,,
2022-08-29,,2.33,3.12,,,2205.188,,2.28,
2022-08-30,,2.33,3.11,,,2188.975,,2.29,
2022-08-31,,2.33,3.15,18013.7491,1575.1296,2251.025,,2.29,2709288.0
2022-09-01,5169.2,2.33,3.26,,,2173.156,,2.29,
2022-09-02,,2.33,3.2,,,2173.413,,2.29,
2022-09-03,,2.33,,,,,,,
2022-09-04,,2.33,,,,,,,
2022-09-05,,2.33,,,,,,,
2022-09-06,,2.33,3.33,,,2188.796,,2.29,
2022-09-07,,2.33,3.27,17948.7492,1567.0506,2206.987,,2.28,2709291.0
2022-09-08,,2.33,3.29,,,2210.466,,2.28,
2022-09-09,,2.33,3.33,,,2209.714,,2.28,
2022-09-10,,2.33,,,,,,,
2022-09-11,,2.33,,,,,,,
2022-09-12,,2.33,3.37,,,2218.546,,2.28,
2022-09-13,,2.33,3.42,,,2202.719,,2.28,
2022-09-14,,2.33,3.41,17964.257,1574.9857,2225.579,,2.27,2718526.0
2022-09-15,,2.33,3.45,,,2176.188,,2.28,
2022-09-16,,2.33,3.45,,,2186.833,,2.27,
2022-09-17,,2.33,,,,,,,
2022-09-18,,2.33,,,,,,,
2022-09-19,,2.33,3.49,,,2217.542,,2.27,
2022-09-20,,2.33,3.57,,,2238.87,,2.26,
2022-09-21,,2.33,3.51,17943.3631,1553.6469,2315.9,,2.25,2714887.0
2022-09-22,,3.08,3.7,,,2359.227,,2.99,
2022-09-23,,3.08,3.69,,,2319.361,,2.99,
2022-09-24,,3.08,,,,,,,
2022-09-25,,3.08,,,,,,,
2022-09-26,,3.08,3.88,,,2299.011,,2.99,
2022-09-27,,3.08,3.97,,,2327.111,,2.98,
2022-09-28,,3.08,3.72,17881.3593,1570.3714,2366.798,,2.98,2698158.0
2022-09-29,,3.08,3.76,,,2371.763,,2.96,
2022-09-30,,3.08,3.83,,,2425.91,,2.98,
2022-10-01,5111.4,3.08,,,,,,,
2022-10-02,,3.08,,,,,,,
2022-10-03,,3.08,3.67,,,2252.523,,3.0,
2022-10-04,,3.08,3.62,,,2233.616,,3.04,
2022-10-05,,3.08,3.76,17808.8,1521.0826,2230.799,,3.04,2698158.0
2022-10-06,,3.08,3.83,,,2232.801,,3.05,
2022-10-07,,3.08,3.89,,,2226.95,,3.05,
2022-10-08,,3.08,,,,,,,
2022-10-09,,3.08,,,,,,,
2022-10-10,,3.08,,,,,,,
2022-10-11,,3.08,3.93,,,2222.479,,3.05,
2022-10-12,,3.08,3.91,17793.9162,1527.6353,2247.206,,3.04,2698158.0
2022-10-13,,3.08,3.97,,,2244.1,,3.04,
2022-10-14,,3.08,4.0,,,2222.052,,3.04,
2022-10-15,,3.08,,,,,,,
2022-10-16,,3.08,,,,,,,
2022-10-17,,3.08,4.02,,,2172.301,,3.05,
2022-10-18,,3.08,4.01,,,2226.725,,3.04,
2022-10-19,,3.08,4.14,17780.5291,1541.8329,2241.835,,3.04,2698651.0
2022-10-20,,3.08,4.24,,,2234.071,,3.03,
2022-10-21,,3.08,4.21,,,2265.809,,3.02,
2022-10-22,,3.08,,,,,,,
2022-10-23,,3.08,,,,,,,
2022-10-24,,3.08,4.25,,,2242.044,,3.01,
2022-10-25,,3.08,4.1,,,2195.616,,3.02,
2022-10-26,,3.08,4.04,17804.0749,1542.4221,2186.856,,3.03,2678519.0
2022-10-27,,3.08,3.96,,,2152.485,,3.04,
2022-10-28,,3.08,4.02,,,2183.29,,3.05,
2022-10-29,,3.08,,,,,,,
2022-10-30,,3.08,,,,,,,
2022-10-31,,3.08,4.1,,,2275.459,,3.05,
2022-11-01,5117.6,3.08,4.07,,,2200.51,,3.05,
2022-11-02,,3.08,4.1,17723.0091,1553.894,2229.861,,3.05,2678523.0
2022-11-03,,3.83,4.14,,,2219.791,,3.8,
2022-11-04,,3.83,4.17,,,2230.84,,3.8,
2022-11-05,,3.83,,,,,,,
2022-11-06,,3.83,,,,,,,
2022-11-07,,3.83,4.22,,,2241.317,,3.78,
2022-11-08,,3.83,4.14,,,2232.555,,3.78,
2022-11-09,,3.83,4.12,17744.8643,1571.9959,2237.812,,3.78,2678524.0
2022-11-10,,3.83,3.82,,,2200.586,,3.78,
2022-11-11,,3.83,,,,,,,
2022-11-12,,3.83,,,,,,,
2022-11-13,,3.83,,,,,,,
2022-11-14,,3.83,3.88,,,2165.018,,3.79,
2022-11-15,,3.83,3.8,,,2086.574,,3.8,
2022-11-16,,3.83,3.67,17749.2996,1591.0464,2099.07,,3.81,2676881.0
2022-11-17,,3.83,3.77,,,2114.439,,3.8,
2022-11-18,,3.83,3.82,,,2113.413,,3.8,
2022-11-19,,3.83,,,,,,,
2022-11-20,,3.83,,,,,,,
2022-11-21,,3.83,3.83,,,2125.426,,3.8,
2022-11-22,,3.83,3.76,,,2103.932,,3.8,
2022-11-23,,3.83,3.71,17763.2654,1605.9385,2069.174,,3.79,2672083.0
2022-11-24,,3.83,,,,,,,
2022-11-25,,3.83,3.68,,,2031.066,,3.8,
2022-11-26,,3.83,,,,,,,
2022-11-27,,3.83,,,,,,,
2022-11-28,,3.83,3.69,,,2054.914,,3.8,
2022-11-29,,3.83,3.75,,,2064.377,,3.81,
2022-11-30,,3.83,3.68,17692.3394,1614.4026,2115.913,,3.82,2658756.0
2022-12-01,5042.9,3.83,3.53,,,2050.286,,3.82,
2022-12-02,,3.83,3.51,,,2049.763,,3.81,
2022-12-03,,3.83,,,,,,,
2022-12-04,,3.83,,,,,,,
2022-12-05,,3.83,3.6,,,2093.647,,3.81,
2022-12-06,,3.83,3.51,,,2111.465,,3.8,
2022-12-07,,3.83,3.42,17770.7016,1644.585,2151.549,,3.8,2658756.0
2022-12-08,,3.83,3.48,,,2175.973,,3.8,
2022-12-09,,3.83,3.57,,,2146.748,,3.8,
2022-12-10,,3.83,,,,,,,
2022-12-11,,3.83,,,,,,,
2022-12-12,,3.83,3.61,,,2158.517,,3.8,
2022-12-13,,3.83,3.51,,,2180.676,,3.8,
2022-12-14,,3.83,3.49,17759.109,1653.9478,2192.864,,3.8,2658633.0
2022-12-15,,4.33,3.44,,,2123.995,,4.32,
2022-12-16,,4.33,3.48,,,2126.54,,4.32,
2022-12-17,,4.33,,,,,,,
2022-12-18,,4.33,,,,,,,
2022-12-19,,4.33,3.57,,,2134.765,,4.3,
2022-12-20,,4.33,3.69,,,2159.408,,4.3,
2022-12-21,,4.33,3.68,17759.1335,1668.2748,2206.965,,4.3,2653222.0
2022-12-22,,4.33,3.67,,,2222.898,,4.3,
2022-12-23,,4.33,3.75,,,2216.348,,4.3,
2022-12-24,,4.33,,,,,,,
2022-12-25,,4.33,,,,,,,
2022-12-26,,4.33,,,,,,,
2022-12-27,,4.33,3.84,,,2221.259,,4.3,
2022-12-28,,4.33,3.88,17729.2174,1670.367,2293.003,,4.3,2641402.0
2022-12-29,,4.33,3.83,,,2308.319,,4.3,
2022-12-30,,4.33,3.88,,,2553.716,,4.3,
2022-12-31,,4.33,,,,,,,
2023-01-01,5070.8,4.33,,,,,,,
2023-01-02,,4.33,,,,,,,
2023-01-03,,4.33,3.79,,,2188.272,,4.31,
2023-01-04,,4.33,3.69,17761.0648,1698.839,2229.542,,4.3,2641402.0
2023-01-05,,4.33,3.71,,,2242.486,,4.31,
2023-01-06,,4.33,3.55,,,2208.265,,4.31,
2023-01-07,,4.33,,,,,,,
2023-01-08,,4.33,,,,,,,
2023-01-09,,4.33,3.53,,,2199.121,,4.31,
2023-01-10,,4.33,3.61,,,2192.942,,4.31,
2023-01-11,,4.33,3.54,17682.9945,1698.0402,2199.17,,4.3,2641402.0
2023-01-12,,4.33,3.43,,,2202.989,,4.3,
2023-01-13,,4.33,3.49,,,2179.781,,4.3,
2023-01-14,,4.33,,,,,,,
2023-01-15,,4.33,,,,,,,
2023-01-16,,4.33,,,,,,,
2023-01-17,,4.33,3.53,,,2093.328,,4.31,
2023-01-18,,4.33,3.37,17717.8365,1714.3467,2131.678,,4.3,2639940.0
2023-01-19,,4.33,3.39,,,2110.145,,4.31,
2023-01-20,,4.33,3.48,,,2090.523,,4.3,
2023-01-21,,4.33,,,,,,,
2023-01-22,,4.33,,,,,,,
2023-01-23,,4.33,3.52,,,2135.499,,4.3,
2023-01-24,,4.33,3.46,,,2048.386,,4.3,
2023-01-25,,4.33,3.46,17723.9678,1734.8141,2031.561,,4.31,2624735.0
2023-01-26,,4.33,3.49,,,2024.069,,4.3,
2023-01-27,,4.33,3.52,,,2003.634,,4.3,
2023-01-28,,4.33,,,,,,,
2023-01-29,,4.33,,,,,,,
2023-01-30,,4.33,3.55,,,2048.714,,4.3,
2023-01-31,,4.33,3.52,,,2061.572,,4.31,
2023-02-01,5143.4,4.33,3.39,17714.2629,1737.583,2038.262,,4.31,2624735.0
2023-02-02,,4.58,3.4,,,2050.063,,4.56,
2023-02-03,,4.58,3.53,,,2041.217,,4.55,
2023-02-04,,4.58,,,,,,,
2023-02-05,,4.58,,,,,,,
2023-02-06,,4.58,3.63,,,2072.261,,4.55,
2023-02-07,,4.58,3.67,,,2057.958,,4.55,
2023-02-08,,4.58,3.63,17678.7958,1755.6866,2059.604,,4.55,2624735.0
2023-02-09,,4.57,3.67,,,2058.942,,4.55,
2023-02-10,,4.58,3.74,,,2042.893,,4.55,
2023-02-11,,4.58,,,,,,,
2023-02-12,,4.58,,,,,,,
2023-02-13,,4.58,3.72,,,2107.775,,4.55,
2023-02-14,,4.58,3.77,,,2076.548,,4.55,
2023-02-15,,4.58,3.81,17692.3461,1774.4769,2011.998,,4.55,2623512.0
2023-02-16,,4.58,3.86,,,2032.457,,4.55,
2023-02-17,,4.58,3.82,,,2059.662,,4.55,
2023-02-18,,4.58,,,,,,,
2023-02-19,,4.58,,,,,,,
2023-02-20,,4.58,,,,,,,
2023-02-21,,4.58,3.95,,,2046.064,,4.55,
2023-02-22,,4.58,3.93,17662.6608,1790.0646,2113.849,,4.55,2620248.0
2023-02-23,,4.58,3.88,,,2147.417,,4.55,
2023-02-24,,4.58,3.95,,,2142.141,,4.55,
2023-02-25,,4.58,,,,,,,
2023-02-26,,4.58,,,,,,,
2023-02-27,,4.57,3.92,,,2162.435,,4.55,
2023-02-28,,4.57,3.92,,,2188.035,,4.55,
2023-03-01,5085.7,4.58,4.01,17651.1355,1810.2689,2133.95,,4.55,2610040.0
2023-03-02,,4.57,4.08,,,2192.355,,4.55,
2023-03-03,,4.57,3.97,,,2186.15,,4.55,
2023-03-04,,4.57,,,,,,,
2023-03-05,,4.57,,,,,,,
2023-03-06,,4.57,3.98,,,2190.793,,4.55,
2023-03-07,,4.57,3.97,,,2170.195,,4.55,
2023-03-08,,4.57,3.98,17569.2048,1834.8433,2193.237,,4.55,2610040.0
2023-03-09,,4.57,3.93,,,2229.623,,4.55,
2023-03-10,,4.57,3.7,,,2188.375,,4.55,
2023-03-11,,4.57,,,,,,,
2023-03-12,,4.57,,,,,,,
2023-03-13,,4.58,3.55,,,2126.677,,4.55,
2023-03-14,,4.58,3.64,,,2042.579,,4.55,
2023-03-15,,4.58,3.51,17432.754,1817.1125,2055.823,,4.58,2608741.0
2023-03-16,,4.58,3.56,,,2066.319,,4.57,
2023-03-17,,4.58,3.39,,,2106.166,,4.55,
2023-03-18,,4.58,,,,,,,
2023-03-19,,4.58,,,,,,,
2023-03-20,,4.58,3.47,,,2098.393,,4.55,
2023-03-21,,4.58,3.59,,,2194.631,,4.55,
2023-03-22,,4.58,3.48,17308.8433,1831.595,2279.608,,4.55,2605235.0
2023-03-23,,4.83,3.38,,,2233.956,,4.8,
2023-03-24,,4.83,3.38,,,2218.458,,4.8,
2023-03-25,,4.83,,,,,,,
2023-03-26,,4.83,,,,,,,
2023-03-27,,4.83,3.53,,,2220.131,,4.81,
2023-03-28,,4.83,3.55,,,2231.749,,4.84,
2023-03-29,,4.83,3.57,17253.8008,1842.6013,2264.862,,4.83,2594480.0
2023-03-30,,4.83,3.55,,,2271.531,,4.82,
2023-03-31,,4.83,3.48,,,2375.171,,4.87,
2023-04-01,4945.4,4.83,,,,,,,
2023-04-02,,4.83,,,,,,,
2023-04-03,,4.83,3.43,,,2221.01,,4.84,
2023-04-04,,4.83,3.35,,,2219.375,,4.83,
2023-04-05,,4.83,3.3,17272.6597,1842.4263,2243.011,,4.81,2594480.0
2023-04-06,,4.83,3.3,,,2173.663,,4.81,
2023-04-07,,4.83,3.39,,,,,,
2023-04-08,,4.83,,,,,,,
2023-04-09,,4.83,,,,,,,
2023-04-10,,4.83,3.41,,,2239.655,,4.81,
2023-04-11,,4.83,3.43,,,2297.208,,4.8,
2023-04-12,,4.83,3.41,17223.9541,1854.8342,2303.862,,4.8,2594480.0
2023-04-13,,4.83,3.45,,,2321.699,,4.8,
2023-04-14,,4.83,3.52,,,2253.786,,4.8,
2023-04-15,,4.83,,,,,,,
2023-04-16,,4.83,,,,,,,
2023-04-17,,4.83,3.6,,,2256.845,,4.8,
2023-04-18,,4.83,3.58,,,2238.994,,4.8,
2023-04-19,,4.83,3.6,17267.4176,1882.4905,2294.677,,4.8,2593042.0
2023-04-20,,4.83,3.54,,,2277.259,,4.8,
2023-04-21,,4.83,3.57,,,2290.023,,4.8,
2023-04-22,,4.83,,,,,,,
2023-04-23,,4.83,,,,,,,
2023-04-24,,4.83,3.52,,,2308.538,,4.8,
2023-04-25,,4.83,3.4,,,2275.402,,4.8,
2023-04-26,,4.83,3.43,17213.9013,1881.8983,2279.561,,4.8,2575776.0
2023-04-27,,4.83,3.53,,,2273.926,,4.81,
2023-04-28,,4.83,3.44,,,2325.479,,4.81,
2023-04-29,,4.83,,,,,,,
2023-04-30,,4.83,,,,,,,
2023-05-01,4957.9,4.83,3.59,,,2239.866,,4.81,
2023-05-02,,4.83,3.44,,,2267.13,,4.81,
2023-05-03,,4.83,3.38,17235.7637,1883.4254,2258.222,,4.81,2575780.0
2023-05-04,,5.08,3.37,,,2242.399,,5.06,
2023-05-05,,5.08,3.44,,,2207.415,,5.06,
2023-05-06,,5.08,,,,,,,
2023-05-07,,5.08,,,,,,,
2023-05-08,,5.08,3.52,,,2217.601,,5.06,
2023-05-09,,5.08,3.53,,,2222.864,,5.06,
2023-05-10,,5.08,3.43,17221.336,1877.2092,2233.149,,5.06,2575780.0
2023-05-11,,5.08,3.39,,,2242.243,,5.05,
2023-05-12,,5.08,3.46,,,2229.199,,5.05,
2023-05-13,,5.08,,,,,,,
2023-05-14,,5.08,,,,,,,
2023-05-15,,5.08,3.5,,,2220.927,,5.06,
2023-05-16,,5.08,3.54,,,2203.214,,5.05,
2023-05-17,,5.08,3.57,17233.4685,1893.4634,2213.676,,5.05,2574428.0
2023-05-18,,5.08,3.65,,,2238.266,,5.05,
2023-05-19,,5.08,3.7,,,2276.72,,5.05,
2023-05-20,,5.08,,,,,,,
2023-05-21,,5.08,,,,,,,
2023-05-22,,5.08,3.72,,,2275.311,,5.05,
2023-05-23,,5.08,3.7,,,2256.689,,5.05,
2023-05-24,,5.08,3.73,17291.85,1917.2416,2250.709,,5.05,2570425.0
2023-05-25,,5.08,3.83,,,2197.638,,5.06,
2023-05-26,,5.08,3.8,,,2189.681,,5.06,
2023-05-27,,5.08,,,,,,,
2023-05-28,,5.08,,,,,,,
2023-05-29,,5.08,,,,,,,
2023-05-30,,5.08,3.69,,,2200.479,,5.06,
2023-05-31,,5.08,3.64,17335.7454,1930.8892,2254.859,,5.08,2558236.0
2023-06-01,4941.2,5.08,3.61,,,2160.055,,5.08,
2023-06-02,,5.08,3.69,,,2142.102,,5.07,
2023-06-03,,5.08,,,,,,,
2023-06-04,,5.08,,,,,,,
2023-06-05,,5.08,3.69,,,2131.417,,5.06,
2023-06-06,,5.08,3.7,,,2134.638,,5.05,
2023-06-07,,5.08,3.79,17267.0981,1933.7315,2161.556,,5.05,2558236.0
2023-06-08,,5.08,3.73,,,2141.798,,5.05,
2023-06-09,,5.08,3.75,,,2127.652,,5.05,
2023-06-10,,5.08,,,,,,,
2023-06-11,,5.08,,,,,,,
2023-06-12,,5.08,3.73,,,2126.87,,5.05,
2023-06-13,,5.08,3.84,,,2074.52,,5.05,
2023-06-14,,5.08,3.83,17283.7613,1955.4607,2109.105,,5.05,2558172.0
2023-06-15,,5.07,3.72,,,1992.14,,5.06,
2023-06-16,,5.08,3.77,,,2011.556,,5.05,
2023-06-17,,5.08,,,,,,,
2023-06-18,,5.08,,,,,,,
2023-06-19,,5.08,,,,,,,
2023-06-20,,5.07,3.74,,,1989.489,,5.05,
2023-06-21,,5.07,3.72,17315.4375,1972.0716,2037.102,,5.05,2553350.0
2023-06-22,,5.07,3.8,,,1994.711,,5.05,
2023-06-23,,5.07,3.74,,,1969.38,,5.05,
2023-06-24,,5.07,,,,,,,
2023-06-25,,5.07,,,,,,,
2023-06-26,,5.07,3.72,,,1961.027,,5.05,
2023-06-27,,5.07,3.77,,,1951.098,,5.05,
2023-06-28,,5.07,3.71,17304.9461,1983.2914,1945.211,,5.06,2538138.0
2023-06-29,,5.07,3.85,,,1934.684,,5.06,
2023-06-30,,5.08,3.81,,,2034.319,,5.09,
2023-07-01,4941.5,5.08,,,,,,,
2023-07-02,,5.08,,,,,,,
2023-07-03,,5.08,3.86,,,1909.639,,5.06,
2023-07-04,,5.08,,,,,,,
2023-07-05,,5.08,3.95,17355.1085,1994.1924,1867.061,,5.06,2538138.0
2023-07-06,,5.08,4.05,,,1854.256,,5.06,
2023-07-07,,5.08,4.06,,,1822.303,,5.06,
2023-07-08,,5.08,,,,,,,
2023-07-09,,5.08,,,,,,,
2023-07-10,,5.07,4.01,,,1811.981,,5.06,
2023-07-11,,5.08,3.99,,,1775.796,,5.06,
2023-07-12,,5.08,3.86,17286.8194,2016.0253,1820.146,,5.05,2538138.0
2023-07-13,,5.08,3.76,,,1767.432,,5.06,
2023-07-14,,5.08,3.83,,,1740.777,,5.05,
2023-07-15,,5.08,,,,,,,
2023-07-16,,5.08,,,,,,,
2023-07-17,,5.08,3.81,,,1728.322,,5.06,
2023-07-18,,5.08,3.8,,,1716.862,,5.06,
2023-07-19,,5.08,3.75,17321.7247,2031.3706,1732.804,,5.05,2538059.0
2023-07-20,,5.08,3.85,,,1721.001,,5.06,
2023-07-21,,5.08,3.84,,,1770.752,,5.05,
2023-07-22,,5.08,,,,,,,
2023-07-23,,5.08,,,,,,,
2023-07-24,,5.08,3.86,,,1770.867,,5.05,
2023-07-25,,5.08,3.91,,,1720.716,,5.06,
2023-07-26,,5.08,3.86,17314.9769,2042.5556,1749.733,,5.06,2517559.0
2023-07-27,,5.33,4.01,,,1735.783,,5.31,
2023-07-28,,5.33,3.96,,,1730.227,,5.3,
2023-07-29,,5.33,,,,,,,
2023-07-30,,5.33,,,,,,,
2023-07-31,,5.33,3.97,,,1821.124,,5.31,
2023-08-01,4902.5,5.33,4.05,,,1739.554,,5.31,
2023-08-02,,5.33,4.08,17334.735,2049.5096,1770.186,,5.3,2517559.0
2023-08-03,,5.33,4.2,,,1776.774,,5.3,
2023-08-04,,5.33,4.05,,,1793.804,,5.3,
2023-08-05,,5.33,,,,,,,
2023-08-06,,5.33,,,,,,,
2023-08-07,,5.33,4.09,,,1810.583,,5.3,
2023-08-08,,5.33,4.02,,,1778.351,,5.3,
2023-08-09,,5.33,4.0,17340.7614,2065.3597,1796.519,,5.3,2517559.0
2023-08-10,,5.33,4.09,,,1759.897,,5.3,
2023-08-11,,5.33,4.16,,,1773.236,,5.3,
2023-08-12,,5.33,,,,,,,
2023-08-13,,5.33,,,,,,,
2023-08-14,,5.33,4.19,,,1799.311,,5.3,
2023-08-15,,5.33,4.21,,,1743.784,,5.3,
2023-08-16,,5.33,4.28,17300.9761,2078.7525,1796.725,,5.3,2517483.0
2023-08-17,,5.33,4.3,,,1794.12,,5.3,
2023-08-18,,5.33,4.26,,,1819.201,,5.3,
2023-08-19,,5.33,,,,,,,
2023-08-20,,5.33,,,,,,,
2023-08-21,,5.33,4.34,,,1824.788,,5.3,
2023-08-22,,5.33,4.34,,,1812.294,,5.3,
2023-08-23,,5.33,4.19,17343.8918,2087.745,1816.533,,5.3,2513140.0
2023-08-24,,5.33,4.23,,,1731.623,,5.3,
2023-08-25,,5.33,4.25,,,1687.379,,5.3,
2023-08-26,,5.33,,,,,,,
2023-08-27,,5.33,,,,,,,
2023-08-28,,5.33,4.2,,,1708.605,,5.3,
2023-08-29,,5.33,4.12,,,1693.278,,5.3,
2023-08-30,,5.33,4.12,17280.9123,2097.9505,1696.819,,5.3,2498870.0
2023-08-31,,5.33,4.09,,,1651.602,,5.31,
2023-09-01,4918.0,5.33,4.18,,,1574.065,,5.31,
2023-09-02,,5.33,,,,,,,
2023-09-03,,5.33,,,,,,,
2023-09-04,,5.33,,,,,,,
2023-09-05,,5.33,4.27,,,1568.49,,5.31,
2023-09-06,,5.33,4.3,17310.1899,2105.4098,1606.244,,5.3,2498870.0
2023-09-07,,5.33,4.27,,,1535.289,,5.31,
2023-09-08,,5.33,4.26,,,1525.403,,5.3,
2023-09-09,,5.33,,,,,,,
2023-09-10,,5.33,,,,,,,
2023-09-11,,5.33,4.29,,,1549.111,,5.3,
2023-09-12,,5.33,4.27,,,1493.781,,5.3,
2023-09-13,,5.33,4.25,17299.9576,2123.892,1546.225,,5.3,2498870.0
2023-09-14,,5.33,4.29,,,1492.427,,5.3,
2023-09-15,,5.33,4.33,,,1401.403,,5.31,
2023-09-16,,5.33,,,,,,,
2023-09-17,,5.33,,,,,,,
2023-09-18,,5.33,4.32,,,1452.942,,5.31,
2023-09-19,,5.33,4.37,,,1453.324,,5.31,
2023-09-20,,5.33,4.35,17342.4738,2144.4218,1486.984,,5.3,2494460.0
2023-09-21,,5.33,4.49,,,1454.115,,5.3,
2023-09-22,,5.33,4.44,,,1427.575,,5.3,
2023-09-23,,5.33,,,,,,,
2023-09-24,,5.33,,,,,,,
2023-09-25,,5.33,4.55,,,1437.31,,5.31,
2023-09-26,,5.33,4.56,,,1438.301,,5.31,
2023-09-27,,5.33,4.61,17356.2385,2142.1636,1442.805,,5.32,2479726.0
2023-09-28,,5.33,4.59,,,1453.366,,5.31,
2023-09-29,,5.33,4.59,,,1557.569,,5.31,
2023-09-30,,5.33,,,,,,,
2023-10-01,4928.5,5.33,,,,,,,
2023-10-02,,5.33,4.69,,,1365.739,,5.32,
2023-10-03,,5.33,4.81,,,1348.465,,5.33,
2023-10-04,,5.33,4.73,17355.2206,2176.7571,1342.031,,5.32,2479726.0
2023-10-05,,5.33,4.72,,,1265.132,,5.32,
2023-10-06,,5.33,4.78,,,1283.461,,5.31,
2023-10-07,,5.33,,,,,,,
2023-10-08,,5.33,,,,,,,
2023-10-09,,5.33,,,,,,,
2023-10-10,,5.33,4.66,,,1222.44,,5.31,
2023-10-11,,5.33,4.58,17359.1293,2181.4076,1239.382,,5.31,2479726.0
2023-10-12,,5.33,4.7,,,1157.319,,5.31,
2023-10-13,,5.33,4.63,,,1151.818,,5.31,
2023-10-14,,5.33,,,,,,,
2023-10-15,,5.33,,,,,,,
2023-10-16,,5.33,4.71,,,1108.819,,5.31,
2023-10-17,,5.33,4.83,,,1082.502,,5.31,
2023-10-18,,5.33,4.91,17288.824,2190.7429,1150.781,,5.3,2479652.0
2023-10-19,,5.33,4.98,,,1114.179,,5.3,
2023-10-20,,5.33,4.93,,,1138.756,,5.3,
2023-10-21,,5.33,,,,,,,
2023-10-22,,5.33,,,,,,,
2023-10-23,,5.33,4.86,,,1157.976,,5.3,
2023-10-24,,5.33,4.83,,,1097.875,,5.3,
2023-10-25,,5.33,4.95,17329.7876,2193.6246,1100.617,,5.3,2462907.0
2023-10-26,,5.33,4.86,,,1089.85,,5.31,
2023-10-27,,5.33,4.84,,,1091.858,,5.31,
2023-10-28,,5.33,,,,,,,
2023-10-29,,5.33,,,,,,,
2023-10-30,,5.33,4.88,,,1138.035,,5.31,
2023-10-31,,5.33,4.88,,,1137.697,,5.35,
2023-11-01,4935.2,5.33,4.77,17354.5271,2202.4727,1079.462,,5.32,2462907.0
2023-11-02,,5.33,4.67,,,1054.986,,5.33,
2023-11-03,,5.33,4.57,,,1071.139,,5.32,
2023-11-04,,5.33,,,,,,,
2023-11-05,,5.33,,,,,,,
2023-11-06,,5.33,4.67,,,1062.878,,5.32,
2023-11-07,,5.33,4.58,,,1008.685,,5.32,
2023-11-08,,5.33,4.49,17321.0368,2215.6507,1024.451,,5.32,2462907.0
2023-11-09,,5.33,4.62,,,993.314,,5.32,
2023-11-10,,5.33,4.61,,,1032.72,,5.32,
2023-11-11,,5.33,,,,,,,
2023-11-12,,5.33,,,,,,,
2023-11-13,,5.33,4.63,,,1020.272,,5.32,
2023-11-14,,5.33,4.44,,,988.298,,5.32,
2023-11-15,,5.33,4.53,17361.0653,2222.4461,944.241,,5.32,2462931.0
2023-11-16,,5.33,4.45,,,912.01,,5.32,
2023-11-17,,5.33,4.44,,,935.803,,5.32,
2023-11-18,,5.33,,,,,,,
2023-11-19,,5.33,,,,,,,
2023-11-20,,5.33,4.42,,,953.088,,5.31,
2023-11-21,,5.33,4.41,,,931.155,,5.31,
2023-11-22,,5.33,4.42,17362.0928,2224.7863,931.604,,5.31,2459595.0
2023-11-23,,5.33,,,,,,,
2023-11-24,,5.33,4.47,,,865.907,,5.32,
2023-11-25,,5.33,,,,,,,
2023-11-26,,5.33,,,,,,,
2023-11-27,,5.33,4.39,,,867.22,,5.32,
2023-11-28,,5.33,4.34,,,873.344,,5.32,
2023-11-29,,5.33,4.27,17307.2987,2224.8123,914.187,,5.31,2447035.0
2023-11-30,,5.33,4.37,,,887.822,,5.33,
2023-12-01,4941.5,5.33,4.22,,,768.543,,5.39,
2023-12-02,,5.33,,,,,,,
2023-12-03,,5.33,,,,,,,
2023-12-04,,5.33,4.28,,,815.847,,5.37,
2023-12-05,,5.33,4.18,,,834.428,,5.33,
2023-12-06,,5.33,4.12,17341.3377,2230.9801,846.498,,5.32,2447035.0
2023-12-07,,5.33,4.14,,,825.734,,5.32,
2023-12-08,,5.33,4.23,,,821.408,,5.32,
2023-12-09,,5.33,,,,,,,
2023-12-10,,5.33,,,,,,,
2023-12-11,,5.33,4.23,,,838.507,,5.32,
2023-12-12,,5.33,4.2,,,837.803,,5.31,
2023-12-13,,5.33,4.04,17349.8439,2232.6163,823.329,,5.31,2446901.0
2023-12-14,,5.33,3.92,,,769.346,,5.31,
2023-12-15,,5.33,3.91,,,683.254,,5.32,
2023-12-16,,5.33,,,,,,,
2023-12-17,,5.33,,,,,,,
2023-12-18,,5.33,3.95,,,724.704,,5.32,
2023-12-19,,5.33,3.93,,,773.082,,5.31,
2023-12-20,,5.33,3.86,17403.5213,2251.1981,779.143,,5.31,2443492.0
2023-12-21,,5.33,3.89,,,778.402,,5.31,
2023-12-22,,5.33,3.9,,,772.258,,5.32,
2023-12-23,,5.33,,,,,,,
2023-12-24,,5.33,,,,,,,
2023-12-25,,5.33,,,,,,,
2023-12-26,,5.33,3.89,,,793.937,,5.35,
2023-12-27,,5.33,3.79,17423.2843,2240.1435,818.869,,5.39,2431773.0
2023-12-28,,5.33,3.84,,,829.573,,5.4,
2023-12-29,,5.33,3.88,,,1018.483,,5.38,
2023-12-30,,5.33,,,,,,,
2023-12-31,,5.33,,,,,,,
2024-01-01,4988.1,5.33,,,,,,,
2024-01-02,,5.33,3.95,,,704.864,,5.4,
2024-01-03,,5.33,3.91,17431.1609,2272.0357,719.897,,5.39,2431773.0
2024-01-04,,5.33,3.99,,,664.899,,5.32,
2024-01-05,,5.33,4.05,,,694.478,,5.31,
2024-01-06,,5.33,,,,,,,
2024-01-07,,5.33,,,,,,,
2024-01-08,,5.33,4.01,,,691.485,,5.31,
2024-01-09,,5.33,4.02,,,676.05,,5.31,
2024-01-10,,5.33,4.04,17395.9219,2266.7834,679.961,,5.31,2431773.0
2024-01-11,,5.33,3.98,,,626.37,,5.31,
2024-01-12,,5.33,3.96,,,603.116,,5.31,
2024-01-13,,5.33,,,,,,,
2024-01-14,,5.33,,,,,,,
2024-01-15,,5.33,,,,,,,
2024-01-16,,5.33,4.07,,,583.103,,5.32,
2024-01-17,,5.33,4.1,17443.5234,2277.2612,590.191,,5.32,2431710.0
2024-01-18,,5.33,4.14,,,618.234,,5.31,
2024-01-19,,5.33,4.15,,,625.182,,5.31,
2024-01-20,,5.33,,,,,,,
2024-01-21,,5.33,,,,,,,
2024-01-22,,5.33,4.11,,,647.103,,5.31,
2024-01-23,,5.33,4.14,,,621.195,,5.31,
2024-01-24,,5.33,4.18,17409.0235,2279.7956,639.56,,5.31,2428644.0
2024-01-25,,5.33,4.14,,,557.687,,5.32,
2024-01-26,,5.33,4.15,,,570.828,,5.32,
2024-01-27,,5.33,,,,,,,
2024-01-28,,5.33,,,,,,,
2024-01-29,,5.33,4.08,,,581.41,,5.31,
2024-01-30,,5.33,4.06,,,577.755,,5.31,
2024-01-31,,5.33,3.99,17511.2002,2293.6072,615.379,,5.32,2417156.0
2024-02-01,5033.6,5.33,3.87,,,503.548,,5.32,
2024-02-02,,5.33,4.03,,,513.422,,5.32,
2024-02-03,,5.33,,,,,,,
2024-02-04,,5.33,,,,,,,
2024-02-05,,5.33,4.17,,,552.289,,5.31,
2024-02-06,,5.33,4.09,,,532.439,,5.31,
2024-02-07,,5.33,4.09,17470.8703,2286.1293,553.055,,5.31,2417156.0
2024-02-08,,5.33,4.15,,,535.705,,5.31,
2024-02-09,,5.33,4.17,,,569.175,,5.31,
2024-02-10,,5.33,,,,,,,
2024-02-11,,5.33,,,,,,,
2024-02-12,,5.33,4.17,,,581.568,,5.31,
2024-02-13,,5.33,4.31,,,553.684,,5.31,
2024-02-14,,5.33,4.27,17496.4248,2295.4992,575.332,,5.3,2417227.0
2024-02-15,,5.33,4.24,,,493.065,,5.31,
2024-02-16,,5.33,4.3,,,532.125,,5.3,
2024-02-17,,5.33,,,,,,,
2024-02-18,,5.33,,,,,,,
2024-02-19,,5.33,,,,,,,
2024-02-20,,5.33,4.27,,,530.879,,5.3,
2024-02-21,,5.33,4.32,17450.5089,2297.5171,574.882,,5.3,2414220.0
2024-02-22,,5.33,4.33,,,553.245,,5.3,
2024-02-23,,5.33,4.26,,,520.107,,5.31,
2024-02-24,,5.33,,,,,,,
2024-02-25,,5.33,,,,,,,
2024-02-26,,5.33,4.28,,,524.959,,5.31,
2024-02-27,,5.33,4.31,,,519.725,,5.31,
2024-02-28,,5.33,4.27,17479.8667,2309.9177,569.855,,5.31,2403235.0
2024-02-29,,5.33,4.25,,,502.074,,5.32,
2024-03-01,5059.5,5.33,4.19,,,441.265,,5.31,
2024-03-02,,5.33,,,,,,,
2024-03-03,,5.33,,,,,,,
2024-03-04,,5.33,4.22,,,439.793,,5.31,
2024-03-05,,5.33,4.13,,,444.474,,5.31,
2024-03-06,,5.33,4.11,17511.4105,2304.1225,456.847,,5.31,2403235.0
2024-03-07,,5.33,4.09,,,436.754,,5.31,
2024-03-08,,5.33,4.09,,,444.803,,5.31,
2024-03-09,,5.33,,,,,,,
2024-03-10,,5.33,,,,,,,
2024-03-11,,5.33,4.1,,,478.728,,5.31,
2024-03-12,,5.33,4.16,,,476.862,,5.31,
2024-03-13,,5.33,4.19,17542.758,2310.4475,521.738,,5.31,2403235.0
2024-03-14,,5.33,4.29,,,483.573,,5.31,
2024-03-15,,5.33,4.31,,,413.877,,5.31,
2024-03-16,,5.33,,,,,,,
2024-03-17,,5.33,,,,,,,
2024-03-18,,5.33,4.34,,,440.596,,5.31,
2024-03-19,,5.33,4.3,,,446.978,,5.31,
2024-03-20,,5.33,4.27,17557.6032,2312.67,496.245,,5.31,2399992.0
2024-03-21,,5.33,4.27,,,460.631,,5.31,
2024-03-22,,5.33,4.22,,,478.531,,5.31,
2024-03-23,,5.33,,,,,,,
2024-03-24,,5.33,,,,,,,
2024-03-25,,5.33,4.25,,,473.787,,5.31,
2024-03-26,,5.33,4.24,,,496.062,,5.32,
2024-03-27,,5.33,4.2,17601.6525,2305.614,518.357,,5.33,2388435.0
2024-03-28,,5.33,4.2,,,594.428,,5.34,
2024-03-29,,5.33,,,,,,,
2024-03-30,,5.33,,,,,,,
2024-03-31,,5.33,,,,,,,
2024-04-01,5145.7,5.33,4.33,,,441.903,,5.35,
2024-04-02,,5.33,4.36,,,448.424,,5.34,
2024-04-03,,5.33,4.36,17544.6451,2307.8471,436.631,,5.32,2388435.0
2024-04-04,,5.33,4.31,,,438.764,,5.32,
2024-04-05,,5.33,4.39,,,438.319,,5.32,
2024-04-06,,5.33,,,,,,,
2024-04-07,,5.33,,,,,,,
2024-04-08,,5.33,4.42,,,448.597,,5.31,
2024-04-09,,5.33,4.36,,,441.792,,5.31,
2024-04-10,,5.33,4.55,17557.1928,2314.3044,445.816,,5.31,2388435.0
2024-04-11,,5.33,4.56,,,455.361,,5.31,
2024-04-12,,5.33,4.5,,,407.322,,5.31,
2024-04-13,,5.33,,,,,,,
2024-04-14,,5.33,,,,,,,
2024-04-15,,5.33,4.63,,,327.066,,5.32,
2024-04-16,,5.33,4.67,,,371.554,,5.31,
2024-04-17,,5.33,4.59,17458.2896,2306.0615,440.508,,5.31,2388241.0
2024-04-18,,5.33,4.64,,,433.006,,5.3,
2024-04-19,,5.33,4.62,,,397.234,,5.31,
2024-04-20,,5.33,,,,,,,
2024-04-21,,5.33,,,,,,,
2024-04-22,,5.33,4.62,,,409.816,,5.31,
2024-04-23,,5.33,4.61,,,435.88,,5.31,
2024-04-24,,5.33,4.65,17562.1553,2306.4903,441.215,,5.31,2384720.0
2024-04-25,,5.33,4.7,,,443.928,,5.31,
2024-04-26,,5.33,4.67,,,464.912,,5.32,
2024-04-27,,5.33,,,,,,,
2024-04-28,,5.33,,,,,,,
2024-04-29,,5.33,4.63,,,505.53,,5.32,
2024-04-30,,5.33,4.69,,,534.234,,5.34,
2024-05-01,5134.9,5.33,4.63,17567.3544,2319.4829,438.148,,5.32,2372049.0
2024-05-02,,5.33,4.58,,,428.68,,5.31,
2024-05-03,,5.33,4.5,,,450.165,,5.31,
2024-05-04,,5.33,,,,,,,
2024-05-05,,5.33,,,,,,,
2024-05-06,,5.33,4.49,,,468.97,,5.31,
2024-05-07,,5.33,4.47,,,475.325,,5.31,
2024-05-08,,5.33,4.48,17562.5793,2327.3246,493.427,,5.31,2372049.0
2024-05-09,,5.33,4.45,,,458.55,,5.31,
2024-05-10,,5.33,4.5,,,486.434,,5.31,
2024-05-11,,5.33,,,,,,,
2024-05-12,,5.33,,,,,,,
2024-05-13,,5.33,4.48,,,492.068,,5.31,
2024-05-14,,5.33,4.45,,,468.344,,5.31,
2024-05-15,,5.33,4.36,17591.6352,2323.2443,443.779,,5.31,2371983.0
2024-05-16,,5.33,4.38,,,410.121,,5.31,
2024-05-17,,5.33,4.42,,,449.373,,5.31,
2024-05-18,,5.33,,,,,,,
2024-05-19,,5.33,,,,,,,
2024-05-20,,5.33,4.44,,,489.728,,5.31,
2024-05-21,,5.33,4.41,,,491.72,,5.31,
2024-05-22,,5.33,4.43,17586.4552,2329.4243,496.382,,5.31,2368240.0
2024-05-23,,5.33,4.47,,,467.398,,5.31,
2024-05-24,,5.33,4.46,,,431.239,,5.32,
2024-05-25,,5.33,,,,,,,
2024-05-26,,5.33,,,,,,,
2024-05-27,,5.33,,,,,,,
2024-05-28,,5.33,4.54,,,417.836,,5.32,
2024-05-29,,5.33,4.61,17561.531,2331.1468,459.314,,5.33,2354642.0
2024-05-30,,5.33,4.55,,,452.034,,5.33,
2024-05-31,,5.33,4.51,,,439.806,,5.34,
2024-06-01,5174.0,5.33,,,,,,,
2024-06-02,,5.33,,,,,,,
2024-06-03,,5.33,4.41,,,387.069,,5.35,
2024-06-04,,5.33,4.33,,,377.825,,5.33,
2024-06-05,,5.33,4.29,17596.5615,2328.8178,371.841,,5.33,2354642.0
2024-06-06,,5.33,4.28,,,378.125,,5.33,
2024-06-07,,5.33,4.43,,,395.462,,5.33,
2024-06-08,,5.33,,,,,,,
2024-06-09,,5.33,,,,,,,
2024-06-10,,5.33,4.47,,,416.481,,5.32,
2024-06-11,,5.33,4.39,,,410.449,,5.32,
2024-06-12,,5.33,4.31,17593.1235,2327.1248,447.574,,5.31,2354642.0
2024-06-13,,5.33,4.24,,,429.864,,5.31,
2024-06-14,,5.33,4.2,,,386.885,,5.31,
2024-06-15,,5.33,,,,,,,
2024-06-16,,5.33,,,,,,,
2024-06-17,,5.33,4.28,,,333.429,,5.33,
2024-06-18,,5.33,4.22,,,375.542,,5.33,
2024-06-19,,5.33,,17634.599,2322.865,,,,2354640.0
2024-06-20,,5.33,4.25,,,388.841,,5.32,
2024-06-21,,5.33,4.25,,,421.04,,5.31,
2024-06-22,,5.33,,,,,,,
2024-06-23,,5.33,,,,,,,
2024-06-24,,5.33,4.25,,,435.916,,5.31,
2024-06-25,,5.33,4.23,,,466.31,,5.33,
2024-06-26,,5.33,4.32,17600.3314,2330.8041,490.156,,5.34,2335997.0
2024-06-27,,5.33,4.29,,,531.692,,5.34,
2024-06-28,,5.33,4.36,,,664.57,,5.33,
2024-06-29,,5.33,,,,,,,
2024-06-30,,5.33,,,,,,,
2024-07-01,5199.3,5.33,4.48,,,451.783,,5.4,
2024-07-02,,5.33,4.43,,,443.369,,5.35,
2024-07-03,,5.33,4.36,17558.5088,2323.4177,425.898,,5.33,2335997.0
2024-07-04,,5.33,,,,,,,
2024-07-05,,5.33,4.28,,,390.632,,5.32,
2024-07-06,,5.33,,,,,,,
2024-07-07,,5.33,,,,,,,
2024-07-08,,5.33,4.28,,,415.257,,5.32,
2024-07-09,,5.33,4.3,,,423.152,,5.34,
2024-07-10,,5.33,4.28,17577.3163,2311.5157,422.147,,5.34,2335997.0
2024-07-11,,5.33,4.2,,,403.708,,5.34,
2024-07-12,,5.33,4.18,,,406.59,,5.34,
2024-07-13,,5.33,,,,,,,
2024-07-14,,5.33,,,,,,,
2024-07-15,,5.33,4.23,,,413.28,,5.34,
2024-07-16,,5.33,4.17,,,409.594,,5.35,
2024-07-17,,5.33,4.16,17588.5972,2311.3151,399.401,,5.35,2335932.0
2024-07-18,,5.33,4.2,,,391.652,,5.34,
2024-07-19,,5.33,4.25,,,379.801,,5.34,
2024-07-20,,5.33,,,,,,,
2024-07-21,,5.33,,,,,,,
2024-07-22,,5.33,4.26,,,395.901,,5.33,
2024-07-23,,5.33,4.25,,,389.837,,5.34,
2024-07-24,,5.33,4.28,17602.4522,2320.6547,399.121,,5.34,2332216.0
2024-07-25,,5.33,4.27,,,377.433,,5.35,
2024-07-26,,5.33,4.2,,,381.257,,5.35,
2024-07-27,,5.33,,,,,,,
2024-07-28,,5.33,,,,,,,
2024-07-29,,5.33,4.17,,,385.281,,5.33,
2024-07-30,,5.33,4.15,,,367.054,,5.33,
2024-07-31,,5.33,4.09,17676.4487,2327.3616,413.2,,5.38,2318190.0
2024-08-01,5242.9,5.33,3.99,,,348.885,,5.35,
2024-08-02,,5.33,3.8,,,338.473,,5.35,
2024-08-03,,5.33,,,,,,,
2024-08-04,,5.33,,,,,,,
2024-08-05,,5.33,3.78,,,316.246,,5.32,
2024-08-06,,5.33,3.9,,,291.958,,5.33,
2024-08-07,,5.33,3.96,17627.2576,2334.6952,286.66,,5.33,2318190.0
2024-08-08,,5.33,3.99,,,303.159,,5.34,
2024-08-09,,5.33,3.94,,,312.198,,5.34,
2024-08-10,,5.33,,,,,,,
2024-08-11,,5.33,,,,,,,
2024-08-12,,5.33,3.9,,,328.641,,5.34,
2024-08-13,,5.33,3.85,,,324.494,,5.34,
2024-08-14,,5.33,3.83,17648.4646,2323.9473,328.472,,5.33,2318124.0
2024-08-15,,5.33,3.92,,,307.141,,5.35,
2024-08-16,,5.33,3.89,,,330.317,,5.32,
2024-08-17,,5.33,,,,,,,
2024-08-18,,5.33,,,,,,,
2024-08-19,,5.33,3.86,,,333.583,,5.32,
2024-08-20,,5.33,3.82,,,310.819,,5.32,
2024-08-21,,5.33,3.79,17661.2949,2343.0928,321.329,,5.31,2314079.0
2024-08-22,,5.33,3.86,,,316.777,,5.31,
2024-08-23,,5.33,3.81,,,312.896,,5.33,
2024-08-24,,5.33,,,,,,,
2024-08-25,,5.33,,,,,,,
2024-08-26,,5.33,3.82,,,353.557,,5.34,
2024-08-27,,5.33,3.83,,,344.045,,5.35,
2024-08-28,,5.33,3.84,17664.2929,2352.7051,388.89,,5.35,2299798.0
2024-08-29,,5.33,3.87,,,383.434,,5.33,
2024-08-30,,5.33,3.91,,,433.13,,5.32,
2024-08-31,,5.33,,,,,,,
2024-09-01,5292.6,5.33,,,,,,,
2024-09-02,,5.33,,,,,,,
2024-09-03,,5.33,3.84,,,349.808,,5.34,
2024-09-04,,5.33,3.77,17722.5458,2358.194,337.312,,5.35,2299798.0
2024-09-05,,5.33,3.73,,,291.091,,5.35,
2024-09-06,,5.33,3.72,,,299.271,,5.34,
2024-09-07,,5.33,,,,,,,
2024-09-08,,5.33,,,,,,,
2024-09-09,,5.33,3.7,,,292.158,,5.34,
2024-09-10,,5.33,3.65,,,281.392,,5.33,
2024-09-11,,5.33,3.65,17705.4441,2367.9644,279.215,,5.32,2299798.0
2024-09-12,,5.33,3.68,,,294.464,,5.33,
2024-09-13,,5.33,3.66,,,284.951,,5.33,
2024-09-14,,5.33,,,,,,,
2024-09-15,,5.33,,,,,,,
2024-09-16,,5.33,3.63,,,239.386,,5.38,
2024-09-17,,5.33,3.65,,,256.337,,5.38,
2024-09-18,,5.33,3.7,17738.3951,2352.5817,305.831,,5.33,2299730.0
2024-09-19,,4.83,3.73,,,311.777,,4.82,
2024-09-20,,4.83,3.73,,,339.316,,4.83,
2024-09-21,,4.83,,,,,,,
2024-09-22,,4.83,,,,,,,
2024-09-23,,4.83,3.75,,,380.372,,4.83,
2024-09-24,,4.83,3.74,,,388.977,,4.84,
2024-09-25,,4.83,3.79,17744.6739,2369.6913,416.193,,4.84,2282078.0
2024-09-26,,4.83,3.79,,,424.916,,4.83,
2024-09-27,,4.83,3.75,,,436.518,,4.84,
2024-09-28,,4.83,,,,,,,
2024-09-29,,4.83,,,,,,,
2024-09-30,,4.83,3.81,,,465.638,,4.96,
2024-10-01,5311.6,4.83,3.74,,,375.221,,5.05,
2024-10-02,,4.83,3.79,17797.0846,2361.673,383.398,,4.92,2282078.0
2024-10-03,,4.83,3.85,,,341.248,,4.85,
2024-10-04,,4.83,3.98,,,330.012,,4.83,
2024-10-05,,4.83,,,,,,,
2024-10-06,,4.83,,,,,,,
2024-10-07,,4.83,4.03,,,322.948,,4.83,
2024-10-08,,4.83,4.04,,,325.355,,4.84,
2024-10-09,,4.83,4.06,17746.8917,2377.2336,343.448,,4.83,2282078.0
2024-10-10,,4.83,4.09,,,322.587,,4.82,
2024-10-11,,4.83,4.08,,,331.735,,4.81,
2024-10-12,,4.83,,,,,,,
2024-10-13,,4.83,,,,,,,
2024-10-14,,4.83,,,,,,,
2024-10-15,,4.83,4.03,,,286.398,,4.86,
2024-10-16,,4.83,4.02,17820.8294,2361.6193,272.028,,4.86,2282088.0
2024-10-17,,4.83,4.09,,,262.21,,4.85,
2024-10-18,,4.83,4.08,,,259.892,,4.84,
2024-10-19,,4.83,,,,,,,
2024-10-20,,4.83,,,,,,,
2024-10-21,,4.83,4.19,,,261.044,,4.82,
2024-10-22,,4.83,4.2,,,237.76,,4.83,
2024-10-23,,4.83,4.24,17809.8771,2364.2725,270.839,,4.83,2278616.0
2024-10-24,,4.83,4.21,,,202.798,,4.83,
2024-10-25,,4.83,4.25,,,227.0,,4.83,
2024-10-26,,4.83,,,,,,,
2024-10-27,,4.83,,,,,,,
2024-10-28,,4.83,4.28,,,251.032,,4.82,
2024-10-29,,4.83,4.28,,,244.841,,4.82,
2024-10-30,,4.83,4.29,17832.437,2377.9967,228.946,,4.81,2265963.0
2024-10-31,,4.83,4.28,,,201.278,,4.9,
2024-11-01,5375.3,4.83,4.37,,,155.476,,4.86,
2024-11-02,,4.83,,,,,,,
2024-11-03,,4.83,,,,,,,
2024-11-04,,4.83,4.31,,,171.885,,4.82,
2024-11-05,,4.83,4.26,,,144.243,,4.82,
2024-11-06,,4.83,4.42,17828.4149,2360.474,177.871,,4.81,2265963.0
2024-11-07,,4.83,4.31,,,159.002,,4.82,
2024-11-08,,4.58,4.3,,,163.621,,4.6,
2024-11-09,,4.58,,,,,,,
2024-11-10,,4.58,,,,,,,
2024-11-11,,4.58,,,,,,,
2024-11-12,,4.58,4.43,,,178.814,,4.6,
2024-11-13,,4.58,4.44,17834.3449,2363.9929,238.106,,4.59,2265963.0
2024-11-14,,4.58,4.43,,,214.509,,4.58,
2024-11-15,,4.58,4.43,,,172.4,,4.57,
2024-11-16,,4.58,,,,,,,
2024-11-17,,4.58,,,,,,,
2024-11-18,,4.58,4.42,,,200.03,,4.57,
2024-11-19,,4.58,4.39,,,200.664,,4.57,
2024-11-20,,4.58,4.41,17787.3214,2361.8253,217.793,,4.56,2262279.0
2024-11-21,,4.58,4.43,,,188.567,,4.57,
2024-11-22,,4.58,4.41,,,204.254,,4.57,
2024-11-23,,4.58,,,,,,,
2024-11-24,,4.58,,,,,,,
2024-11-25,,4.58,4.27,,,186.749,,4.58,
2024-11-26,,4.58,4.3,,,148.823,,4.58,
2024-11-27,,4.58,4.25,17880.1106,2371.4413,169.815,,4.57,2248982.0
2024-11-28,,4.58,,,,,,,
2024-11-29,,4.58,4.18,,,197.627,,4.59,
2024-11-30,,4.58,,,,,,,
2024-12-01,5392.5,4.58,,,,,,,
2024-12-02,,4.58,4.19,,,135.858,,4.64,
2024-12-03,,4.58,4.23,,,161.572,,4.64,
2024-12-04,,4.58,4.19,17827.7934,2355.3976,162.866,,4.59,2248982.0
2024-12-05,,4.58,4.17,,,131.964,,4.59,
2024-12-06,,4.58,4.15,,,130.014,,4.6,
2024-12-07,,4.58,,,,,,,
2024-12-08,,4.58,,,,,,,
2024-12-09,,4.58,4.2,,,153.029,,4.63,
2024-12-10,,4.58,4.22,,,174.842,,4.64,
2024-12-11,,4.58,4.26,17837.4063,2359.9369,180.12,,4.62,2248982.0
2024-12-12,,4.58,4.32,,,165.025,,4.62,
2024-12-13,,4.58,4.4,,,135.777,,4.6,
2024-12-14,,4.58,,,,,,,
2024-12-15,,4.58,,,,,,,
2024-12-16,,4.58,4.39,,,110.753,,4.65,
2024-12-17,,4.58,4.4,,,118.093,,4.62,
2024-12-18,,4.58,4.5,17810.4397,2350.0615,131.651,,4.57,2248787.0
2024-12-19,,4.33,4.57,,,112.417,,4.3,
2024-12-20,,4.33,4.52,,,98.356,,4.3,
2024-12-21,,4.33,,,,,,,
2024-12-22,,4.33,,,,,,,
2024-12-23,,4.33,4.59,,,116.004,,4.31,
2024-12-24,,4.33,4.59,,,180.989,,4.4,
2024-12-25,,4.33,,17863.2207,2377.11,,,,2245479.0
2024-12-26,,4.33,4.58,,,196.818,,4.53,
2024-12-27,,4.33,4.62,,,268.739,,4.46,
2024-12-28,,4.33,,,,,,,
2024-12-29,,4.33,,,,,,,
2024-12-30,,4.33,4.55,,,260.743,,4.37,
2024-12-31,,4.33,4.58,,,473.46,,4.49,
2025-01-01,5490.3,4.33,,17784.1084,2354.9943,,,,2233262.0
2025-01-02,,4.33,4.57,,,239.858,,4.4,
2025-01-03,,4.33,4.6,,,237.377,,4.31,
2025-01-04,,4.33,,,,,,,
2025-01-05,,4.33,,,,,,,
2025-01-06,,4.33,4.62,,,231.926,,4.27,
2025-01-07,,4.33,4.67,,,208.296,,4.27,
2025-01-08,,4.33,4.67,17893.8728,2345.2502,185.144,,4.29,2233262.0
2025-01-09,,4.33,4.68,,,168.225,,4.3,
2025-01-10,,4.33,4.77,,,178.8,,4.3,
2025-01-11,,4.33,,,,,,,
2025-01-12,,4.33,,,,,,,
2025-01-13,,4.33,4.79,,,183.669,,4.29,
2025-01-14,,4.33,4.78,,,160.219,,4.28,
2025-01-15,,4.33,4.66,17899.0973,2352.04,119.977,,4.28,2233205.0
2025-01-16,,4.33,4.61,,,94.489,,4.29,
2025-01-17,,4.33,4.61,,,118.327,,4.29,
2025-01-18,,4.33,,,,,,,
2025-01-19,,4.33,,,,,,,
2025-01-20,,4.33,,,,,,,
2025-01-21,,4.33,4.57,,,96.015,,4.29,
2025-01-22,,4.33,4.6,17960.8746,2335.259,123.981,,4.3,2229838.0
2025-01-23,,4.33,4.65,,,132.031,,4.35,
2025-01-24,,4.33,4.63,,,104.972,,4.34,
2025-01-25,,4.33,,,,,,,
2025-01-26,,4.33,,,,,,,
2025-01-27,,4.33,4.53,,,92.863,,4.34,
2025-01-28,,4.33,4.55,,,112.76,,4.35,
2025-01-29,,4.33,4.55,17909.6308,2336.0746,121.842,,4.35,2217559.0
2025-01-30,,4.33,4.52,,,125.965,,4.36,
2025-01-31,,4.33,4.58,,,187.913,,4.38,
2025-02-01,5530.8,4.33,,,,,,,
2025-02-02,,4.33,,,,,,,
2025-02-03,,4.33,4.54,,,97.781,,4.35,
2025-02-04,,4.33,4.52,,,85.654,,4.33,
2025-02-05,,4.33,4.43,17923.9406,2341.7762,78.788,,4.33,2217559.0
2025-02-06,,4.33,4.45,,,79.983,,4.36,
2025-02-07,,4.33,4.49,,,95.248,,4.35,
2025-02-08,,4.33,,,,,,,
2025-02-09,,4.33,,,,,,,
2025-02-10,,4.33,4.51,,,99.653,,4.35,
2025-02-11,,4.33,4.54,,,76.446,,4.34,
2025-02-12,,4.33,4.62,17917.4839,2350.5208,67.67,,4.32,2217559.0
2025-02-13,,4.33,4.52,,,67.82,,4.33,
2025-02-14,,4.33,4.47,,,58.77,,4.33,
2025-02-15,,4.33,,,,,,,
2025-02-16,,4.33,,,,,,,
2025-02-17,,4.33,,,,,,,
2025-02-18,,4.33,4.55,,,77.817,,4.37,
2025-02-19,,4.33,4.53,17962.4272,2344.5193,73.196,,4.35,2217572.0
2025-02-20,,4.33,4.5,,,63.207,,4.33,
2025-02-21,,4.33,4.42,,,68.983,,4.34,
2025-02-22,,4.33,,,,,,,
2025-02-23,,4.33,,,,,,,
2025-02-24,,4.33,4.4,,,76.818,,4.34,
2025-02-25,,4.33,4.3,,,96.0,,4.33,
2025-02-26,,4.33,4.25,17956.5562,2344.5777,126.058,,4.33,2203309.0
2025-02-27,,4.33,4.29,,,182.148,,4.36,
2025-02-28,,4.33,4.24,,,234.422,,4.39,
2025-03-01,5540.1,4.33,,,,,,,
2025-03-02,,4.33,,,,,,,
2025-03-03,,4.33,4.16,,,119.987,,4.33,
2025-03-04,,4.33,4.22,,,135.257,,4.33,
2025-03-05,,4.33,4.28,17963.6894,2339.6966,139.493,,4.34,2203309.0
2025-03-06,,4.33,4.29,,,129.269,,4.35,
2025-03-07,,4.33,4.32,,,136.305,,4.34,
2025-03-08,,4.33,,,,,,,
2025-03-09,,4.33,,,,,,,
2025-03-10,,4.33,4.22,,,129.054,,4.33,
2025-03-11,,4.33,4.28,,,137.31,,4.32,
2025-03-12,,4.33,4.32,17993.9422,2354.843,131.055,,4.31,2203309.0
2025-03-13,,4.33,4.27,,,113.435,,4.3,
2025-03-14,,4.33,4.31,,,126.234,,4.3,
2025-03-15,,4.33,,,,,,,
2025-03-16,,4.33,,,,,,,
2025-03-17,,4.33,4.31,,,89.496,,4.32,
2025-03-18,,4.33,4.29,,,149.503,,4.31,
2025-03-19,,4.33,4.25,18027.7426,2364.3174,193.378,,4.29,2203257.0
2025-03-20,,4.33,4.24,,,192.64,,4.29,
2025-03-21,,4.33,4.25,,,200.85,,4.3,
2025-03-22,,4.33,,,,,,,
2025-03-23,,4.33,,,,,,,
2025-03-24,,4.33,4.34,,,196.565,,4.31,
2025-03-25,,4.33,4.31,,,214.786,,4.33,
2025-03-26,,4.33,4.35,18066.6961,2358.8022,241.371,,4.35,2188999.0
2025-03-27,,4.33,4.38,,,291.785,,4.36,
2025-03-28,,4.33,4.27,,,286.575,,4.34,
2025-03-29,,4.33,,,,,,,
2025-03-30,,4.33,,,,,,,
2025-03-31,,4.33,4.23,,,399.167,,4.41,
2025-04-01,5516.1,4.33,4.17,,,230.063,,4.39,
2025-04-02,,4.33,4.2,18103.9356,2363.5425,233.488,,4.37,2188999.0
2025-04-03,,4.33,4.06,,,196.265,,4.39,
2025-04-04,,4.33,4.01,,,184.499,,4.35,
2025-04-05,,4.33,,,,,,,
2025-04-06,,4.33,,,,,,,
2025-04-07,,4.33,4.15,,,148.146,,4.33,
2025-04-08,,4.33,4.26,,,156.911,,4.4,
2025-04-09,,4.33,4.34,18073.0785,2349.849,168.115,,4.42,2188999.0
2025-04-10,,4.33,4.4,,,129.95,,4.37,
2025-04-11,,4.33,4.48,,,98.531,,4.33,
2025-04-12,,4.33,,,,,,,
2025-04-13,,4.33,,,,,,,
2025-04-14,,4.33,4.38,,,102.838,,4.33,
2025-04-15,,4.33,4.35,,,88.878,,4.36,
2025-04-16,,4.33,4.29,18097.9119,2340.4527,54.772,,4.31,2188873.0
2025-04-17,,4.33,4.34,,,58.6,,4.32,
2025-04-18,,4.33,,,,,,,
2025-04-19,,4.33,,,,,,,
2025-04-20,,4.33,,,,,,,
2025-04-21,,4.33,4.42,,,114.114,,4.32,
2025-04-22,,4.33,4.41,,,137.951,,4.3,
2025-04-23,,4.33,4.4,18094.7386,2340.9355,171.78,,4.28,2185406.0
2025-04-24,,4.33,4.32,,,130.004,,4.29,
2025-04-25,,4.33,4.29,,,94.021,,4.33,
2025-04-26,,4.33,,,,,,,
2025-04-27,,4.33,,,,,,,
2025-04-28,,4.33,4.23,,,148.649,,4.36,
2025-04-29,,4.33,4.19,,,157.537,,4.36,
2025-04-30,,4.33,4.17,18104.1305,2350.0253,250.601,,4.41,2172945.0
2025-05-01,5525.1,4.33,4.25,,,157.353,,4.39,
2025-05-02,,4.33,4.33,,,147.882,,4.36,
2025-05-03,,4.33,,,,,,,
2025-05-04,,4.33,,,,,,,
2025-05-05,,4.33,4.36,,,124.69,,4.33,
2025-05-06,,4.33,4.3,,,129.858,,4.32,
2025-05-07,,4.33,4.26,18131.6287,2362.74,154.859,,4.3,2172945.0
2025-05-08,,4.33,4.37,,,139.768,,4.29,
2025-05-09,,4.33,4.37,,,142.272,,4.28,
2025-05-10,,4.33,,,,,,,
2025-05-11,,4.33,,,,,,,
2025-05-12,,4.33,4.45,,,147.505,,4.28,
2025-05-13,,4.33,4.49,,,144.214,,4.3,
2025-05-14,,4.33,4.53,18145.8618,2373.4745,165.024,,4.29,2172945.0
2025-05-15,,4.33,4.45,,,109.436,,4.31,
2025-05-16,,4.33,4.43,,,136.799,,4.3,
2025-05-17,,4.33,,,,,,,
2025-05-18,,4.33,,,,,,,
2025-05-19,,4.33,4.46,,,180.417,,4.29,
2025-05-20,,4.33,4.48,,,136.033,,4.27,
2025-05-21,,4.33,4.58,18164.075,2374.1256,162.802,,4.26,2169296.0
2025-05-22,,4.33,4.54,,,173.018,,4.26,
2025-05-23,,4.33,4.51,,,154.841,,4.26,
2025-05-24,,4.33,,,,,,,
2025-05-25,,4.33,,,,,,,
2025-05-26,,4.33,,,,,,,
2025-05-27,,4.33,4.43,,,138.066,,4.31,
2025-05-28,,4.33,4.47,18180.1293,2368.7453,173.641,,4.33,2156161.0
2025-05-29,,4.33,4.43,,,165.66,,4.33,
2025-05-30,,4.33,4.41,,,315.657,,4.35,
2025-05-31,,4.33,,,,,,,
2025-06-01,5606.7,4.33,,,,,,,
2025-06-02,,4.33,4.46,,,135.841,,4.35,
2025-06-03,,4.33,4.46,,,153.177,,4.32,
2025-06-04,,4.33,4.37,18183.2264,2382.3926,168.882,,4.28,2156161.0
2025-06-05,,4.33,4.4,,,152.727,,4.29,
2025-06-06,,4.33,4.51,,,149.284,,4.29,
2025-06-07,,4.33,,,,,,,
2025-06-08,,4.33,,,,,,,
2025-06-09,,4.33,4.49,,,179.315,,4.29,
2025-06-10,,4.33,4.47,,,182.725,,4.28,
2025-06-11,,4.33,4.41,18230.2421,2386.0613,204.625,,4.28,2156161.0
2025-06-12,,4.33,4.36,,,181.417,,4.28,
2025-06-13,,4.33,4.41,,,168.645,,4.28,
2025-06-14,,4.33,,,,,,,
2025-06-15,,4.33,,,,,,,
2025-06-16,,4.33,4.46,,,140.759,,4.32,
2025-06-17,,4.33,4.39,,,168.939,,4.31,
2025-06-18,,4.33,4.38,18193.3772,2394.3389,205.05,,4.28,2156168.0
2025-06-19,,4.33,,,,,,,
2025-06-20,,4.33,4.38,,,138.283,,4.29,
2025-06-21,,4.33,,,,,,,
2025-06-22,,4.33,,,,,,,
2025-06-23,,4.33,4.34,,,165.319,,4.29,
2025-06-24,,4.33,4.3,,,187.367,,4.3,
2025-06-25,,4.33,4.29,18273.1106,2392.6547,210.879,,4.36,2138496.0
2025-06-26,,4.33,4.26,,,252.432,,4.4,
2025-06-27,,4.33,4.29,,,285.742,,4.39,
2025-06-28,,4.33,,,,,,,
2025-06-29,,4.33,,,,,,,
2025-06-30,,4.33,4.24,,,460.731,,4.45,
2025-07-01,5577.6,4.33,4.26,,,245.53,,4.44,
2025-07-02,,4.33,4.3,18296.5734,2401.5538,237.307,,4.4,2138496.0
2025-07-03,,4.33,4.35,,,214.665,,4.35,
2025-07-04,,4.33,,,,,,,
2025-07-05,,4.33,,,,,,,
2025-07-06,,4.33,,,,,,,
2025-07-07,,4.33,4.4,,,218.03,,4.33,
2025-07-08,,4.33,4.42,,,219.415,,4.34,
2025-07-09,,4.33,4.34,18261.2309,2396.4651,227.273,,4.32,2138496.0
2025-07-10,,4.33,4.35,,,183.339,,4.31,
2025-07-11,,4.33,4.43,,,181.637,,4.31,
2025-07-12,,4.33,,,,,,,
2025-07-13,,4.33,,,,,,,
2025-07-14,,4.33,4.43,,,217.841,,4.33,
2025-07-15,,4.33,4.5,,,198.277,,4.37,
2025-07-16,,4.33,4.46,18287.1484,2397.1173,197.086,,4.34,2138426.0
2025-07-17,,4.33,4.47,,,193.66,,4.34,
2025-07-18,,4.33,4.44,,,199.298,,4.3,
2025-07-19,,4.33,,,,,,,
2025-07-20,,4.33,,,,,,,
2025-07-21,,4.33,4.38,,,213.666,,4.28,
2025-07-22,,4.33,4.35,,,196.374,,4.28,
2025-07-23,,4.33,4.4,18315.9795,2403.6914,189.632,,4.28,2134784.0
2025-07-24,,4.33,4.43,,,132.186,,4.3,
2025-07-25,,4.33,4.4,,,150.509,,4.36,
2025-07-26,,4.33,,,,,,,
2025-07-27,,4.33,,,,,,,
2025-07-28,,4.33,4.42,,,170.463,,4.36,
2025-07-29,,4.33,4.34,,,171.018,,4.36,
2025-07-30,,4.33,4.38,18310.59,2408.4622,155.481,,4.32,2120672.0
2025-07-31,,4.33,4.37,,,214.445,,4.39,
2025-08-01,5613.8,4.33,4.23,,,97.426,,4.34,
2025-08-02,,4.33,,,,,,,
2025-08-03,,4.33,,,,,,,
2025-08-04,,4.33,4.22,,,125.73,,4.33,
2025-08-05,,4.33,4.22,,,84.356,,4.34,
2025-08-06,,4.33,4.22,18317.8202,2399.2526,91.966,,4.34,2120672.0
2025-08-07,,4.33,4.23,,,77.961,,4.35,
2025-08-08,,4.33,4.27,,,80.303,,4.35,
2025-08-09,,4.33,,,,,,,
2025-08-10,,4.33,,,,,,,
2025-08-11,,4.33,4.27,,,82.214,,4.34,
2025-08-12,,4.33,4.29,,,57.492,,4.36,
2025-08-13,,4.33,4.24,18354.7199,2402.9895,57.202,,4.33,2120606.0
2025-08-14,,4.33,4.29,,,28.818,,4.34,
2025-08-15,,4.33,4.33,,,33.757,,4.36,
2025-08-16,,4.33,,,,,,,
2025-08-17,,4.33,,,,,,,
2025-08-18,,4.33,4.34,,,38.24,,4.34,
2025-08-19,,4.33,4.3,,,22.344,,4.33,
2025-08-20,,4.33,4.29,18341.3908,2402.8011,34.999,,4.31,2116764.0
2025-08-21,,4.33,4.33,,,25.358,,4.32,
2025-08-22,,4.33,4.26,,,36.275,,4.36,
2025-08-23,,4.33,,,,,,,
2025-08-24,,4.33,,,,,,,
2025-08-25,,4.33,4.28,,,47.567,,4.37,
2025-08-26,,4.33,4.26,,,28.574,,4.38,
2025-08-27,,4.33,4.24,18370.598,2394.9548,34.744,,4.36,2102846.0
2025-08-28,,4.33,4.22,,,31.966,,4.34,
2025-08-29,,4.33,4.23,,,77.898,,4.34,
2025-08-30,,4.33,,,,,,,
2025-08-31,,4.33,,,,,,,
2025-09-01,5668.5,4.33,,,,,,,
2025-09-02,,4.33,4.28,,,21.066,,4.39,
2025-09-03,,4.33,4.22,18389.9035,2398.5549,17.923,,4.39,2102846.0
2025-09-04,,4.33,4.17,,,20.128,,4.41,
2025-09-05,,4.33,4.1,,,20.997,,4.42,
2025-09-06,,4.33,,,,,,,
2025-09-07,,4.33,,,,,,,
2025-09-08,,4.33,4.05,,,19.416,,4.4,
2025-09-09,,4.33,4.08,,,22.915,,4.4,
2025-09-10,,4.33,4.04,18400.7611,2392.942,29.4,,4.39,2102846.0
2025-09-11,,4.33,4.01,,,26.897,,4.41,
2025-09-12,,4.33,4.06,,,17.331,,4.42,
2025-09-13,,4.33,,,,,,,
2025-09-14,,4.33,,,,,,,
2025-09-15,,4.33,4.05,,,16.954,,4.51,
2025-09-16,,4.33,4.04,,,18.817,,4.39,
2025-09-17,,4.33,4.06,18373.8536,2384.7873,13.963,,4.38,2102783.0
2025-09-18,,4.08,4.11,,,13.707,,4.14,
2025-09-19,,4.08,4.14,,,11.363,,4.14,
2025-09-20,,4.08,,,,,,,
2025-09-21,,4.08,,,,,,,
2025-09-22,,4.09,4.15,,,14.173,,4.14,
2025-09-23,,4.09,4.12,,,14.402,,4.12,
2025-09-24,,4.09,4.16,18423.5964,2411.0679,29.172,,4.13,2099215.0
2025-09-25,,4.09,4.18,,,25.369,,4.18,
2025-09-26,,4.09,4.2,,,48.073,,4.16,
2025-09-27,,4.09,,,,,,,
2025-09-28,,4.09,,,,,,,
2025-09-29,,4.09,4.15,,,56.22,,4.13,
2025-09-30,,4.09,4.16,,,49.071,,4.24,
2025-10-01,5677.8,4.09,4.12,18524.352,2399.5489,10.179,,4.2,2085983.0
2025-10-02,,4.09,4.1,,,8.436,,4.2,
2025-10-03,,4.09,4.13,,,25.392,,4.18,
2025-10-04,,4.09,,,,,,,
2025-10-05,,4.09,,,,,,,
2025-10-06,,4.09,4.18,,,21.776,,4.15,
2025-10-07,,4.09,4.14,,,4.622,,4.14,
2025-10-08,,4.1,4.13,18439.9727,2413.6947,5.231,,4.12,2085983.0
2025-10-09,,4.1,4.14,,,4.496,,4.13,
2025-10-10,,4.1,4.05,,,4.124,,4.15,
2025-10-11,,4.1,,,,,,,
2025-10-12,,4.1,,,,,,,
2025-10-13,,4.1,,,,,,,
2025-10-14,,4.1,4.03,,,3.516,,4.19,
2025-10-15,,4.1,4.05,18512.4728,2400.4707,5.484,,4.29,2085996.0
2025-10-16,,4.11,3.99,,,6.96,,4.3,
2025-10-17,,4.11,4.02,,,4.102,,4.18,
2025-10-18,,4.11,,,,,,,
2025-10-19,,4.11,,,,,,,
2025-10-20,,4.11,4.0,,,5.931,,4.16,
2025-10-21,,4.11,3.98,,,4.699,,4.23,
2025-10-22,,4.11,3.97,18500.6091,2405.2057,4.005,,4.21,2082606.0
2025-10-23,,4.11,4.01,,,6.941,,4.24,
2025-10-24,,4.11,4.02,,,2.435,,4.24,
2025-10-25,,4.11,,,,,,,
2025-10-26,,4.11,,,,,,,
2025-10-27,,4.12,4.01,,,10.642,,4.27,
2025-10-28,,4.12,3.99,,,14.096,,4.31,
2025-10-29,,4.12,4.08,18426.0574,2395.473,19.504,,4.27,2069963.0
2025-10-30,,3.87,4.11,,,19.166,,4.04,
2025-10-31,,3.86,4.11,,,51.802,,4.22,
2025-11-01,6220.8,3.86,,,,,,,
2025-11-02,,3.86,,,,,,,
2025-11-03,,3.87,4.13,,,23.792,,4.13,
2025-11-04,,3.87,4.1,,,16.983,,4.0,
2025-11-05,,3.87,4.17,18399.3487,2408.1586,12.814,,3.91,2069963.0
2025-11-06,,3.87,4.11,,,10.754,,3.92,
2025-11-07,,3.87,4.11,,,4.903,,3.93,
2025-11-08,,3.87,,,,,,,
2025-11-09,,3.87,,,,,,,
2025-11-10,,3.87,4.13,,,7.152,,3.95,
2025-11-11,,3.87,,,,,,,
2025-11-12,,3.87,4.08,18507.9784,2400.7354,5.886,,3.98,2069963.0
2025-11-13,,3.88,4.11,,,3.761,,4.0,
2025-11-14,,3.88,4.14,,,1.559,,3.95,
2025-11-15,,3.88,,,,,,,
2025-11-16,,3.88,,,,,,,
2025-11-17,,3.88,4.13,,,3.172,,4.0,
2025-11-18,,3.88,4.12,,,0.905,,3.94,
2025-11-19,,3.88,4.13,18436.3673,2418.6366,1.129,,3.91,2069907.0
2025-11-20,,3.88,4.1,,,6.52,,3.91,
2025-11-21,,3.88,4.06,,,2.503,,3.93,
2025-11-22,,3.88,,,,,,,
2025-11-23,,3.88,,,,,,,
2025-11-24,,3.88,4.04,,,1.077,,3.96,
2025-11-25,,3.88,4.01,,,2.314,,4.01,
2025-11-26,,3.88,4.0,18530.8479,2426.2863,2.217,,4.05,2053665.0
2025-11-27,,3.88,,,,,,,
2025-11-28,,3.89,4.02,,,7.561,,4.12,
2025-11-29,,3.89,,,,,,,
2025-11-30,,3.89,,,,,,,
2025-12-01,6629.1,3.89,4.09,,,3.24,,4.12,
2025-12-02,,3.89,4.09,,,5.62,,4.01,
2025-12-03,,3.89,4.06,18483.7374,2426.2694,2.514,,3.95,2053665.0
2025-12-04,,3.89,4.11,,,2.233,,3.92,
2025-12-05,,3.89,4.14,,,1.485,,3.93,
2025-12-06,,3.89,,,,,,,
2025-12-07,,3.89,,,,,,,
2025-12-08,,3.89,4.17,,,1.703,,3.95,
2025-12-09,,3.89,4.18,,,3.211,,3.93,
2025-12-10,,3.89,4.13,18519.0427,2431.3072,5.045,,3.9,2053665.0
2025-12-11,,3.64,4.14,,,2.874,,3.66,
2025-12-12,,3.64,4.19,,,0.838,,3.67,
2025-12-13,,3.64,,,,,,,
2025-12-14,,3.64,,,,,,,
2025-12-15,,3.64,4.18,,,2.601,,3.75,
2025-12-16,,3.64,4.15,,,1.554,,3.69,
2025-12-17,,3.64,4.16,18542.2589,2441.7595,10.361,,3.69,2053476.0
2025-12-18,,3.64,4.12,,,11.708,,3.66,
2025-12-19,,3.64,4.16,,,3.047,,3.66,
2025-12-20,,3.64,,,,,,,
2025-12-21,,3.64,,,,,,,
2025-12-22,,3.64,4.17,,,1.523,,3.68,
2025-12-23,,3.64,4.18,,,5.893,,3.66,
2025-12-24,,3.64,4.15,18619.8737,2454.8291,4.803,,3.66,2050575.0
2025-12-25,,3.64,,,,,,,
2025-12-26,,3.64,4.14,,,20.339,,3.76,
2025-12-27,,3.64,,,,,,,
2025-12-28,,3.64,,,,,,,
2025-12-29,,3.64,4.12,,,10.551,,3.77,
2025-12-30,,3.64,4.14,,,12.605,,3.71,
2025-12-31,,3.64,4.18,18538.6767,2452.6349,105.993,,3.87,2039024.0
2026-01-01,,3.64,,,,,,,
2026-01-02,,3.64,4.19,,,5.667,,3.75,
2026-01-03,,3.64,,,,,,,
2026-01-04,,3.64,,,,,,,
2026-01-05,,3.64,4.17,,,6.485,,3.7,
2026-01-06,,3.64,4.18,,,2.582,,3.66,
2026-01-07,,3.64,4.15,18609.5152,2433.5129,4.582,,3.65,2039024.0
2026-01-08,,3.64,4.19,,,3.083,,3.64,
2026-01-09,,3.64,4.18,,,3.28,,3.64,
2026-01-10,,3.64,,,,,,,
2026-01-11,,3.64,,,,,,,
2026-01-12,,3.64,4.19,,,3.402,,3.64,
2026-01-13,,3.64,4.18,,,3.277,,3.65,
2026-01-14,,3.64,4.15,18619.6868,2439.5918,3.223,,3.64,2039024.0
2026-01-15,,3.64,4.17,,,2.003,,3.66,
2026-01-16,,3.64,4.24,,,1.222,,3.65,
2026-01-17,,3.64,,,,,,,
2026-01-18,,3.64,,,,,,,
2026-01-19,,3.64,,,,,,,
2026-01-20,,3.64,4.3,,,3.506,,3.64,
2026-01-21,,3.64,4.26,18610.2434,2440.3618,3.344,,3.63,2035840.0
2026-01-22,,3.64,4.26,,,2.058,,3.64,
2026-01-23,,3.64,4.24,,,0.927,,3.65,
2026-01-24,,3.64,,,,,,,
2026-01-25,,3.64,,,,,,,
2026-01-26,,3.64,4.22,,,1.489,,3.66,
2026-01-27,,3.64,4.24,,,1.253,,3.66,
2026-01-28,,3.64,4.26,18647.2697,2448.0921,1.103,,3.64,2023710.0
2026-01-29,,3.64,4.24,,,2.852,,3.65,
2026-01-30,,3.64,4.26,,,9.629,,3.68,
2026-01-31,,3.64,,,,,,,
2026-02-01,,3.64,,,,,,,
2026-02-02,,3.64,4.29,,,10.415,,3.69,
2026-02-03,,3.64,4.28,,,1.785,,3.69,
2026-02-04,,3.64,4.29,,,2.414,,3.65,2023710.0
2026-02-05,,3.64,4.21,,,1.748,,3.65,
2026-02-06,,3.64,4.22,,,3.111,,3.64,
2026-02-07,,3.64,,,,,,,
2026-02-08,,3.64,,,,,,,
2026-02-09,,3.64,4.22,,,1.306,,3.63,
2026-02-10,,3.64,4.16,,,1.447,,3.65,
2026-02-11,,,,,,1.048,,3.65,
